,experiment,component,rules,clauses_per_rule,total_clauses,test_case_number,delay_ms
0,test_10_2,test_runner,10,2,20,1,150.0
1,test_10_2,test_runner,10,2,20,2,62.0
2,test_10_2,test_runner,10,2,20,3,66.0
3,test_10_2,test_runner,10,2,20,4,65.0
4,test_10_2,test_runner,10,2,20,5,57.0
5,test_10_2,test_runner,10,2,20,6,60.0
6,test_10_2,test_runner,10,2,20,7,86.0
7,test_10_2,test_runner,10,2,20,8,58.0
8,test_10_2,test_runner,10,2,20,9,56.0
9,test_10_2,test_runner,10,2,20,10,53.0
10,test_10_2,test_runner,10,2,20,11,53.0
11,test_10_2,test_runner,10,2,20,12,50.0
12,test_10_2,test_runner,10,2,20,13,49.0
13,test_10_2,test_runner,10,2,20,14,50.0
14,test_10_2,test_runner,10,2,20,15,51.0
15,test_10_2,test_runner,10,2,20,16,54.0
16,test_10_2,test_runner,10,2,20,17,49.0
17,test_10_2,test_runner,10,2,20,18,51.0
18,test_10_2,test_runner,10,2,20,19,60.0
19,test_10_2,test_runner,10,2,20,20,48.0
20,test_10_2,test_runner,10,2,20,21,49.0
21,test_10_2,test_runner,10,2,20,22,49.0
22,test_10_2,test_runner,10,2,20,23,56.0
23,test_10_2,test_runner,10,2,20,24,46.0
24,test_10_2,test_runner,10,2,20,25,55.0
25,test_10_2,test_runner,10,2,20,26,47.0
26,test_10_2,test_runner,10,2,20,27,48.0
27,test_10_2,test_runner,10,2,20,28,46.0
28,test_10_2,test_runner,10,2,20,29,47.0
29,test_10_2,test_runner,10,2,20,30,49.0
30,test_10_2,test_runner,10,2,20,31,52.0
31,test_10_2,test_runner,10,2,20,32,46.0
32,test_10_2,test_runner,10,2,20,33,54.0
33,test_10_2,test_runner,10,2,20,34,51.0
34,test_10_2,test_runner,10,2,20,35,44.0
35,test_10_2,test_runner,10,2,20,36,43.0
36,test_10_2,test_runner,10,2,20,37,46.0
37,test_10_2,test_runner,10,2,20,38,48.0
38,test_10_2,test_runner,10,2,20,39,41.0
39,test_10_2,test_runner,10,2,20,40,45.0
40,test_10_2,test_runner,10,2,20,41,39.0
41,test_10_2,test_runner,10,2,20,42,43.0
42,test_10_2,test_runner,10,2,20,43,48.0
43,test_10_2,test_runner,10,2,20,44,41.0
44,test_10_2,test_runner,10,2,20,45,43.0
45,test_10_2,test_runner,10,2,20,46,39.0
46,test_10_2,test_runner,10,2,20,47,39.0
47,test_10_2,test_runner,10,2,20,48,39.0
48,test_10_2,test_runner,10,2,20,49,39.0
49,test_10_2,test_runner,10,2,20,50,43.0
50,test_15_2,test_runner,15,2,30,1,145.0
51,test_15_2,test_runner,15,2,30,2,64.0
52,test_15_2,test_runner,15,2,30,3,64.0
53,test_15_2,test_runner,15,2,30,4,60.0
54,test_15_2,test_runner,15,2,30,5,66.0
55,test_15_2,test_runner,15,2,30,6,72.0
56,test_15_2,test_runner,15,2,30,7,56.0
57,test_15_2,test_runner,15,2,30,8,60.0
58,test_15_2,test_runner,15,2,30,9,57.0
59,test_15_2,test_runner,15,2,30,10,57.0
60,test_15_2,test_runner,15,2,30,11,57.0
61,test_15_2,test_runner,15,2,30,12,48.0
62,test_15_2,test_runner,15,2,30,13,61.0
63,test_15_2,test_runner,15,2,30,14,51.0
64,test_15_2,test_runner,15,2,30,15,61.0
65,test_15_2,test_runner,15,2,30,16,66.0
66,test_15_2,test_runner,15,2,30,17,60.0
67,test_15_2,test_runner,15,2,30,18,62.0
68,test_15_2,test_runner,15,2,30,19,54.0
69,test_15_2,test_runner,15,2,30,20,54.0
70,test_15_2,test_runner,15,2,30,21,51.0
71,test_15_2,test_runner,15,2,30,22,58.0
72,test_15_2,test_runner,15,2,30,23,54.0
73,test_15_2,test_runner,15,2,30,24,51.0
74,test_15_2,test_runner,15,2,30,25,54.0
75,test_15_2,test_runner,15,2,30,26,56.0
76,test_15_2,test_runner,15,2,30,27,58.0
77,test_15_2,test_runner,15,2,30,28,53.0
78,test_15_2,test_runner,15,2,30,29,54.0
79,test_15_2,test_runner,15,2,30,30,58.0
80,test_15_2,test_runner,15,2,30,31,52.0
81,test_15_2,test_runner,15,2,30,32,53.0
82,test_15_2,test_runner,15,2,30,33,52.0
83,test_15_2,test_runner,15,2,30,34,54.0
84,test_15_2,test_runner,15,2,30,35,56.0
85,test_15_2,test_runner,15,2,30,36,53.0
86,test_15_2,test_runner,15,2,30,37,52.0
87,test_15_2,test_runner,15,2,30,38,51.0
88,test_15_2,test_runner,15,2,30,39,50.0
89,test_15_2,test_runner,15,2,30,40,50.0
90,test_15_2,test_runner,15,2,30,41,51.0
91,test_15_2,test_runner,15,2,30,42,57.0
92,test_15_2,test_runner,15,2,30,43,52.0
93,test_15_2,test_runner,15,2,30,44,49.0
94,test_15_2,test_runner,15,2,30,45,51.0
95,test_15_2,test_runner,15,2,30,46,50.0
96,test_15_2,test_runner,15,2,30,47,47.0
97,test_15_2,test_runner,15,2,30,48,46.0
98,test_15_2,test_runner,15,2,30,49,46.0
99,test_15_2,test_runner,15,2,30,50,48.0
100,test_10_4,test_runner,10,4,40,1,166.0
101,test_20_2,test_runner,20,2,40,1,158.0
102,test_10_4,test_runner,10,4,40,2,77.0
103,test_20_2,test_runner,20,2,40,2,76.0
104,test_10_4,test_runner,10,4,40,3,77.0
105,test_20_2,test_runner,20,2,40,3,65.0
106,test_10_4,test_runner,10,4,40,4,85.0
107,test_20_2,test_runner,20,2,40,4,71.0
108,test_10_4,test_runner,10,4,40,5,66.0
109,test_20_2,test_runner,20,2,40,5,67.0
110,test_10_4,test_runner,10,4,40,6,67.0
111,test_20_2,test_runner,20,2,40,6,65.0
112,test_10_4,test_runner,10,4,40,7,62.0
113,test_20_2,test_runner,20,2,40,7,61.0
114,test_10_4,test_runner,10,4,40,8,61.0
115,test_20_2,test_runner,20,2,40,8,58.0
116,test_10_4,test_runner,10,4,40,9,59.0
117,test_20_2,test_runner,20,2,40,9,59.0
118,test_10_4,test_runner,10,4,40,10,59.0
119,test_20_2,test_runner,20,2,40,10,57.0
120,test_10_4,test_runner,10,4,40,11,61.0
121,test_20_2,test_runner,20,2,40,11,54.0
122,test_10_4,test_runner,10,4,40,12,61.0
123,test_20_2,test_runner,20,2,40,12,56.0
124,test_10_4,test_runner,10,4,40,13,77.0
125,test_20_2,test_runner,20,2,40,13,45.0
126,test_10_4,test_runner,10,4,40,14,52.0
127,test_20_2,test_runner,20,2,40,14,52.0
128,test_10_4,test_runner,10,4,40,15,52.0
129,test_20_2,test_runner,20,2,40,15,45.0
130,test_10_4,test_runner,10,4,40,16,54.0
131,test_20_2,test_runner,20,2,40,16,55.0
132,test_10_4,test_runner,10,4,40,17,51.0
133,test_20_2,test_runner,20,2,40,17,50.0
134,test_10_4,test_runner,10,4,40,18,339.0
135,test_20_2,test_runner,20,2,40,18,50.0
136,test_10_4,test_runner,10,4,40,19,49.0
137,test_20_2,test_runner,20,2,40,19,55.0
138,test_10_4,test_runner,10,4,40,20,50.0
139,test_20_2,test_runner,20,2,40,20,51.0
140,test_10_4,test_runner,10,4,40,21,50.0
141,test_20_2,test_runner,20,2,40,21,53.0
142,test_10_4,test_runner,10,4,40,22,49.0
143,test_20_2,test_runner,20,2,40,22,52.0
144,test_10_4,test_runner,10,4,40,23,51.0
145,test_20_2,test_runner,20,2,40,23,48.0
146,test_10_4,test_runner,10,4,40,24,55.0
147,test_20_2,test_runner,20,2,40,24,48.0
148,test_10_4,test_runner,10,4,40,25,54.0
149,test_20_2,test_runner,20,2,40,25,48.0
150,test_10_4,test_runner,10,4,40,26,47.0
151,test_20_2,test_runner,20,2,40,26,49.0
152,test_10_4,test_runner,10,4,40,27,53.0
153,test_20_2,test_runner,20,2,40,27,49.0
154,test_10_4,test_runner,10,4,40,28,50.0
155,test_20_2,test_runner,20,2,40,28,49.0
156,test_10_4,test_runner,10,4,40,29,58.0
157,test_20_2,test_runner,20,2,40,29,49.0
158,test_10_4,test_runner,10,4,40,30,60.0
159,test_20_2,test_runner,20,2,40,30,47.0
160,test_10_4,test_runner,10,4,40,31,56.0
161,test_20_2,test_runner,20,2,40,31,50.0
162,test_10_4,test_runner,10,4,40,32,57.0
163,test_20_2,test_runner,20,2,40,32,50.0
164,test_10_4,test_runner,10,4,40,33,58.0
165,test_20_2,test_runner,20,2,40,33,49.0
166,test_10_4,test_runner,10,4,40,34,52.0
167,test_20_2,test_runner,20,2,40,34,48.0
168,test_10_4,test_runner,10,4,40,35,57.0
169,test_20_2,test_runner,20,2,40,35,46.0
170,test_10_4,test_runner,10,4,40,36,57.0
171,test_20_2,test_runner,20,2,40,36,50.0
172,test_10_4,test_runner,10,4,40,37,58.0
173,test_20_2,test_runner,20,2,40,37,57.0
174,test_10_4,test_runner,10,4,40,38,56.0
175,test_20_2,test_runner,20,2,40,38,49.0
176,test_10_4,test_runner,10,4,40,39,54.0
177,test_20_2,test_runner,20,2,40,39,40.0
178,test_10_4,test_runner,10,4,40,40,58.0
179,test_20_2,test_runner,20,2,40,40,44.0
180,test_10_4,test_runner,10,4,40,41,58.0
181,test_20_2,test_runner,20,2,40,41,47.0
182,test_10_4,test_runner,10,4,40,42,54.0
183,test_20_2,test_runner,20,2,40,42,41.0
184,test_10_4,test_runner,10,4,40,43,55.0
185,test_20_2,test_runner,20,2,40,43,39.0
186,test_10_4,test_runner,10,4,40,44,56.0
187,test_20_2,test_runner,20,2,40,44,46.0
188,test_10_4,test_runner,10,4,40,45,59.0
189,test_20_2,test_runner,20,2,40,45,43.0
190,test_10_4,test_runner,10,4,40,46,54.0
191,test_20_2,test_runner,20,2,40,46,42.0
192,test_10_4,test_runner,10,4,40,47,55.0
193,test_20_2,test_runner,20,2,40,47,43.0
194,test_10_4,test_runner,10,4,40,48,52.0
195,test_20_2,test_runner,20,2,40,48,43.0
196,test_10_4,test_runner,10,4,40,49,54.0
197,test_20_2,test_runner,20,2,40,49,45.0
198,test_10_4,test_runner,10,4,40,50,53.0
199,test_20_2,test_runner,20,2,40,50,43.0
200,test_25_2,test_runner,25,2,50,1,163.0
201,test_25_2,test_runner,25,2,50,2,74.0
202,test_25_2,test_runner,25,2,50,3,76.0
203,test_25_2,test_runner,25,2,50,4,67.0
204,test_25_2,test_runner,25,2,50,5,67.0
205,test_25_2,test_runner,25,2,50,6,77.0
206,test_25_2,test_runner,25,2,50,7,55.0
207,test_25_2,test_runner,25,2,50,8,54.0
208,test_25_2,test_runner,25,2,50,9,50.0
209,test_25_2,test_runner,25,2,50,10,61.0
210,test_25_2,test_runner,25,2,50,11,59.0
211,test_25_2,test_runner,25,2,50,12,59.0
212,test_25_2,test_runner,25,2,50,13,52.0
213,test_25_2,test_runner,25,2,50,14,57.0
214,test_25_2,test_runner,25,2,50,15,55.0
215,test_25_2,test_runner,25,2,50,16,57.0
216,test_25_2,test_runner,25,2,50,17,50.0
217,test_25_2,test_runner,25,2,50,18,51.0
218,test_25_2,test_runner,25,2,50,19,52.0
219,test_25_2,test_runner,25,2,50,20,54.0
220,test_25_2,test_runner,25,2,50,21,56.0
221,test_25_2,test_runner,25,2,50,22,58.0
222,test_25_2,test_runner,25,2,50,23,51.0
223,test_25_2,test_runner,25,2,50,24,55.0
224,test_25_2,test_runner,25,2,50,25,53.0
225,test_25_2,test_runner,25,2,50,26,53.0
226,test_25_2,test_runner,25,2,50,27,57.0
227,test_25_2,test_runner,25,2,50,28,45.0
228,test_25_2,test_runner,25,2,50,29,44.0
229,test_25_2,test_runner,25,2,50,30,51.0
230,test_25_2,test_runner,25,2,50,31,44.0
231,test_25_2,test_runner,25,2,50,32,49.0
232,test_25_2,test_runner,25,2,50,33,47.0
233,test_25_2,test_runner,25,2,50,34,46.0
234,test_25_2,test_runner,25,2,50,35,45.0
235,test_25_2,test_runner,25,2,50,36,48.0
236,test_25_2,test_runner,25,2,50,37,45.0
237,test_25_2,test_runner,25,2,50,38,47.0
238,test_25_2,test_runner,25,2,50,39,45.0
239,test_25_2,test_runner,25,2,50,40,45.0
240,test_25_2,test_runner,25,2,50,41,46.0
241,test_25_2,test_runner,25,2,50,42,45.0
242,test_25_2,test_runner,25,2,50,43,44.0
243,test_25_2,test_runner,25,2,50,44,46.0
244,test_25_2,test_runner,25,2,50,45,46.0
245,test_25_2,test_runner,25,2,50,46,45.0
246,test_25_2,test_runner,25,2,50,47,47.0
247,test_25_2,test_runner,25,2,50,48,44.0
248,test_25_2,test_runner,25,2,50,49,46.0
249,test_25_2,test_runner,25,2,50,50,45.0
250,test_10_6,test_runner,10,6,60,1,202.0
251,test_15_4,test_runner,15,4,60,1,190.0
252,test_30_2,test_runner,30,2,60,1,173.0
253,test_10_6,test_runner,10,6,60,2,95.0
254,test_15_4,test_runner,15,4,60,2,85.0
255,test_30_2,test_runner,30,2,60,2,96.0
256,test_10_6,test_runner,10,6,60,3,81.0
257,test_15_4,test_runner,15,4,60,3,75.0
258,test_30_2,test_runner,30,2,60,3,83.0
259,test_10_6,test_runner,10,6,60,4,84.0
260,test_15_4,test_runner,15,4,60,4,71.0
261,test_30_2,test_runner,30,2,60,4,64.0
262,test_10_6,test_runner,10,6,60,5,88.0
263,test_15_4,test_runner,15,4,60,5,73.0
264,test_30_2,test_runner,30,2,60,5,73.0
265,test_10_6,test_runner,10,6,60,6,75.0
266,test_15_4,test_runner,15,4,60,6,65.0
267,test_30_2,test_runner,30,2,60,6,72.0
268,test_10_6,test_runner,10,6,60,7,80.0
269,test_15_4,test_runner,15,4,60,7,70.0
270,test_30_2,test_runner,30,2,60,7,59.0
271,test_10_6,test_runner,10,6,60,8,61.0
272,test_15_4,test_runner,15,4,60,8,69.0
273,test_30_2,test_runner,30,2,60,8,70.0
274,test_10_6,test_runner,10,6,60,9,63.0
275,test_15_4,test_runner,15,4,60,9,73.0
276,test_30_2,test_runner,30,2,60,9,65.0
277,test_10_6,test_runner,10,6,60,10,66.0
278,test_15_4,test_runner,15,4,60,10,71.0
279,test_30_2,test_runner,30,2,60,10,55.0
280,test_10_6,test_runner,10,6,60,11,58.0
281,test_15_4,test_runner,15,4,60,11,61.0
282,test_30_2,test_runner,30,2,60,11,70.0
283,test_10_6,test_runner,10,6,60,12,59.0
284,test_15_4,test_runner,15,4,60,12,58.0
285,test_30_2,test_runner,30,2,60,12,63.0
286,test_10_6,test_runner,10,6,60,13,59.0
287,test_15_4,test_runner,15,4,60,13,62.0
288,test_30_2,test_runner,30,2,60,13,65.0
289,test_10_6,test_runner,10,6,60,14,62.0
290,test_15_4,test_runner,15,4,60,14,63.0
291,test_30_2,test_runner,30,2,60,14,65.0
292,test_10_6,test_runner,10,6,60,15,61.0
293,test_15_4,test_runner,15,4,60,15,70.0
294,test_30_2,test_runner,30,2,60,15,67.0
295,test_10_6,test_runner,10,6,60,16,65.0
296,test_15_4,test_runner,15,4,60,16,67.0
297,test_30_2,test_runner,30,2,60,16,67.0
298,test_10_6,test_runner,10,6,60,17,59.0
299,test_15_4,test_runner,15,4,60,17,66.0
300,test_30_2,test_runner,30,2,60,17,67.0
301,test_10_6,test_runner,10,6,60,18,58.0
302,test_15_4,test_runner,15,4,60,18,66.0
303,test_30_2,test_runner,30,2,60,18,64.0
304,test_10_6,test_runner,10,6,60,19,63.0
305,test_15_4,test_runner,15,4,60,19,67.0
306,test_30_2,test_runner,30,2,60,19,61.0
307,test_10_6,test_runner,10,6,60,20,62.0
308,test_15_4,test_runner,15,4,60,20,70.0
309,test_30_2,test_runner,30,2,60,20,64.0
310,test_10_6,test_runner,10,6,60,21,60.0
311,test_15_4,test_runner,15,4,60,21,61.0
312,test_30_2,test_runner,30,2,60,21,385.0
313,test_10_6,test_runner,10,6,60,22,57.0
314,test_15_4,test_runner,15,4,60,22,66.0
315,test_30_2,test_runner,30,2,60,22,65.0
316,test_10_6,test_runner,10,6,60,23,59.0
317,test_15_4,test_runner,15,4,60,23,64.0
318,test_30_2,test_runner,30,2,60,23,72.0
319,test_10_6,test_runner,10,6,60,24,69.0
320,test_15_4,test_runner,15,4,60,24,70.0
321,test_30_2,test_runner,30,2,60,24,65.0
322,test_10_6,test_runner,10,6,60,25,59.0
323,test_15_4,test_runner,15,4,60,25,66.0
324,test_30_2,test_runner,30,2,60,25,65.0
325,test_10_6,test_runner,10,6,60,26,56.0
326,test_15_4,test_runner,15,4,60,26,64.0
327,test_30_2,test_runner,30,2,60,26,56.0
328,test_10_6,test_runner,10,6,60,27,61.0
329,test_15_4,test_runner,15,4,60,27,64.0
330,test_30_2,test_runner,30,2,60,27,58.0
331,test_10_6,test_runner,10,6,60,28,55.0
332,test_15_4,test_runner,15,4,60,28,62.0
333,test_30_2,test_runner,30,2,60,28,61.0
334,test_10_6,test_runner,10,6,60,29,51.0
335,test_15_4,test_runner,15,4,60,29,53.0
336,test_30_2,test_runner,30,2,60,29,59.0
337,test_10_6,test_runner,10,6,60,30,52.0
338,test_15_4,test_runner,15,4,60,30,53.0
339,test_30_2,test_runner,30,2,60,30,52.0
340,test_10_6,test_runner,10,6,60,31,53.0
341,test_15_4,test_runner,15,4,60,31,59.0
342,test_30_2,test_runner,30,2,60,31,55.0
343,test_10_6,test_runner,10,6,60,32,56.0
344,test_15_4,test_runner,15,4,60,32,61.0
345,test_30_2,test_runner,30,2,60,32,53.0
346,test_10_6,test_runner,10,6,60,33,52.0
347,test_15_4,test_runner,15,4,60,33,59.0
348,test_30_2,test_runner,30,2,60,33,52.0
349,test_10_6,test_runner,10,6,60,34,51.0
350,test_15_4,test_runner,15,4,60,34,50.0
351,test_30_2,test_runner,30,2,60,34,56.0
352,test_10_6,test_runner,10,6,60,35,52.0
353,test_15_4,test_runner,15,4,60,35,54.0
354,test_30_2,test_runner,30,2,60,35,53.0
355,test_10_6,test_runner,10,6,60,36,53.0
356,test_15_4,test_runner,15,4,60,36,53.0
357,test_30_2,test_runner,30,2,60,36,51.0
358,test_10_6,test_runner,10,6,60,37,50.0
359,test_15_4,test_runner,15,4,60,37,52.0
360,test_30_2,test_runner,30,2,60,37,54.0
361,test_10_6,test_runner,10,6,60,38,49.0
362,test_15_4,test_runner,15,4,60,38,53.0
363,test_30_2,test_runner,30,2,60,38,52.0
364,test_10_6,test_runner,10,6,60,39,52.0
365,test_15_4,test_runner,15,4,60,39,56.0
366,test_30_2,test_runner,30,2,60,39,57.0
367,test_10_6,test_runner,10,6,60,40,54.0
368,test_15_4,test_runner,15,4,60,40,51.0
369,test_30_2,test_runner,30,2,60,40,66.0
370,test_10_6,test_runner,10,6,60,41,49.0
371,test_15_4,test_runner,15,4,60,41,55.0
372,test_30_2,test_runner,30,2,60,41,51.0
373,test_10_6,test_runner,10,6,60,42,55.0
374,test_15_4,test_runner,15,4,60,42,61.0
375,test_30_2,test_runner,30,2,60,42,56.0
376,test_10_6,test_runner,10,6,60,43,48.0
377,test_15_4,test_runner,15,4,60,43,57.0
378,test_30_2,test_runner,30,2,60,43,56.0
379,test_10_6,test_runner,10,6,60,44,51.0
380,test_15_4,test_runner,15,4,60,44,55.0
381,test_30_2,test_runner,30,2,60,44,51.0
382,test_10_6,test_runner,10,6,60,45,48.0
383,test_15_4,test_runner,15,4,60,45,54.0
384,test_30_2,test_runner,30,2,60,45,55.0
385,test_10_6,test_runner,10,6,60,46,51.0
386,test_15_4,test_runner,15,4,60,46,56.0
387,test_30_2,test_runner,30,2,60,46,53.0
388,test_10_6,test_runner,10,6,60,47,50.0
389,test_15_4,test_runner,15,4,60,47,55.0
390,test_30_2,test_runner,30,2,60,47,54.0
391,test_10_6,test_runner,10,6,60,48,48.0
392,test_15_4,test_runner,15,4,60,48,50.0
393,test_30_2,test_runner,30,2,60,48,52.0
394,test_10_6,test_runner,10,6,60,49,49.0
395,test_15_4,test_runner,15,4,60,49,54.0
396,test_30_2,test_runner,30,2,60,49,50.0
397,test_10_6,test_runner,10,6,60,50,54.0
398,test_15_4,test_runner,15,4,60,50,54.0
399,test_30_2,test_runner,30,2,60,50,49.0
400,test_35_2,test_runner,35,2,70,1,202.0
401,test_35_2,test_runner,35,2,70,2,100.0
402,test_35_2,test_runner,35,2,70,3,72.0
403,test_35_2,test_runner,35,2,70,4,84.0
404,test_35_2,test_runner,35,2,70,5,75.0
405,test_35_2,test_runner,35,2,70,6,78.0
406,test_35_2,test_runner,35,2,70,7,67.0
407,test_35_2,test_runner,35,2,70,8,62.0
408,test_35_2,test_runner,35,2,70,9,65.0
409,test_35_2,test_runner,35,2,70,10,64.0
410,test_35_2,test_runner,35,2,70,11,67.0
411,test_35_2,test_runner,35,2,70,12,65.0
412,test_35_2,test_runner,35,2,70,13,65.0
413,test_35_2,test_runner,35,2,70,14,64.0
414,test_35_2,test_runner,35,2,70,15,62.0
415,test_35_2,test_runner,35,2,70,16,61.0
416,test_35_2,test_runner,35,2,70,17,64.0
417,test_35_2,test_runner,35,2,70,18,62.0
418,test_35_2,test_runner,35,2,70,19,60.0
419,test_35_2,test_runner,35,2,70,20,54.0
420,test_35_2,test_runner,35,2,70,21,52.0
421,test_35_2,test_runner,35,2,70,22,55.0
422,test_35_2,test_runner,35,2,70,23,55.0
423,test_35_2,test_runner,35,2,70,24,49.0
424,test_35_2,test_runner,35,2,70,25,55.0
425,test_35_2,test_runner,35,2,70,26,51.0
426,test_35_2,test_runner,35,2,70,27,53.0
427,test_35_2,test_runner,35,2,70,28,54.0
428,test_35_2,test_runner,35,2,70,29,52.0
429,test_35_2,test_runner,35,2,70,30,51.0
430,test_35_2,test_runner,35,2,70,31,54.0
431,test_35_2,test_runner,35,2,70,32,54.0
432,test_35_2,test_runner,35,2,70,33,48.0
433,test_35_2,test_runner,35,2,70,34,55.0
434,test_35_2,test_runner,35,2,70,35,51.0
435,test_35_2,test_runner,35,2,70,36,56.0
436,test_35_2,test_runner,35,2,70,37,52.0
437,test_35_2,test_runner,35,2,70,38,50.0
438,test_35_2,test_runner,35,2,70,39,50.0
439,test_35_2,test_runner,35,2,70,40,49.0
440,test_35_2,test_runner,35,2,70,41,53.0
441,test_35_2,test_runner,35,2,70,42,57.0
442,test_35_2,test_runner,35,2,70,43,52.0
443,test_35_2,test_runner,35,2,70,44,47.0
444,test_35_2,test_runner,35,2,70,45,47.0
445,test_35_2,test_runner,35,2,70,46,53.0
446,test_35_2,test_runner,35,2,70,47,50.0
447,test_35_2,test_runner,35,2,70,48,50.0
448,test_35_2,test_runner,35,2,70,49,50.0
449,test_35_2,test_runner,35,2,70,50,50.0
450,test_10_8,test_runner,10,8,80,1,237.0
451,test_20_4,test_runner,20,4,80,1,207.0
452,test_40_2,test_runner,40,2,80,1,187.0
453,test_10_8,test_runner,10,8,80,2,92.0
454,test_20_4,test_runner,20,4,80,2,354.0
455,test_40_2,test_runner,40,2,80,2,93.0
456,test_10_8,test_runner,10,8,80,3,100.0
457,test_20_4,test_runner,20,4,80,3,90.0
458,test_40_2,test_runner,40,2,80,3,93.0
459,test_10_8,test_runner,10,8,80,4,95.0
460,test_20_4,test_runner,20,4,80,4,79.0
461,test_40_2,test_runner,40,2,80,4,77.0
462,test_10_8,test_runner,10,8,80,5,89.0
463,test_20_4,test_runner,20,4,80,5,81.0
464,test_40_2,test_runner,40,2,80,5,69.0
465,test_10_8,test_runner,10,8,80,6,91.0
466,test_20_4,test_runner,20,4,80,6,76.0
467,test_40_2,test_runner,40,2,80,6,68.0
468,test_10_8,test_runner,10,8,80,7,89.0
469,test_20_4,test_runner,20,4,80,7,70.0
470,test_40_2,test_runner,40,2,80,7,69.0
471,test_10_8,test_runner,10,8,80,8,81.0
472,test_20_4,test_runner,20,4,80,8,68.0
473,test_40_2,test_runner,40,2,80,8,68.0
474,test_10_8,test_runner,10,8,80,9,82.0
475,test_20_4,test_runner,20,4,80,9,73.0
476,test_40_2,test_runner,40,2,80,9,67.0
477,test_10_8,test_runner,10,8,80,10,76.0
478,test_20_4,test_runner,20,4,80,10,72.0
479,test_40_2,test_runner,40,2,80,10,68.0
480,test_10_8,test_runner,10,8,80,11,75.0
481,test_20_4,test_runner,20,4,80,11,72.0
482,test_40_2,test_runner,40,2,80,11,67.0
483,test_10_8,test_runner,10,8,80,12,75.0
484,test_20_4,test_runner,20,4,80,12,70.0
485,test_40_2,test_runner,40,2,80,12,72.0
486,test_10_8,test_runner,10,8,80,13,70.0
487,test_20_4,test_runner,20,4,80,13,73.0
488,test_40_2,test_runner,40,2,80,13,65.0
489,test_10_8,test_runner,10,8,80,14,68.0
490,test_20_4,test_runner,20,4,80,14,67.0
491,test_40_2,test_runner,40,2,80,14,67.0
492,test_10_8,test_runner,10,8,80,15,60.0
493,test_20_4,test_runner,20,4,80,15,74.0
494,test_40_2,test_runner,40,2,80,15,68.0
495,test_10_8,test_runner,10,8,80,16,60.0
496,test_20_4,test_runner,20,4,80,16,68.0
497,test_40_2,test_runner,40,2,80,16,72.0
498,test_10_8,test_runner,10,8,80,17,58.0
499,test_20_4,test_runner,20,4,80,17,64.0
500,test_40_2,test_runner,40,2,80,17,69.0
501,test_10_8,test_runner,10,8,80,18,65.0
502,test_20_4,test_runner,20,4,80,18,67.0
503,test_40_2,test_runner,40,2,80,18,73.0
504,test_10_8,test_runner,10,8,80,19,56.0
505,test_20_4,test_runner,20,4,80,19,59.0
506,test_40_2,test_runner,40,2,80,19,58.0
507,test_10_8,test_runner,10,8,80,20,62.0
508,test_20_4,test_runner,20,4,80,20,52.0
509,test_40_2,test_runner,40,2,80,20,55.0
510,test_10_8,test_runner,10,8,80,21,60.0
511,test_20_4,test_runner,20,4,80,21,52.0
512,test_40_2,test_runner,40,2,80,21,54.0
513,test_10_8,test_runner,10,8,80,22,63.0
514,test_20_4,test_runner,20,4,80,22,55.0
515,test_40_2,test_runner,40,2,80,22,57.0
516,test_10_8,test_runner,10,8,80,23,61.0
517,test_20_4,test_runner,20,4,80,23,59.0
518,test_40_2,test_runner,40,2,80,23,56.0
519,test_10_8,test_runner,10,8,80,24,61.0
520,test_20_4,test_runner,20,4,80,24,57.0
521,test_40_2,test_runner,40,2,80,24,56.0
522,test_10_8,test_runner,10,8,80,25,61.0
523,test_20_4,test_runner,20,4,80,25,349.0
524,test_40_2,test_runner,40,2,80,25,61.0
525,test_10_8,test_runner,10,8,80,26,60.0
526,test_20_4,test_runner,20,4,80,26,55.0
527,test_40_2,test_runner,40,2,80,26,57.0
528,test_10_8,test_runner,10,8,80,27,58.0
529,test_20_4,test_runner,20,4,80,27,60.0
530,test_40_2,test_runner,40,2,80,27,56.0
531,test_10_8,test_runner,10,8,80,28,63.0
532,test_20_4,test_runner,20,4,80,28,60.0
533,test_40_2,test_runner,40,2,80,28,60.0
534,test_10_8,test_runner,10,8,80,29,60.0
535,test_20_4,test_runner,20,4,80,29,59.0
536,test_40_2,test_runner,40,2,80,29,58.0
537,test_10_8,test_runner,10,8,80,30,58.0
538,test_20_4,test_runner,20,4,80,30,53.0
539,test_40_2,test_runner,40,2,80,30,54.0
540,test_10_8,test_runner,10,8,80,31,61.0
541,test_20_4,test_runner,20,4,80,31,56.0
542,test_40_2,test_runner,40,2,80,31,59.0
543,test_10_8,test_runner,10,8,80,32,63.0
544,test_20_4,test_runner,20,4,80,32,56.0
545,test_40_2,test_runner,40,2,80,32,57.0
546,test_10_8,test_runner,10,8,80,33,65.0
547,test_20_4,test_runner,20,4,80,33,55.0
548,test_40_2,test_runner,40,2,80,33,54.0
549,test_10_8,test_runner,10,8,80,34,59.0
550,test_20_4,test_runner,20,4,80,34,58.0
551,test_40_2,test_runner,40,2,80,34,57.0
552,test_10_8,test_runner,10,8,80,35,58.0
553,test_20_4,test_runner,20,4,80,35,54.0
554,test_40_2,test_runner,40,2,80,35,56.0
555,test_10_8,test_runner,10,8,80,36,62.0
556,test_20_4,test_runner,20,4,80,36,55.0
557,test_40_2,test_runner,40,2,80,36,51.0
558,test_10_8,test_runner,10,8,80,37,64.0
559,test_20_4,test_runner,20,4,80,37,59.0
560,test_40_2,test_runner,40,2,80,37,57.0
561,test_10_8,test_runner,10,8,80,38,61.0
562,test_20_4,test_runner,20,4,80,38,56.0
563,test_40_2,test_runner,40,2,80,38,54.0
564,test_10_8,test_runner,10,8,80,39,58.0
565,test_20_4,test_runner,20,4,80,39,54.0
566,test_40_2,test_runner,40,2,80,39,53.0
567,test_10_8,test_runner,10,8,80,40,60.0
568,test_20_4,test_runner,20,4,80,40,52.0
569,test_40_2,test_runner,40,2,80,40,53.0
570,test_10_8,test_runner,10,8,80,41,56.0
571,test_20_4,test_runner,20,4,80,41,55.0
572,test_40_2,test_runner,40,2,80,41,55.0
573,test_10_8,test_runner,10,8,80,42,59.0
574,test_20_4,test_runner,20,4,80,42,53.0
575,test_40_2,test_runner,40,2,80,42,54.0
576,test_10_8,test_runner,10,8,80,43,59.0
577,test_20_4,test_runner,20,4,80,43,58.0
578,test_40_2,test_runner,40,2,80,43,56.0
579,test_10_8,test_runner,10,8,80,44,57.0
580,test_20_4,test_runner,20,4,80,44,53.0
581,test_40_2,test_runner,40,2,80,44,53.0
582,test_10_8,test_runner,10,8,80,45,55.0
583,test_20_4,test_runner,20,4,80,45,54.0
584,test_40_2,test_runner,40,2,80,45,51.0
585,test_10_8,test_runner,10,8,80,46,59.0
586,test_20_4,test_runner,20,4,80,46,60.0
587,test_40_2,test_runner,40,2,80,46,53.0
588,test_10_8,test_runner,10,8,80,47,58.0
589,test_20_4,test_runner,20,4,80,47,53.0
590,test_40_2,test_runner,40,2,80,47,54.0
591,test_10_8,test_runner,10,8,80,48,57.0
592,test_20_4,test_runner,20,4,80,48,57.0
593,test_40_2,test_runner,40,2,80,48,49.0
594,test_10_8,test_runner,10,8,80,49,61.0
595,test_20_4,test_runner,20,4,80,49,56.0
596,test_40_2,test_runner,40,2,80,49,50.0
597,test_10_8,test_runner,10,8,80,50,58.0
598,test_20_4,test_runner,20,4,80,50,55.0
599,test_40_2,test_runner,40,2,80,50,53.0
600,test_15_6,test_runner,15,6,90,1,245.0
601,test_45_2,test_runner,45,2,90,1,205.0
602,test_15_6,test_runner,15,6,90,2,98.0
603,test_45_2,test_runner,45,2,90,2,102.0
604,test_15_6,test_runner,15,6,90,3,95.0
605,test_45_2,test_runner,45,2,90,3,95.0
606,test_15_6,test_runner,15,6,90,4,119.0
607,test_45_2,test_runner,45,2,90,4,100.0
608,test_15_6,test_runner,15,6,90,5,98.0
609,test_45_2,test_runner,45,2,90,5,86.0
610,test_15_6,test_runner,15,6,90,6,101.0
611,test_45_2,test_runner,45,2,90,6,84.0
612,test_15_6,test_runner,15,6,90,7,82.0
613,test_45_2,test_runner,45,2,90,7,82.0
614,test_15_6,test_runner,15,6,90,8,85.0
615,test_45_2,test_runner,45,2,90,8,91.0
616,test_15_6,test_runner,15,6,90,9,85.0
617,test_45_2,test_runner,45,2,90,9,81.0
618,test_15_6,test_runner,15,6,90,10,81.0
619,test_45_2,test_runner,45,2,90,10,81.0
620,test_15_6,test_runner,15,6,90,11,64.0
621,test_45_2,test_runner,45,2,90,11,76.0
622,test_15_6,test_runner,15,6,90,12,64.0
623,test_45_2,test_runner,45,2,90,12,73.0
624,test_15_6,test_runner,15,6,90,13,62.0
625,test_45_2,test_runner,45,2,90,13,67.0
626,test_15_6,test_runner,15,6,90,14,62.0
627,test_45_2,test_runner,45,2,90,14,64.0
628,test_15_6,test_runner,15,6,90,15,62.0
629,test_45_2,test_runner,45,2,90,15,62.0
630,test_15_6,test_runner,15,6,90,16,61.0
631,test_45_2,test_runner,45,2,90,16,74.0
632,test_15_6,test_runner,15,6,90,17,61.0
633,test_45_2,test_runner,45,2,90,17,65.0
634,test_15_6,test_runner,15,6,90,18,67.0
635,test_45_2,test_runner,45,2,90,18,56.0
636,test_15_6,test_runner,15,6,90,19,64.0
637,test_45_2,test_runner,45,2,90,19,63.0
638,test_15_6,test_runner,15,6,90,20,63.0
639,test_45_2,test_runner,45,2,90,20,69.0
640,test_15_6,test_runner,15,6,90,21,58.0
641,test_45_2,test_runner,45,2,90,21,59.0
642,test_15_6,test_runner,15,6,90,22,59.0
643,test_45_2,test_runner,45,2,90,22,59.0
644,test_15_6,test_runner,15,6,90,23,62.0
645,test_45_2,test_runner,45,2,90,23,67.0
646,test_15_6,test_runner,15,6,90,24,61.0
647,test_45_2,test_runner,45,2,90,24,62.0
648,test_15_6,test_runner,15,6,90,25,65.0
649,test_45_2,test_runner,45,2,90,25,54.0
650,test_15_6,test_runner,15,6,90,26,60.0
651,test_45_2,test_runner,45,2,90,26,56.0
652,test_15_6,test_runner,15,6,90,27,59.0
653,test_45_2,test_runner,45,2,90,27,58.0
654,test_15_6,test_runner,15,6,90,28,61.0
655,test_45_2,test_runner,45,2,90,28,65.0
656,test_15_6,test_runner,15,6,90,29,58.0
657,test_45_2,test_runner,45,2,90,29,63.0
658,test_15_6,test_runner,15,6,90,30,63.0
659,test_45_2,test_runner,45,2,90,30,60.0
660,test_15_6,test_runner,15,6,90,31,62.0
661,test_45_2,test_runner,45,2,90,31,60.0
662,test_15_6,test_runner,15,6,90,32,60.0
663,test_45_2,test_runner,45,2,90,32,63.0
664,test_15_6,test_runner,15,6,90,33,61.0
665,test_45_2,test_runner,45,2,90,33,63.0
666,test_15_6,test_runner,15,6,90,34,59.0
667,test_45_2,test_runner,45,2,90,34,57.0
668,test_15_6,test_runner,15,6,90,35,57.0
669,test_45_2,test_runner,45,2,90,35,63.0
670,test_15_6,test_runner,15,6,90,36,55.0
671,test_45_2,test_runner,45,2,90,36,56.0
672,test_15_6,test_runner,15,6,90,37,58.0
673,test_45_2,test_runner,45,2,90,37,56.0
674,test_15_6,test_runner,15,6,90,38,68.0
675,test_45_2,test_runner,45,2,90,38,57.0
676,test_15_6,test_runner,15,6,90,39,59.0
677,test_45_2,test_runner,45,2,90,39,60.0
678,test_15_6,test_runner,15,6,90,40,65.0
679,test_45_2,test_runner,45,2,90,40,58.0
680,test_15_6,test_runner,15,6,90,41,69.0
681,test_45_2,test_runner,45,2,90,41,58.0
682,test_15_6,test_runner,15,6,90,42,60.0
683,test_45_2,test_runner,45,2,90,42,55.0
684,test_15_6,test_runner,15,6,90,43,52.0
685,test_45_2,test_runner,45,2,90,43,55.0
686,test_15_6,test_runner,15,6,90,44,56.0
687,test_45_2,test_runner,45,2,90,44,58.0
688,test_15_6,test_runner,15,6,90,45,56.0
689,test_45_2,test_runner,45,2,90,45,52.0
690,test_15_6,test_runner,15,6,90,46,62.0
691,test_45_2,test_runner,45,2,90,46,60.0
692,test_15_6,test_runner,15,6,90,47,54.0
693,test_45_2,test_runner,45,2,90,47,53.0
694,test_15_6,test_runner,15,6,90,48,59.0
695,test_45_2,test_runner,45,2,90,48,55.0
696,test_15_6,test_runner,15,6,90,49,58.0
697,test_45_2,test_runner,45,2,90,49,54.0
698,test_15_6,test_runner,15,6,90,50,56.0
699,test_45_2,test_runner,45,2,90,50,55.0
700,test_10_10,test_runner,10,10,100,1,268.0
701,test_25_4,test_runner,25,4,100,1,227.0
702,test_50_2,test_runner,50,2,100,1,217.0
703,test_10_10,test_runner,10,10,100,2,118.0
704,test_25_4,test_runner,25,4,100,2,123.0
705,test_50_2,test_runner,50,2,100,2,411.0
706,test_10_10,test_runner,10,10,100,3,121.0
707,test_25_4,test_runner,25,4,100,3,97.0
708,test_50_2,test_runner,50,2,100,3,105.0
709,test_10_10,test_runner,10,10,100,4,122.0
710,test_25_4,test_runner,25,4,100,4,103.0
711,test_50_2,test_runner,50,2,100,4,101.0
712,test_10_10,test_runner,10,10,100,5,114.0
713,test_25_4,test_runner,25,4,100,5,102.0
714,test_50_2,test_runner,50,2,100,5,90.0
715,test_10_10,test_runner,10,10,100,6,103.0
716,test_25_4,test_runner,25,4,100,6,99.0
717,test_50_2,test_runner,50,2,100,6,88.0
718,test_10_10,test_runner,10,10,100,7,92.0
719,test_25_4,test_runner,25,4,100,7,101.0
720,test_50_2,test_runner,50,2,100,7,104.0
721,test_10_10,test_runner,10,10,100,8,99.0
722,test_25_4,test_runner,25,4,100,8,88.0
723,test_50_2,test_runner,50,2,100,8,85.0
724,test_10_10,test_runner,10,10,100,9,90.0
725,test_25_4,test_runner,25,4,100,9,89.0
726,test_50_2,test_runner,50,2,100,9,82.0
727,test_10_10,test_runner,10,10,100,10,76.0
728,test_25_4,test_runner,25,4,100,10,78.0
729,test_50_2,test_runner,50,2,100,10,83.0
730,test_10_10,test_runner,10,10,100,11,75.0
731,test_25_4,test_runner,25,4,100,11,82.0
732,test_50_2,test_runner,50,2,100,11,77.0
733,test_10_10,test_runner,10,10,100,12,80.0
734,test_25_4,test_runner,25,4,100,12,74.0
735,test_50_2,test_runner,50,2,100,12,73.0
736,test_10_10,test_runner,10,10,100,13,74.0
737,test_25_4,test_runner,25,4,100,13,68.0
738,test_50_2,test_runner,50,2,100,13,71.0
739,test_10_10,test_runner,10,10,100,14,72.0
740,test_25_4,test_runner,25,4,100,14,63.0
741,test_50_2,test_runner,50,2,100,14,59.0
742,test_10_10,test_runner,10,10,100,15,76.0
743,test_25_4,test_runner,25,4,100,15,65.0
744,test_50_2,test_runner,50,2,100,15,66.0
745,test_10_10,test_runner,10,10,100,16,74.0
746,test_25_4,test_runner,25,4,100,16,384.0
747,test_50_2,test_runner,50,2,100,16,62.0
748,test_10_10,test_runner,10,10,100,17,79.0
749,test_25_4,test_runner,25,4,100,17,64.0
750,test_50_2,test_runner,50,2,100,17,66.0
751,test_10_10,test_runner,10,10,100,18,79.0
752,test_25_4,test_runner,25,4,100,18,68.0
753,test_50_2,test_runner,50,2,100,18,69.0
754,test_10_10,test_runner,10,10,100,19,74.0
755,test_25_4,test_runner,25,4,100,19,64.0
756,test_50_2,test_runner,50,2,100,19,66.0
757,test_10_10,test_runner,10,10,100,20,74.0
758,test_25_4,test_runner,25,4,100,20,61.0
759,test_50_2,test_runner,50,2,100,20,66.0
760,test_10_10,test_runner,10,10,100,21,68.0
761,test_25_4,test_runner,25,4,100,21,64.0
762,test_50_2,test_runner,50,2,100,21,62.0
763,test_10_10,test_runner,10,10,100,22,77.0
764,test_25_4,test_runner,25,4,100,22,64.0
765,test_50_2,test_runner,50,2,100,22,62.0
766,test_10_10,test_runner,10,10,100,23,398.0
767,test_25_4,test_runner,25,4,100,23,64.0
768,test_50_2,test_runner,50,2,100,23,366.0
769,test_10_10,test_runner,10,10,100,24,70.0
770,test_25_4,test_runner,25,4,100,24,66.0
771,test_50_2,test_runner,50,2,100,24,62.0
772,test_10_10,test_runner,10,10,100,25,69.0
773,test_25_4,test_runner,25,4,100,25,70.0
774,test_50_2,test_runner,50,2,100,25,63.0
775,test_10_10,test_runner,10,10,100,26,73.0
776,test_25_4,test_runner,25,4,100,26,69.0
777,test_50_2,test_runner,50,2,100,26,63.0
778,test_10_10,test_runner,10,10,100,27,72.0
779,test_25_4,test_runner,25,4,100,27,64.0
780,test_50_2,test_runner,50,2,100,27,62.0
781,test_10_10,test_runner,10,10,100,28,88.0
782,test_25_4,test_runner,25,4,100,28,66.0
783,test_50_2,test_runner,50,2,100,28,66.0
784,test_10_10,test_runner,10,10,100,29,73.0
785,test_25_4,test_runner,25,4,100,29,72.0
786,test_50_2,test_runner,50,2,100,29,69.0
787,test_10_10,test_runner,10,10,100,30,71.0
788,test_25_4,test_runner,25,4,100,30,68.0
789,test_50_2,test_runner,50,2,100,30,61.0
790,test_10_10,test_runner,10,10,100,31,70.0
791,test_25_4,test_runner,25,4,100,31,66.0
792,test_50_2,test_runner,50,2,100,31,64.0
793,test_10_10,test_runner,10,10,100,32,69.0
794,test_25_4,test_runner,25,4,100,32,62.0
795,test_50_2,test_runner,50,2,100,32,63.0
796,test_10_10,test_runner,10,10,100,33,70.0
797,test_25_4,test_runner,25,4,100,33,60.0
798,test_50_2,test_runner,50,2,100,33,61.0
799,test_10_10,test_runner,10,10,100,34,73.0
800,test_25_4,test_runner,25,4,100,34,58.0
801,test_50_2,test_runner,50,2,100,34,60.0
802,test_10_10,test_runner,10,10,100,35,69.0
803,test_25_4,test_runner,25,4,100,35,61.0
804,test_50_2,test_runner,50,2,100,35,62.0
805,test_10_10,test_runner,10,10,100,36,71.0
806,test_25_4,test_runner,25,4,100,36,57.0
807,test_50_2,test_runner,50,2,100,36,59.0
808,test_10_10,test_runner,10,10,100,37,68.0
809,test_25_4,test_runner,25,4,100,37,56.0
810,test_50_2,test_runner,50,2,100,37,59.0
811,test_10_10,test_runner,10,10,100,38,72.0
812,test_25_4,test_runner,25,4,100,38,61.0
813,test_50_2,test_runner,50,2,100,38,64.0
814,test_10_10,test_runner,10,10,100,39,71.0
815,test_25_4,test_runner,25,4,100,39,59.0
816,test_50_2,test_runner,50,2,100,39,60.0
817,test_10_10,test_runner,10,10,100,40,72.0
818,test_25_4,test_runner,25,4,100,40,65.0
819,test_50_2,test_runner,50,2,100,40,63.0
820,test_10_10,test_runner,10,10,100,41,79.0
821,test_25_4,test_runner,25,4,100,41,60.0
822,test_50_2,test_runner,50,2,100,41,59.0
823,test_10_10,test_runner,10,10,100,42,65.0
824,test_25_4,test_runner,25,4,100,42,57.0
825,test_50_2,test_runner,50,2,100,42,63.0
826,test_10_10,test_runner,10,10,100,43,73.0
827,test_25_4,test_runner,25,4,100,43,61.0
828,test_50_2,test_runner,50,2,100,43,56.0
829,test_10_10,test_runner,10,10,100,44,64.0
830,test_25_4,test_runner,25,4,100,44,67.0
831,test_50_2,test_runner,50,2,100,44,61.0
832,test_10_10,test_runner,10,10,100,45,66.0
833,test_25_4,test_runner,25,4,100,45,68.0
834,test_50_2,test_runner,50,2,100,45,63.0
835,test_10_10,test_runner,10,10,100,46,68.0
836,test_25_4,test_runner,25,4,100,46,62.0
837,test_50_2,test_runner,50,2,100,46,58.0
838,test_10_10,test_runner,10,10,100,47,71.0
839,test_25_4,test_runner,25,4,100,47,58.0
840,test_50_2,test_runner,50,2,100,47,57.0
841,test_10_10,test_runner,10,10,100,48,69.0
842,test_25_4,test_runner,25,4,100,48,59.0
843,test_50_2,test_runner,50,2,100,48,61.0
844,test_10_10,test_runner,10,10,100,49,68.0
845,test_25_4,test_runner,25,4,100,49,61.0
846,test_50_2,test_runner,50,2,100,49,60.0
847,test_10_10,test_runner,10,10,100,50,65.0
848,test_25_4,test_runner,25,4,100,50,58.0
849,test_50_2,test_runner,50,2,100,50,63.0
850,test_55_2,test_runner,55,2,110,1,221.0
851,test_55_2,test_runner,55,2,110,2,108.0
852,test_55_2,test_runner,55,2,110,3,111.0
853,test_55_2,test_runner,55,2,110,4,101.0
854,test_55_2,test_runner,55,2,110,5,100.0
855,test_55_2,test_runner,55,2,110,6,102.0
856,test_55_2,test_runner,55,2,110,7,102.0
857,test_55_2,test_runner,55,2,110,8,88.0
858,test_55_2,test_runner,55,2,110,9,85.0
859,test_55_2,test_runner,55,2,110,10,84.0
860,test_55_2,test_runner,55,2,110,11,67.0
861,test_55_2,test_runner,55,2,110,12,71.0
862,test_55_2,test_runner,55,2,110,13,69.0
863,test_55_2,test_runner,55,2,110,14,66.0
864,test_55_2,test_runner,55,2,110,15,67.0
865,test_55_2,test_runner,55,2,110,16,73.0
866,test_55_2,test_runner,55,2,110,17,76.0
867,test_55_2,test_runner,55,2,110,18,66.0
868,test_55_2,test_runner,55,2,110,19,68.0
869,test_55_2,test_runner,55,2,110,20,68.0
870,test_55_2,test_runner,55,2,110,21,71.0
871,test_55_2,test_runner,55,2,110,22,71.0
872,test_55_2,test_runner,55,2,110,23,69.0
873,test_55_2,test_runner,55,2,110,24,66.0
874,test_55_2,test_runner,55,2,110,25,73.0
875,test_55_2,test_runner,55,2,110,26,69.0
876,test_55_2,test_runner,55,2,110,27,73.0
877,test_55_2,test_runner,55,2,110,28,72.0
878,test_55_2,test_runner,55,2,110,29,70.0
879,test_55_2,test_runner,55,2,110,30,69.0
880,test_55_2,test_runner,55,2,110,31,67.0
881,test_55_2,test_runner,55,2,110,32,70.0
882,test_55_2,test_runner,55,2,110,33,76.0
883,test_55_2,test_runner,55,2,110,34,69.0
884,test_55_2,test_runner,55,2,110,35,66.0
885,test_55_2,test_runner,55,2,110,36,61.0
886,test_55_2,test_runner,55,2,110,37,63.0
887,test_55_2,test_runner,55,2,110,38,68.0
888,test_55_2,test_runner,55,2,110,39,63.0
889,test_55_2,test_runner,55,2,110,40,64.0
890,test_55_2,test_runner,55,2,110,41,62.0
891,test_55_2,test_runner,55,2,110,42,60.0
892,test_55_2,test_runner,55,2,110,43,63.0
893,test_55_2,test_runner,55,2,110,44,71.0
894,test_55_2,test_runner,55,2,110,45,65.0
895,test_55_2,test_runner,55,2,110,46,65.0
896,test_55_2,test_runner,55,2,110,47,65.0
897,test_55_2,test_runner,55,2,110,48,64.0
898,test_55_2,test_runner,55,2,110,49,62.0
899,test_55_2,test_runner,55,2,110,50,67.0
900,test_10_12,test_runner,10,12,120,1,300.0
901,test_15_8,test_runner,15,8,120,1,267.0
902,test_20_6,test_runner,20,6,120,1,256.0
903,test_30_4,test_runner,30,4,120,1,253.0
904,test_60_2,test_runner,60,2,120,1,251.0
905,test_10_12,test_runner,10,12,120,2,137.0
906,test_15_8,test_runner,15,8,120,2,136.0
907,test_20_6,test_runner,20,6,120,2,122.0
908,test_30_4,test_runner,30,4,120,2,123.0
909,test_60_2,test_runner,60,2,120,2,129.0
910,test_10_12,test_runner,10,12,120,3,148.0
911,test_15_8,test_runner,15,8,120,3,134.0
912,test_20_6,test_runner,20,6,120,3,147.0
913,test_30_4,test_runner,30,4,120,3,124.0
914,test_60_2,test_runner,60,2,120,3,126.0
915,test_10_12,test_runner,10,12,120,4,148.0
916,test_15_8,test_runner,15,8,120,4,136.0
917,test_20_6,test_runner,20,6,120,4,128.0
918,test_30_4,test_runner,30,4,120,4,131.0
919,test_60_2,test_runner,60,2,120,4,122.0
920,test_10_12,test_runner,10,12,120,5,133.0
921,test_15_8,test_runner,15,8,120,5,119.0
922,test_20_6,test_runner,20,6,120,5,115.0
923,test_30_4,test_runner,30,4,120,5,118.0
924,test_60_2,test_runner,60,2,120,5,119.0
925,test_10_12,test_runner,10,12,120,6,113.0
926,test_15_8,test_runner,15,8,120,6,112.0
927,test_20_6,test_runner,20,6,120,6,113.0
928,test_30_4,test_runner,30,4,120,6,112.0
929,test_60_2,test_runner,60,2,120,6,107.0
930,test_10_12,test_runner,10,12,120,7,394.0
931,test_15_8,test_runner,15,8,120,7,98.0
932,test_20_6,test_runner,20,6,120,7,105.0
933,test_30_4,test_runner,30,4,120,7,97.0
934,test_60_2,test_runner,60,2,120,7,114.0
935,test_10_12,test_runner,10,12,120,8,94.0
936,test_15_8,test_runner,15,8,120,8,80.0
937,test_20_6,test_runner,20,6,120,8,78.0
938,test_30_4,test_runner,30,4,120,8,86.0
939,test_60_2,test_runner,60,2,120,8,101.0
940,test_10_12,test_runner,10,12,120,9,90.0
941,test_15_8,test_runner,15,8,120,9,79.0
942,test_20_6,test_runner,20,6,120,9,78.0
943,test_30_4,test_runner,30,4,120,9,76.0
944,test_60_2,test_runner,60,2,120,9,87.0
945,test_10_12,test_runner,10,12,120,10,88.0
946,test_15_8,test_runner,15,8,120,10,83.0
947,test_20_6,test_runner,20,6,120,10,79.0
948,test_30_4,test_runner,30,4,120,10,76.0
949,test_60_2,test_runner,60,2,120,10,84.0
950,test_10_12,test_runner,10,12,120,11,92.0
951,test_15_8,test_runner,15,8,120,11,73.0
952,test_20_6,test_runner,20,6,120,11,75.0
953,test_30_4,test_runner,30,4,120,11,76.0
954,test_60_2,test_runner,60,2,120,11,81.0
955,test_10_12,test_runner,10,12,120,12,92.0
956,test_15_8,test_runner,15,8,120,12,78.0
957,test_20_6,test_runner,20,6,120,12,83.0
958,test_30_4,test_runner,30,4,120,12,76.0
959,test_60_2,test_runner,60,2,120,12,81.0
960,test_10_12,test_runner,10,12,120,13,94.0
961,test_15_8,test_runner,15,8,120,13,81.0
962,test_20_6,test_runner,20,6,120,13,72.0
963,test_30_4,test_runner,30,4,120,13,78.0
964,test_60_2,test_runner,60,2,120,13,83.0
965,test_10_12,test_runner,10,12,120,14,84.0
966,test_15_8,test_runner,15,8,120,14,75.0
967,test_20_6,test_runner,20,6,120,14,77.0
968,test_30_4,test_runner,30,4,120,14,75.0
969,test_60_2,test_runner,60,2,120,14,83.0
970,test_10_12,test_runner,10,12,120,15,81.0
971,test_15_8,test_runner,15,8,120,15,74.0
972,test_20_6,test_runner,20,6,120,15,71.0
973,test_30_4,test_runner,30,4,120,15,69.0
974,test_60_2,test_runner,60,2,120,15,78.0
975,test_10_12,test_runner,10,12,120,16,94.0
976,test_15_8,test_runner,15,8,120,16,79.0
977,test_20_6,test_runner,20,6,120,16,73.0
978,test_30_4,test_runner,30,4,120,16,73.0
979,test_60_2,test_runner,60,2,120,16,91.0
980,test_10_12,test_runner,10,12,120,17,86.0
981,test_15_8,test_runner,15,8,120,17,89.0
982,test_20_6,test_runner,20,6,120,17,80.0
983,test_30_4,test_runner,30,4,120,17,75.0
984,test_60_2,test_runner,60,2,120,17,79.0
985,test_10_12,test_runner,10,12,120,18,83.0
986,test_15_8,test_runner,15,8,120,18,74.0
987,test_20_6,test_runner,20,6,120,18,73.0
988,test_30_4,test_runner,30,4,120,18,74.0
989,test_60_2,test_runner,60,2,120,18,81.0
990,test_10_12,test_runner,10,12,120,19,86.0
991,test_15_8,test_runner,15,8,120,19,76.0
992,test_20_6,test_runner,20,6,120,19,75.0
993,test_30_4,test_runner,30,4,120,19,72.0
994,test_60_2,test_runner,60,2,120,19,72.0
995,test_10_12,test_runner,10,12,120,20,82.0
996,test_15_8,test_runner,15,8,120,20,333.0
997,test_20_6,test_runner,20,6,120,20,75.0
998,test_30_4,test_runner,30,4,120,20,75.0
999,test_60_2,test_runner,60,2,120,20,80.0
1000,test_10_12,test_runner,10,12,120,21,86.0
1001,test_15_8,test_runner,15,8,120,21,86.0
1002,test_20_6,test_runner,20,6,120,21,70.0
1003,test_30_4,test_runner,30,4,120,21,72.0
1004,test_60_2,test_runner,60,2,120,21,72.0
1005,test_10_12,test_runner,10,12,120,22,81.0
1006,test_15_8,test_runner,15,8,120,22,86.0
1007,test_20_6,test_runner,20,6,120,22,73.0
1008,test_30_4,test_runner,30,4,120,22,81.0
1009,test_60_2,test_runner,60,2,120,22,79.0
1010,test_10_12,test_runner,10,12,120,23,88.0
1011,test_15_8,test_runner,15,8,120,23,79.0
1012,test_20_6,test_runner,20,6,120,23,84.0
1013,test_30_4,test_runner,30,4,120,23,76.0
1014,test_60_2,test_runner,60,2,120,23,90.0
1015,test_10_12,test_runner,10,12,120,24,85.0
1016,test_15_8,test_runner,15,8,120,24,74.0
1017,test_20_6,test_runner,20,6,120,24,73.0
1018,test_30_4,test_runner,30,4,120,24,71.0
1019,test_60_2,test_runner,60,2,120,24,77.0
1020,test_10_12,test_runner,10,12,120,25,83.0
1021,test_15_8,test_runner,15,8,120,25,75.0
1022,test_20_6,test_runner,20,6,120,25,71.0
1023,test_30_4,test_runner,30,4,120,25,71.0
1024,test_60_2,test_runner,60,2,120,25,75.0
1025,test_10_12,test_runner,10,12,120,26,96.0
1026,test_15_8,test_runner,15,8,120,26,77.0
1027,test_20_6,test_runner,20,6,120,26,74.0
1028,test_30_4,test_runner,30,4,120,26,70.0
1029,test_60_2,test_runner,60,2,120,26,75.0
1030,test_10_12,test_runner,10,12,120,27,85.0
1031,test_15_8,test_runner,15,8,120,27,77.0
1032,test_20_6,test_runner,20,6,120,27,73.0
1033,test_30_4,test_runner,30,4,120,27,74.0
1034,test_60_2,test_runner,60,2,120,27,77.0
1035,test_10_12,test_runner,10,12,120,28,83.0
1036,test_15_8,test_runner,15,8,120,28,71.0
1037,test_20_6,test_runner,20,6,120,28,73.0
1038,test_30_4,test_runner,30,4,120,28,71.0
1039,test_60_2,test_runner,60,2,120,28,81.0
1040,test_10_12,test_runner,10,12,120,29,77.0
1041,test_15_8,test_runner,15,8,120,29,74.0
1042,test_20_6,test_runner,20,6,120,29,69.0
1043,test_30_4,test_runner,30,4,120,29,74.0
1044,test_60_2,test_runner,60,2,120,29,78.0
1045,test_10_12,test_runner,10,12,120,30,84.0
1046,test_15_8,test_runner,15,8,120,30,79.0
1047,test_20_6,test_runner,20,6,120,30,70.0
1048,test_30_4,test_runner,30,4,120,30,70.0
1049,test_60_2,test_runner,60,2,120,30,75.0
1050,test_10_12,test_runner,10,12,120,31,81.0
1051,test_15_8,test_runner,15,8,120,31,76.0
1052,test_20_6,test_runner,20,6,120,31,69.0
1053,test_30_4,test_runner,30,4,120,31,71.0
1054,test_60_2,test_runner,60,2,120,31,72.0
1055,test_10_12,test_runner,10,12,120,32,81.0
1056,test_15_8,test_runner,15,8,120,32,78.0
1057,test_20_6,test_runner,20,6,120,32,72.0
1058,test_30_4,test_runner,30,4,120,32,73.0
1059,test_60_2,test_runner,60,2,120,32,74.0
1060,test_10_12,test_runner,10,12,120,33,89.0
1061,test_15_8,test_runner,15,8,120,33,75.0
1062,test_20_6,test_runner,20,6,120,33,76.0
1063,test_30_4,test_runner,30,4,120,33,70.0
1064,test_60_2,test_runner,60,2,120,33,77.0
1065,test_10_12,test_runner,10,12,120,34,84.0
1066,test_15_8,test_runner,15,8,120,34,71.0
1067,test_20_6,test_runner,20,6,120,34,71.0
1068,test_30_4,test_runner,30,4,120,34,74.0
1069,test_60_2,test_runner,60,2,120,34,78.0
1070,test_10_12,test_runner,10,12,120,35,89.0
1071,test_15_8,test_runner,15,8,120,35,77.0
1072,test_20_6,test_runner,20,6,120,35,69.0
1073,test_30_4,test_runner,30,4,120,35,73.0
1074,test_60_2,test_runner,60,2,120,35,77.0
1075,test_10_12,test_runner,10,12,120,36,89.0
1076,test_15_8,test_runner,15,8,120,36,76.0
1077,test_20_6,test_runner,20,6,120,36,69.0
1078,test_30_4,test_runner,30,4,120,36,65.0
1079,test_60_2,test_runner,60,2,120,36,72.0
1080,test_10_12,test_runner,10,12,120,37,79.0
1081,test_15_8,test_runner,15,8,120,37,72.0
1082,test_20_6,test_runner,20,6,120,37,74.0
1083,test_30_4,test_runner,30,4,120,37,69.0
1084,test_60_2,test_runner,60,2,120,37,75.0
1085,test_10_12,test_runner,10,12,120,38,81.0
1086,test_15_8,test_runner,15,8,120,38,74.0
1087,test_20_6,test_runner,20,6,120,38,70.0
1088,test_30_4,test_runner,30,4,120,38,65.0
1089,test_60_2,test_runner,60,2,120,38,76.0
1090,test_10_12,test_runner,10,12,120,39,87.0
1091,test_15_8,test_runner,15,8,120,39,79.0
1092,test_20_6,test_runner,20,6,120,39,70.0
1093,test_30_4,test_runner,30,4,120,39,69.0
1094,test_60_2,test_runner,60,2,120,39,73.0
1095,test_10_12,test_runner,10,12,120,40,76.0
1096,test_15_8,test_runner,15,8,120,40,73.0
1097,test_20_6,test_runner,20,6,120,40,70.0
1098,test_30_4,test_runner,30,4,120,40,68.0
1099,test_60_2,test_runner,60,2,120,40,74.0
1100,test_10_12,test_runner,10,12,120,41,84.0
1101,test_15_8,test_runner,15,8,120,41,76.0
1102,test_20_6,test_runner,20,6,120,41,65.0
1103,test_30_4,test_runner,30,4,120,41,66.0
1104,test_60_2,test_runner,60,2,120,41,71.0
1105,test_10_12,test_runner,10,12,120,42,80.0
1106,test_15_8,test_runner,15,8,120,42,75.0
1107,test_20_6,test_runner,20,6,120,42,79.0
1108,test_30_4,test_runner,30,4,120,42,70.0
1109,test_60_2,test_runner,60,2,120,42,74.0
1110,test_10_12,test_runner,10,12,120,43,79.0
1111,test_15_8,test_runner,15,8,120,43,80.0
1112,test_20_6,test_runner,20,6,120,43,71.0
1113,test_30_4,test_runner,30,4,120,43,79.0
1114,test_60_2,test_runner,60,2,120,43,82.0
1115,test_10_12,test_runner,10,12,120,44,86.0
1116,test_15_8,test_runner,15,8,120,44,69.0
1117,test_20_6,test_runner,20,6,120,44,73.0
1118,test_30_4,test_runner,30,4,120,44,76.0
1119,test_60_2,test_runner,60,2,120,44,77.0
1120,test_10_12,test_runner,10,12,120,45,82.0
1121,test_15_8,test_runner,15,8,120,45,70.0
1122,test_20_6,test_runner,20,6,120,45,70.0
1123,test_30_4,test_runner,30,4,120,45,75.0
1124,test_60_2,test_runner,60,2,120,45,77.0
1125,test_10_12,test_runner,10,12,120,46,85.0
1126,test_15_8,test_runner,15,8,120,46,76.0
1127,test_20_6,test_runner,20,6,120,46,73.0
1128,test_30_4,test_runner,30,4,120,46,72.0
1129,test_60_2,test_runner,60,2,120,46,76.0
1130,test_10_12,test_runner,10,12,120,47,85.0
1131,test_15_8,test_runner,15,8,120,47,73.0
1132,test_20_6,test_runner,20,6,120,47,77.0
1133,test_30_4,test_runner,30,4,120,47,77.0
1134,test_60_2,test_runner,60,2,120,47,75.0
1135,test_10_12,test_runner,10,12,120,48,83.0
1136,test_15_8,test_runner,15,8,120,48,70.0
1137,test_20_6,test_runner,20,6,120,48,78.0
1138,test_30_4,test_runner,30,4,120,48,74.0
1139,test_60_2,test_runner,60,2,120,48,81.0
1140,test_10_12,test_runner,10,12,120,49,84.0
1141,test_15_8,test_runner,15,8,120,49,71.0
1142,test_20_6,test_runner,20,6,120,49,69.0
1143,test_30_4,test_runner,30,4,120,49,67.0
1144,test_60_2,test_runner,60,2,120,49,73.0
1145,test_10_12,test_runner,10,12,120,50,86.0
1146,test_15_8,test_runner,15,8,120,50,69.0
1147,test_20_6,test_runner,20,6,120,50,69.0
1148,test_30_4,test_runner,30,4,120,50,67.0
1149,test_60_2,test_runner,60,2,120,50,71.0
1150,test_10_14,test_runner,10,14,140,1,403.0
1151,test_35_4,test_runner,35,4,140,1,278.0
1152,test_10_14,test_runner,10,14,140,2,168.0
1153,test_35_4,test_runner,35,4,140,2,136.0
1154,test_10_14,test_runner,10,14,140,3,176.0
1155,test_35_4,test_runner,35,4,140,3,151.0
1156,test_10_14,test_runner,10,14,140,4,165.0
1157,test_35_4,test_runner,35,4,140,4,135.0
1158,test_10_14,test_runner,10,14,140,5,149.0
1159,test_35_4,test_runner,35,4,140,5,120.0
1160,test_10_14,test_runner,10,14,140,6,121.0
1161,test_35_4,test_runner,35,4,140,6,104.0
1162,test_10_14,test_runner,10,14,140,7,114.0
1163,test_35_4,test_runner,35,4,140,7,89.0
1164,test_10_14,test_runner,10,14,140,8,110.0
1165,test_35_4,test_runner,35,4,140,8,90.0
1166,test_10_14,test_runner,10,14,140,9,111.0
1167,test_35_4,test_runner,35,4,140,9,91.0
1168,test_10_14,test_runner,10,14,140,10,111.0
1169,test_35_4,test_runner,35,4,140,10,87.0
1170,test_10_14,test_runner,10,14,140,11,106.0
1171,test_35_4,test_runner,35,4,140,11,82.0
1172,test_10_14,test_runner,10,14,140,12,113.0
1173,test_35_4,test_runner,35,4,140,12,85.0
1174,test_10_14,test_runner,10,14,140,13,113.0
1175,test_35_4,test_runner,35,4,140,13,84.0
1176,test_10_14,test_runner,10,14,140,14,111.0
1177,test_35_4,test_runner,35,4,140,14,84.0
1178,test_10_14,test_runner,10,14,140,15,119.0
1179,test_35_4,test_runner,35,4,140,15,83.0
1180,test_10_14,test_runner,10,14,140,16,113.0
1181,test_35_4,test_runner,35,4,140,16,86.0
1182,test_10_14,test_runner,10,14,140,17,107.0
1183,test_35_4,test_runner,35,4,140,17,78.0
1184,test_10_14,test_runner,10,14,140,18,109.0
1185,test_35_4,test_runner,35,4,140,18,85.0
1186,test_10_14,test_runner,10,14,140,19,112.0
1187,test_35_4,test_runner,35,4,140,19,83.0
1188,test_10_14,test_runner,10,14,140,20,203.0
1189,test_35_4,test_runner,35,4,140,20,86.0
1190,test_10_14,test_runner,10,14,140,21,104.0
1191,test_35_4,test_runner,35,4,140,21,79.0
1192,test_10_14,test_runner,10,14,140,22,109.0
1193,test_35_4,test_runner,35,4,140,22,83.0
1194,test_10_14,test_runner,10,14,140,23,127.0
1195,test_35_4,test_runner,35,4,140,23,78.0
1196,test_10_14,test_runner,10,14,140,24,118.0
1197,test_35_4,test_runner,35,4,140,24,87.0
1198,test_10_14,test_runner,10,14,140,25,104.0
1199,test_35_4,test_runner,35,4,140,25,76.0
1200,test_10_14,test_runner,10,14,140,26,100.0
1201,test_35_4,test_runner,35,4,140,26,78.0
1202,test_10_14,test_runner,10,14,140,27,111.0
1203,test_35_4,test_runner,35,4,140,27,84.0
1204,test_10_14,test_runner,10,14,140,28,102.0
1205,test_35_4,test_runner,35,4,140,28,86.0
1206,test_10_14,test_runner,10,14,140,29,99.0
1207,test_35_4,test_runner,35,4,140,29,84.0
1208,test_10_14,test_runner,10,14,140,30,101.0
1209,test_35_4,test_runner,35,4,140,30,86.0
1210,test_10_14,test_runner,10,14,140,31,111.0
1211,test_35_4,test_runner,35,4,140,31,86.0
1212,test_10_14,test_runner,10,14,140,32,103.0
1213,test_35_4,test_runner,35,4,140,32,85.0
1214,test_10_14,test_runner,10,14,140,33,101.0
1215,test_35_4,test_runner,35,4,140,33,82.0
1216,test_10_14,test_runner,10,14,140,34,100.0
1217,test_35_4,test_runner,35,4,140,34,85.0
1218,test_10_14,test_runner,10,14,140,35,107.0
1219,test_35_4,test_runner,35,4,140,35,83.0
1220,test_10_14,test_runner,10,14,140,36,99.0
1221,test_35_4,test_runner,35,4,140,36,79.0
1222,test_10_14,test_runner,10,14,140,37,100.0
1223,test_35_4,test_runner,35,4,140,37,76.0
1224,test_10_14,test_runner,10,14,140,38,102.0
1225,test_35_4,test_runner,35,4,140,38,81.0
1226,test_10_14,test_runner,10,14,140,39,108.0
1227,test_35_4,test_runner,35,4,140,39,79.0
1228,test_10_14,test_runner,10,14,140,40,98.0
1229,test_35_4,test_runner,35,4,140,40,81.0
1230,test_10_14,test_runner,10,14,140,41,104.0
1231,test_35_4,test_runner,35,4,140,41,75.0
1232,test_10_14,test_runner,10,14,140,42,108.0
1233,test_35_4,test_runner,35,4,140,42,98.0
1234,test_10_14,test_runner,10,14,140,43,107.0
1235,test_35_4,test_runner,35,4,140,43,91.0
1236,test_10_14,test_runner,10,14,140,44,101.0
1237,test_35_4,test_runner,35,4,140,44,82.0
1238,test_10_14,test_runner,10,14,140,45,98.0
1239,test_35_4,test_runner,35,4,140,45,78.0
1240,test_10_14,test_runner,10,14,140,46,103.0
1241,test_35_4,test_runner,35,4,140,46,81.0
1242,test_10_14,test_runner,10,14,140,47,106.0
1243,test_35_4,test_runner,35,4,140,47,77.0
1244,test_10_14,test_runner,10,14,140,48,97.0
1245,test_35_4,test_runner,35,4,140,48,83.0
1246,test_10_14,test_runner,10,14,140,49,95.0
1247,test_35_4,test_runner,35,4,140,49,78.0
1248,test_10_14,test_runner,10,14,140,50,95.0
1249,test_35_4,test_runner,35,4,140,50,78.0
1250,test_15_10,test_runner,15,10,150,1,377.0
1251,test_25_6,test_runner,25,6,150,1,307.0
1252,test_15_10,test_runner,15,10,150,2,181.0
1253,test_25_6,test_runner,25,6,150,2,172.0
1254,test_15_10,test_runner,15,10,150,3,179.0
1255,test_25_6,test_runner,25,6,150,3,154.0
1256,test_15_10,test_runner,15,10,150,4,163.0
1257,test_25_6,test_runner,25,6,150,4,151.0
1258,test_15_10,test_runner,15,10,150,5,126.0
1259,test_25_6,test_runner,25,6,150,5,132.0
1260,test_15_10,test_runner,15,10,150,6,112.0
1261,test_25_6,test_runner,25,6,150,6,99.0
1262,test_15_10,test_runner,15,10,150,7,117.0
1263,test_25_6,test_runner,25,6,150,7,105.0
1264,test_15_10,test_runner,15,10,150,8,116.0
1265,test_25_6,test_runner,25,6,150,8,104.0
1266,test_15_10,test_runner,15,10,150,9,114.0
1267,test_25_6,test_runner,25,6,150,9,99.0
1268,test_15_10,test_runner,15,10,150,10,106.0
1269,test_25_6,test_runner,25,6,150,10,90.0
1270,test_15_10,test_runner,15,10,150,11,110.0
1271,test_25_6,test_runner,25,6,150,11,96.0
1272,test_15_10,test_runner,15,10,150,12,105.0
1273,test_25_6,test_runner,25,6,150,12,89.0
1274,test_15_10,test_runner,15,10,150,13,100.0
1275,test_25_6,test_runner,25,6,150,13,89.0
1276,test_15_10,test_runner,15,10,150,14,103.0
1277,test_25_6,test_runner,25,6,150,14,91.0
1278,test_15_10,test_runner,15,10,150,15,107.0
1279,test_25_6,test_runner,25,6,150,15,94.0
1280,test_15_10,test_runner,15,10,150,16,105.0
1281,test_25_6,test_runner,25,6,150,16,92.0
1282,test_15_10,test_runner,15,10,150,17,105.0
1283,test_25_6,test_runner,25,6,150,17,87.0
1284,test_15_10,test_runner,15,10,150,18,105.0
1285,test_25_6,test_runner,25,6,150,18,111.0
1286,test_15_10,test_runner,15,10,150,19,106.0
1287,test_25_6,test_runner,25,6,150,19,100.0
1288,test_15_10,test_runner,15,10,150,20,104.0
1289,test_25_6,test_runner,25,6,150,20,87.0
1290,test_15_10,test_runner,15,10,150,21,98.0
1291,test_25_6,test_runner,25,6,150,21,86.0
1292,test_15_10,test_runner,15,10,150,22,108.0
1293,test_25_6,test_runner,25,6,150,22,96.0
1294,test_15_10,test_runner,15,10,150,23,97.0
1295,test_25_6,test_runner,25,6,150,23,87.0
1296,test_15_10,test_runner,15,10,150,24,107.0
1297,test_25_6,test_runner,25,6,150,24,93.0
1298,test_15_10,test_runner,15,10,150,25,103.0
1299,test_25_6,test_runner,25,6,150,25,93.0
1300,test_15_10,test_runner,15,10,150,26,101.0
1301,test_25_6,test_runner,25,6,150,26,86.0
1302,test_15_10,test_runner,15,10,150,27,103.0
1303,test_25_6,test_runner,25,6,150,27,87.0
1304,test_15_10,test_runner,15,10,150,28,105.0
1305,test_25_6,test_runner,25,6,150,28,87.0
1306,test_15_10,test_runner,15,10,150,29,105.0
1307,test_25_6,test_runner,25,6,150,29,91.0
1308,test_15_10,test_runner,15,10,150,30,119.0
1309,test_25_6,test_runner,25,6,150,30,90.0
1310,test_15_10,test_runner,15,10,150,31,125.0
1311,test_25_6,test_runner,25,6,150,31,83.0
1312,test_15_10,test_runner,15,10,150,32,103.0
1313,test_25_6,test_runner,25,6,150,32,84.0
1314,test_15_10,test_runner,15,10,150,33,95.0
1315,test_25_6,test_runner,25,6,150,33,93.0
1316,test_15_10,test_runner,15,10,150,34,107.0
1317,test_25_6,test_runner,25,6,150,34,84.0
1318,test_15_10,test_runner,15,10,150,35,94.0
1319,test_25_6,test_runner,25,6,150,35,91.0
1320,test_15_10,test_runner,15,10,150,36,99.0
1321,test_25_6,test_runner,25,6,150,36,90.0
1322,test_15_10,test_runner,15,10,150,37,99.0
1323,test_25_6,test_runner,25,6,150,37,93.0
1324,test_15_10,test_runner,15,10,150,38,99.0
1325,test_25_6,test_runner,25,6,150,38,89.0
1326,test_15_10,test_runner,15,10,150,39,94.0
1327,test_25_6,test_runner,25,6,150,39,86.0
1328,test_15_10,test_runner,15,10,150,40,103.0
1329,test_25_6,test_runner,25,6,150,40,92.0
1330,test_15_10,test_runner,15,10,150,41,100.0
1331,test_25_6,test_runner,25,6,150,41,90.0
1332,test_15_10,test_runner,15,10,150,42,95.0
1333,test_25_6,test_runner,25,6,150,42,86.0
1334,test_15_10,test_runner,15,10,150,43,94.0
1335,test_25_6,test_runner,25,6,150,43,85.0
1336,test_15_10,test_runner,15,10,150,44,97.0
1337,test_25_6,test_runner,25,6,150,44,83.0
1338,test_15_10,test_runner,15,10,150,45,98.0
1339,test_25_6,test_runner,25,6,150,45,88.0
1340,test_15_10,test_runner,15,10,150,46,99.0
1341,test_25_6,test_runner,25,6,150,46,85.0
1342,test_15_10,test_runner,15,10,150,47,96.0
1343,test_25_6,test_runner,25,6,150,47,89.0
1344,test_15_10,test_runner,15,10,150,48,95.0
1345,test_25_6,test_runner,25,6,150,48,84.0
1346,test_15_10,test_runner,15,10,150,49,100.0
1347,test_25_6,test_runner,25,6,150,49,86.0
1348,test_15_10,test_runner,15,10,150,50,92.0
1349,test_25_6,test_runner,25,6,150,50,83.0
1350,test_10_16,test_runner,10,16,160,1,451.0
1351,test_20_8,test_runner,20,8,160,1,335.0
1352,test_40_4,test_runner,40,4,160,1,307.0
1353,test_10_16,test_runner,10,16,160,2,494.0
1354,test_20_8,test_runner,20,8,160,2,184.0
1355,test_40_4,test_runner,40,4,160,2,167.0
1356,test_10_16,test_runner,10,16,160,3,184.0
1357,test_20_8,test_runner,20,8,160,3,184.0
1358,test_40_4,test_runner,40,4,160,3,162.0
1359,test_10_16,test_runner,10,16,160,4,139.0
1360,test_20_8,test_runner,20,8,160,4,155.0
1361,test_40_4,test_runner,40,4,160,4,144.0
1362,test_10_16,test_runner,10,16,160,5,130.0
1363,test_20_8,test_runner,20,8,160,5,132.0
1364,test_40_4,test_runner,40,4,160,5,138.0
1365,test_10_16,test_runner,10,16,160,6,126.0
1366,test_20_8,test_runner,20,8,160,6,122.0
1367,test_40_4,test_runner,40,4,160,6,105.0
1368,test_10_16,test_runner,10,16,160,7,135.0
1369,test_20_8,test_runner,20,8,160,7,118.0
1370,test_40_4,test_runner,40,4,160,7,108.0
1371,test_10_16,test_runner,10,16,160,8,132.0
1372,test_20_8,test_runner,20,8,160,8,120.0
1373,test_40_4,test_runner,40,4,160,8,102.0
1374,test_10_16,test_runner,10,16,160,9,126.0
1375,test_20_8,test_runner,20,8,160,9,115.0
1376,test_40_4,test_runner,40,4,160,9,105.0
1377,test_10_16,test_runner,10,16,160,10,126.0
1378,test_20_8,test_runner,20,8,160,10,114.0
1379,test_40_4,test_runner,40,4,160,10,99.0
1380,test_10_16,test_runner,10,16,160,11,122.0
1381,test_20_8,test_runner,20,8,160,11,105.0
1382,test_40_4,test_runner,40,4,160,11,100.0
1383,test_10_16,test_runner,10,16,160,12,121.0
1384,test_20_8,test_runner,20,8,160,12,105.0
1385,test_40_4,test_runner,40,4,160,12,93.0
1386,test_10_16,test_runner,10,16,160,13,121.0
1387,test_20_8,test_runner,20,8,160,13,106.0
1388,test_40_4,test_runner,40,4,160,13,96.0
1389,test_10_16,test_runner,10,16,160,14,124.0
1390,test_20_8,test_runner,20,8,160,14,101.0
1391,test_40_4,test_runner,40,4,160,14,98.0
1392,test_10_16,test_runner,10,16,160,15,121.0
1393,test_20_8,test_runner,20,8,160,15,104.0
1394,test_40_4,test_runner,40,4,160,15,94.0
1395,test_10_16,test_runner,10,16,160,16,124.0
1396,test_20_8,test_runner,20,8,160,16,129.0
1397,test_40_4,test_runner,40,4,160,16,98.0
1398,test_10_16,test_runner,10,16,160,17,121.0
1399,test_20_8,test_runner,20,8,160,17,122.0
1400,test_40_4,test_runner,40,4,160,17,98.0
1401,test_10_16,test_runner,10,16,160,18,117.0
1402,test_20_8,test_runner,20,8,160,18,103.0
1403,test_40_4,test_runner,40,4,160,18,93.0
1404,test_10_16,test_runner,10,16,160,19,120.0
1405,test_20_8,test_runner,20,8,160,19,106.0
1406,test_40_4,test_runner,40,4,160,19,96.0
1407,test_10_16,test_runner,10,16,160,20,117.0
1408,test_20_8,test_runner,20,8,160,20,108.0
1409,test_40_4,test_runner,40,4,160,20,353.0
1410,test_10_16,test_runner,10,16,160,21,119.0
1411,test_20_8,test_runner,20,8,160,21,106.0
1412,test_40_4,test_runner,40,4,160,21,100.0
1413,test_10_16,test_runner,10,16,160,22,119.0
1414,test_20_8,test_runner,20,8,160,22,105.0
1415,test_40_4,test_runner,40,4,160,22,95.0
1416,test_10_16,test_runner,10,16,160,23,116.0
1417,test_20_8,test_runner,20,8,160,23,107.0
1418,test_40_4,test_runner,40,4,160,23,98.0
1419,test_10_16,test_runner,10,16,160,24,123.0
1420,test_20_8,test_runner,20,8,160,24,105.0
1421,test_40_4,test_runner,40,4,160,24,89.0
1422,test_10_16,test_runner,10,16,160,25,113.0
1423,test_20_8,test_runner,20,8,160,25,103.0
1424,test_40_4,test_runner,40,4,160,25,89.0
1425,test_10_16,test_runner,10,16,160,26,117.0
1426,test_20_8,test_runner,20,8,160,26,110.0
1427,test_40_4,test_runner,40,4,160,26,96.0
1428,test_10_16,test_runner,10,16,160,27,118.0
1429,test_20_8,test_runner,20,8,160,27,104.0
1430,test_40_4,test_runner,40,4,160,27,89.0
1431,test_10_16,test_runner,10,16,160,28,111.0
1432,test_20_8,test_runner,20,8,160,28,106.0
1433,test_40_4,test_runner,40,4,160,28,90.0
1434,test_10_16,test_runner,10,16,160,29,115.0
1435,test_20_8,test_runner,20,8,160,29,109.0
1436,test_40_4,test_runner,40,4,160,29,122.0
1437,test_10_16,test_runner,10,16,160,30,124.0
1438,test_20_8,test_runner,20,8,160,30,112.0
1439,test_40_4,test_runner,40,4,160,30,106.0
1440,test_10_16,test_runner,10,16,160,31,121.0
1441,test_20_8,test_runner,20,8,160,31,102.0
1442,test_40_4,test_runner,40,4,160,31,91.0
1443,test_10_16,test_runner,10,16,160,32,115.0
1444,test_20_8,test_runner,20,8,160,32,105.0
1445,test_40_4,test_runner,40,4,160,32,95.0
1446,test_10_16,test_runner,10,16,160,33,115.0
1447,test_20_8,test_runner,20,8,160,33,109.0
1448,test_40_4,test_runner,40,4,160,33,89.0
1449,test_10_16,test_runner,10,16,160,34,119.0
1450,test_20_8,test_runner,20,8,160,34,103.0
1451,test_40_4,test_runner,40,4,160,34,95.0
1452,test_10_16,test_runner,10,16,160,35,121.0
1453,test_20_8,test_runner,20,8,160,35,101.0
1454,test_40_4,test_runner,40,4,160,35,94.0
1455,test_10_16,test_runner,10,16,160,36,114.0
1456,test_20_8,test_runner,20,8,160,36,103.0
1457,test_40_4,test_runner,40,4,160,36,94.0
1458,test_10_16,test_runner,10,16,160,37,110.0
1459,test_20_8,test_runner,20,8,160,37,132.0
1460,test_40_4,test_runner,40,4,160,37,94.0
1461,test_10_16,test_runner,10,16,160,38,116.0
1462,test_20_8,test_runner,20,8,160,38,118.0
1463,test_40_4,test_runner,40,4,160,38,96.0
1464,test_10_16,test_runner,10,16,160,39,116.0
1465,test_20_8,test_runner,20,8,160,39,102.0
1466,test_40_4,test_runner,40,4,160,39,93.0
1467,test_10_16,test_runner,10,16,160,40,114.0
1468,test_20_8,test_runner,20,8,160,40,102.0
1469,test_40_4,test_runner,40,4,160,40,92.0
1470,test_10_16,test_runner,10,16,160,41,116.0
1471,test_20_8,test_runner,20,8,160,41,107.0
1472,test_40_4,test_runner,40,4,160,41,97.0
1473,test_10_16,test_runner,10,16,160,42,114.0
1474,test_20_8,test_runner,20,8,160,42,95.0
1475,test_40_4,test_runner,40,4,160,42,90.0
1476,test_10_16,test_runner,10,16,160,43,118.0
1477,test_20_8,test_runner,20,8,160,43,100.0
1478,test_40_4,test_runner,40,4,160,43,92.0
1479,test_10_16,test_runner,10,16,160,44,112.0
1480,test_20_8,test_runner,20,8,160,44,100.0
1481,test_40_4,test_runner,40,4,160,44,87.0
1482,test_10_16,test_runner,10,16,160,45,122.0
1483,test_20_8,test_runner,20,8,160,45,100.0
1484,test_40_4,test_runner,40,4,160,45,93.0
1485,test_10_16,test_runner,10,16,160,46,118.0
1486,test_20_8,test_runner,20,8,160,46,96.0
1487,test_40_4,test_runner,40,4,160,46,94.0
1488,test_10_16,test_runner,10,16,160,47,116.0
1489,test_20_8,test_runner,20,8,160,47,97.0
1490,test_40_4,test_runner,40,4,160,47,87.0
1491,test_10_16,test_runner,10,16,160,48,113.0
1492,test_20_8,test_runner,20,8,160,48,96.0
1493,test_40_4,test_runner,40,4,160,48,89.0
1494,test_10_16,test_runner,10,16,160,49,117.0
1495,test_20_8,test_runner,20,8,160,49,104.0
1496,test_40_4,test_runner,40,4,160,49,89.0
1497,test_10_16,test_runner,10,16,160,50,111.0
1498,test_20_8,test_runner,20,8,160,50,95.0
1499,test_40_4,test_runner,40,4,160,50,90.0
1500,test_10_18,test_runner,10,18,180,1,533.0
1501,test_15_12,test_runner,15,12,180,1,389.0
1502,test_30_6,test_runner,30,6,180,1,342.0
1503,test_45_4,test_runner,45,4,180,1,329.0
1504,test_10_18,test_runner,10,18,180,2,245.0
1505,test_15_12,test_runner,15,12,180,2,219.0
1506,test_30_6,test_runner,30,6,180,2,208.0
1507,test_45_4,test_runner,45,4,180,2,175.0
1508,test_10_18,test_runner,10,18,180,3,202.0
1509,test_15_12,test_runner,15,12,180,3,209.0
1510,test_30_6,test_runner,30,6,180,3,197.0
1511,test_45_4,test_runner,45,4,180,3,188.0
1512,test_10_18,test_runner,10,18,180,4,162.0
1513,test_15_12,test_runner,15,12,180,4,184.0
1514,test_30_6,test_runner,30,6,180,4,169.0
1515,test_45_4,test_runner,45,4,180,4,168.0
1516,test_10_18,test_runner,10,18,180,5,154.0
1517,test_15_12,test_runner,15,12,180,5,142.0
1518,test_30_6,test_runner,30,6,180,5,131.0
1519,test_45_4,test_runner,45,4,180,5,120.0
1520,test_10_18,test_runner,10,18,180,6,168.0
1521,test_15_12,test_runner,15,12,180,6,131.0
1522,test_30_6,test_runner,30,6,180,6,114.0
1523,test_45_4,test_runner,45,4,180,6,121.0
1524,test_10_18,test_runner,10,18,180,7,150.0
1525,test_15_12,test_runner,15,12,180,7,133.0
1526,test_30_6,test_runner,30,6,180,7,118.0
1527,test_45_4,test_runner,45,4,180,7,126.0
1528,test_10_18,test_runner,10,18,180,8,155.0
1529,test_15_12,test_runner,15,12,180,8,130.0
1530,test_30_6,test_runner,30,6,180,8,114.0
1531,test_45_4,test_runner,45,4,180,8,115.0
1532,test_10_18,test_runner,10,18,180,9,152.0
1533,test_15_12,test_runner,15,12,180,9,134.0
1534,test_30_6,test_runner,30,6,180,9,116.0
1535,test_45_4,test_runner,45,4,180,9,112.0
1536,test_10_18,test_runner,10,18,180,10,144.0
1537,test_15_12,test_runner,15,12,180,10,124.0
1538,test_30_6,test_runner,30,6,180,10,111.0
1539,test_45_4,test_runner,45,4,180,10,115.0
1540,test_10_18,test_runner,10,18,180,11,152.0
1541,test_15_12,test_runner,15,12,180,11,127.0
1542,test_30_6,test_runner,30,6,180,11,112.0
1543,test_45_4,test_runner,45,4,180,11,107.0
1544,test_10_18,test_runner,10,18,180,12,142.0
1545,test_15_12,test_runner,15,12,180,12,117.0
1546,test_30_6,test_runner,30,6,180,12,107.0
1547,test_45_4,test_runner,45,4,180,12,114.0
1548,test_10_18,test_runner,10,18,180,13,145.0
1549,test_15_12,test_runner,15,12,180,13,130.0
1550,test_30_6,test_runner,30,6,180,13,110.0
1551,test_45_4,test_runner,45,4,180,13,106.0
1552,test_10_18,test_runner,10,18,180,14,143.0
1553,test_15_12,test_runner,15,12,180,14,122.0
1554,test_30_6,test_runner,30,6,180,14,112.0
1555,test_45_4,test_runner,45,4,180,14,114.0
1556,test_10_18,test_runner,10,18,180,15,165.0
1557,test_15_12,test_runner,15,12,180,15,121.0
1558,test_30_6,test_runner,30,6,180,15,106.0
1559,test_45_4,test_runner,45,4,180,15,112.0
1560,test_10_18,test_runner,10,18,180,16,175.0
1561,test_15_12,test_runner,15,12,180,16,149.0
1562,test_30_6,test_runner,30,6,180,16,128.0
1563,test_45_4,test_runner,45,4,180,16,117.0
1564,test_10_18,test_runner,10,18,180,17,142.0
1565,test_15_12,test_runner,15,12,180,17,121.0
1566,test_30_6,test_runner,30,6,180,17,130.0
1567,test_45_4,test_runner,45,4,180,17,143.0
1568,test_10_18,test_runner,10,18,180,18,153.0
1569,test_15_12,test_runner,15,12,180,18,130.0
1570,test_30_6,test_runner,30,6,180,18,105.0
1571,test_45_4,test_runner,45,4,180,18,116.0
1572,test_10_18,test_runner,10,18,180,19,144.0
1573,test_15_12,test_runner,15,12,180,19,125.0
1574,test_30_6,test_runner,30,6,180,19,114.0
1575,test_45_4,test_runner,45,4,180,19,102.0
1576,test_10_18,test_runner,10,18,180,20,144.0
1577,test_15_12,test_runner,15,12,180,20,112.0
1578,test_30_6,test_runner,30,6,180,20,108.0
1579,test_45_4,test_runner,45,4,180,20,108.0
1580,test_10_18,test_runner,10,18,180,21,142.0
1581,test_15_12,test_runner,15,12,180,21,121.0
1582,test_30_6,test_runner,30,6,180,21,112.0
1583,test_45_4,test_runner,45,4,180,21,105.0
1584,test_10_18,test_runner,10,18,180,22,133.0
1585,test_15_12,test_runner,15,12,180,22,118.0
1586,test_30_6,test_runner,30,6,180,22,112.0
1587,test_45_4,test_runner,45,4,180,22,106.0
1588,test_10_18,test_runner,10,18,180,23,143.0
1589,test_15_12,test_runner,15,12,180,23,116.0
1590,test_30_6,test_runner,30,6,180,23,103.0
1591,test_45_4,test_runner,45,4,180,23,107.0
1592,test_10_18,test_runner,10,18,180,24,141.0
1593,test_15_12,test_runner,15,12,180,24,125.0
1594,test_30_6,test_runner,30,6,180,24,105.0
1595,test_45_4,test_runner,45,4,180,24,103.0
1596,test_10_18,test_runner,10,18,180,25,138.0
1597,test_15_12,test_runner,15,12,180,25,111.0
1598,test_30_6,test_runner,30,6,180,25,107.0
1599,test_45_4,test_runner,45,4,180,25,107.0
1600,test_10_18,test_runner,10,18,180,26,140.0
1601,test_15_12,test_runner,15,12,180,26,129.0
1602,test_30_6,test_runner,30,6,180,26,106.0
1603,test_45_4,test_runner,45,4,180,26,111.0
1604,test_10_18,test_runner,10,18,180,27,144.0
1605,test_15_12,test_runner,15,12,180,27,121.0
1606,test_30_6,test_runner,30,6,180,27,106.0
1607,test_45_4,test_runner,45,4,180,27,102.0
1608,test_10_18,test_runner,10,18,180,28,141.0
1609,test_15_12,test_runner,15,12,180,28,112.0
1610,test_30_6,test_runner,30,6,180,28,106.0
1611,test_45_4,test_runner,45,4,180,28,103.0
1612,test_10_18,test_runner,10,18,180,29,139.0
1613,test_15_12,test_runner,15,12,180,29,115.0
1614,test_30_6,test_runner,30,6,180,29,112.0
1615,test_45_4,test_runner,45,4,180,29,106.0
1616,test_10_18,test_runner,10,18,180,30,138.0
1617,test_15_12,test_runner,15,12,180,30,115.0
1618,test_30_6,test_runner,30,6,180,30,105.0
1619,test_45_4,test_runner,45,4,180,30,106.0
1620,test_10_18,test_runner,10,18,180,31,133.0
1621,test_15_12,test_runner,15,12,180,31,113.0
1622,test_30_6,test_runner,30,6,180,31,109.0
1623,test_45_4,test_runner,45,4,180,31,103.0
1624,test_10_18,test_runner,10,18,180,32,144.0
1625,test_15_12,test_runner,15,12,180,32,118.0
1626,test_30_6,test_runner,30,6,180,32,105.0
1627,test_45_4,test_runner,45,4,180,32,104.0
1628,test_10_18,test_runner,10,18,180,33,144.0
1629,test_15_12,test_runner,15,12,180,33,117.0
1630,test_30_6,test_runner,30,6,180,33,111.0
1631,test_45_4,test_runner,45,4,180,33,99.0
1632,test_10_18,test_runner,10,18,180,34,141.0
1633,test_15_12,test_runner,15,12,180,34,119.0
1634,test_30_6,test_runner,30,6,180,34,102.0
1635,test_45_4,test_runner,45,4,180,34,102.0
1636,test_10_18,test_runner,10,18,180,35,144.0
1637,test_15_12,test_runner,15,12,180,35,127.0
1638,test_30_6,test_runner,30,6,180,35,105.0
1639,test_45_4,test_runner,45,4,180,35,105.0
1640,test_10_18,test_runner,10,18,180,36,151.0
1641,test_15_12,test_runner,15,12,180,36,113.0
1642,test_30_6,test_runner,30,6,180,36,107.0
1643,test_45_4,test_runner,45,4,180,36,101.0
1644,test_10_18,test_runner,10,18,180,37,148.0
1645,test_15_12,test_runner,15,12,180,37,115.0
1646,test_30_6,test_runner,30,6,180,37,104.0
1647,test_45_4,test_runner,45,4,180,37,104.0
1648,test_10_18,test_runner,10,18,180,38,141.0
1649,test_15_12,test_runner,15,12,180,38,117.0
1650,test_30_6,test_runner,30,6,180,38,110.0
1651,test_45_4,test_runner,45,4,180,38,103.0
1652,test_10_18,test_runner,10,18,180,39,139.0
1653,test_15_12,test_runner,15,12,180,39,115.0
1654,test_30_6,test_runner,30,6,180,39,113.0
1655,test_45_4,test_runner,45,4,180,39,104.0
1656,test_10_18,test_runner,10,18,180,40,135.0
1657,test_15_12,test_runner,15,12,180,40,113.0
1658,test_30_6,test_runner,30,6,180,40,103.0
1659,test_45_4,test_runner,45,4,180,40,98.0
1660,test_10_18,test_runner,10,18,180,41,136.0
1661,test_15_12,test_runner,15,12,180,41,115.0
1662,test_30_6,test_runner,30,6,180,41,100.0
1663,test_45_4,test_runner,45,4,180,41,105.0
1664,test_10_18,test_runner,10,18,180,42,139.0
1665,test_15_12,test_runner,15,12,180,42,111.0
1666,test_30_6,test_runner,30,6,180,42,105.0
1667,test_45_4,test_runner,45,4,180,42,100.0
1668,test_10_18,test_runner,10,18,180,43,146.0
1669,test_15_12,test_runner,15,12,180,43,113.0
1670,test_30_6,test_runner,30,6,180,43,113.0
1671,test_45_4,test_runner,45,4,180,43,99.0
1672,test_10_18,test_runner,10,18,180,44,147.0
1673,test_15_12,test_runner,15,12,180,44,113.0
1674,test_30_6,test_runner,30,6,180,44,105.0
1675,test_45_4,test_runner,45,4,180,44,107.0
1676,test_10_18,test_runner,10,18,180,45,156.0
1677,test_15_12,test_runner,15,12,180,45,109.0
1678,test_30_6,test_runner,30,6,180,45,104.0
1679,test_45_4,test_runner,45,4,180,45,100.0
1680,test_10_18,test_runner,10,18,180,46,143.0
1681,test_15_12,test_runner,15,12,180,46,114.0
1682,test_30_6,test_runner,30,6,180,46,103.0
1683,test_45_4,test_runner,45,4,180,46,98.0
1684,test_10_18,test_runner,10,18,180,47,139.0
1685,test_15_12,test_runner,15,12,180,47,115.0
1686,test_30_6,test_runner,30,6,180,47,109.0
1687,test_45_4,test_runner,45,4,180,47,108.0
1688,test_10_18,test_runner,10,18,180,48,145.0
1689,test_15_12,test_runner,15,12,180,48,110.0
1690,test_30_6,test_runner,30,6,180,48,105.0
1691,test_45_4,test_runner,45,4,180,48,102.0
1692,test_10_18,test_runner,10,18,180,49,139.0
1693,test_15_12,test_runner,15,12,180,49,112.0
1694,test_30_6,test_runner,30,6,180,49,100.0
1695,test_45_4,test_runner,45,4,180,49,100.0
1696,test_10_18,test_runner,10,18,180,50,145.0
1697,test_15_12,test_runner,15,12,180,50,111.0
1698,test_30_6,test_runner,30,6,180,50,102.0
1699,test_45_4,test_runner,45,4,180,50,108.0
1700,test_10_20,test_runner,10,20,200,1,632.0
1701,test_20_10,test_runner,20,10,200,1,411.0
1702,test_25_8,test_runner,25,8,200,1,356.0
1703,test_50_4,test_runner,50,4,200,1,365.0
1704,test_10_20,test_runner,10,20,200,2,260.0
1705,test_20_10,test_runner,20,10,200,2,268.0
1706,test_25_8,test_runner,25,8,200,2,239.0
1707,test_50_4,test_runner,50,4,200,2,210.0
1708,test_10_20,test_runner,10,20,200,3,210.0
1709,test_20_10,test_runner,20,10,200,3,182.0
1710,test_25_8,test_runner,25,8,200,3,205.0
1711,test_50_4,test_runner,50,4,200,3,212.0
1712,test_10_20,test_runner,10,20,200,4,186.0
1713,test_20_10,test_runner,20,10,200,4,161.0
1714,test_25_8,test_runner,25,8,200,4,167.0
1715,test_50_4,test_runner,50,4,200,4,173.0
1716,test_10_20,test_runner,10,20,200,5,188.0
1717,test_20_10,test_runner,20,10,200,5,157.0
1718,test_25_8,test_runner,25,8,200,5,140.0
1719,test_50_4,test_runner,50,4,200,5,139.0
1720,test_10_20,test_runner,10,20,200,6,184.0
1721,test_20_10,test_runner,20,10,200,6,153.0
1722,test_25_8,test_runner,25,8,200,6,151.0
1723,test_50_4,test_runner,50,4,200,6,137.0
1724,test_10_20,test_runner,10,20,200,7,181.0
1725,test_20_10,test_runner,20,10,200,7,147.0
1726,test_25_8,test_runner,25,8,200,7,137.0
1727,test_50_4,test_runner,50,4,200,7,130.0
1728,test_10_20,test_runner,10,20,200,8,176.0
1729,test_20_10,test_runner,20,10,200,8,142.0
1730,test_25_8,test_runner,25,8,200,8,132.0
1731,test_50_4,test_runner,50,4,200,8,140.0
1732,test_10_20,test_runner,10,20,200,9,168.0
1733,test_20_10,test_runner,20,10,200,9,135.0
1734,test_25_8,test_runner,25,8,200,9,134.0
1735,test_50_4,test_runner,50,4,200,9,134.0
1736,test_10_20,test_runner,10,20,200,10,183.0
1737,test_20_10,test_runner,20,10,200,10,142.0
1738,test_25_8,test_runner,25,8,200,10,130.0
1739,test_50_4,test_runner,50,4,200,10,127.0
1740,test_10_20,test_runner,10,20,200,11,175.0
1741,test_20_10,test_runner,20,10,200,11,177.0
1742,test_25_8,test_runner,25,8,200,11,124.0
1743,test_50_4,test_runner,50,4,200,11,125.0
1744,test_10_20,test_runner,10,20,200,12,219.0
1745,test_20_10,test_runner,20,10,200,12,132.0
1746,test_25_8,test_runner,25,8,200,12,153.0
1747,test_50_4,test_runner,50,4,200,12,143.0
1748,test_10_20,test_runner,10,20,200,13,204.0
1749,test_20_10,test_runner,20,10,200,13,137.0
1750,test_25_8,test_runner,25,8,200,13,134.0
1751,test_50_4,test_runner,50,4,200,13,164.0
1752,test_10_20,test_runner,10,20,200,14,166.0
1753,test_20_10,test_runner,20,10,200,14,137.0
1754,test_25_8,test_runner,25,8,200,14,128.0
1755,test_50_4,test_runner,50,4,200,14,126.0
1756,test_10_20,test_runner,10,20,200,15,165.0
1757,test_20_10,test_runner,20,10,200,15,140.0
1758,test_25_8,test_runner,25,8,200,15,127.0
1759,test_50_4,test_runner,50,4,200,15,123.0
1760,test_10_20,test_runner,10,20,200,16,173.0
1761,test_20_10,test_runner,20,10,200,16,134.0
1762,test_25_8,test_runner,25,8,200,16,126.0
1763,test_50_4,test_runner,50,4,200,16,124.0
1764,test_10_20,test_runner,10,20,200,17,178.0
1765,test_20_10,test_runner,20,10,200,17,130.0
1766,test_25_8,test_runner,25,8,200,17,128.0
1767,test_50_4,test_runner,50,4,200,17,142.0
1768,test_10_20,test_runner,10,20,200,18,168.0
1769,test_20_10,test_runner,20,10,200,18,139.0
1770,test_25_8,test_runner,25,8,200,18,123.0
1771,test_50_4,test_runner,50,4,200,18,120.0
1772,test_10_20,test_runner,10,20,200,19,179.0
1773,test_20_10,test_runner,20,10,200,19,135.0
1774,test_25_8,test_runner,25,8,200,19,127.0
1775,test_50_4,test_runner,50,4,200,19,120.0
1776,test_10_20,test_runner,10,20,200,20,165.0
1777,test_20_10,test_runner,20,10,200,20,148.0
1778,test_25_8,test_runner,25,8,200,20,123.0
1779,test_50_4,test_runner,50,4,200,20,122.0
1780,test_10_20,test_runner,10,20,200,21,167.0
1781,test_20_10,test_runner,20,10,200,21,161.0
1782,test_25_8,test_runner,25,8,200,21,126.0
1783,test_50_4,test_runner,50,4,200,21,126.0
1784,test_10_20,test_runner,10,20,200,22,167.0
1785,test_20_10,test_runner,20,10,200,22,134.0
1786,test_25_8,test_runner,25,8,200,22,121.0
1787,test_50_4,test_runner,50,4,200,22,118.0
1788,test_10_20,test_runner,10,20,200,23,164.0
1789,test_20_10,test_runner,20,10,200,23,135.0
1790,test_25_8,test_runner,25,8,200,23,128.0
1791,test_50_4,test_runner,50,4,200,23,122.0
1792,test_10_20,test_runner,10,20,200,24,165.0
1793,test_20_10,test_runner,20,10,200,24,135.0
1794,test_25_8,test_runner,25,8,200,24,130.0
1795,test_50_4,test_runner,50,4,200,24,117.0
1796,test_10_20,test_runner,10,20,200,25,168.0
1797,test_20_10,test_runner,20,10,200,25,129.0
1798,test_25_8,test_runner,25,8,200,25,121.0
1799,test_50_4,test_runner,50,4,200,25,123.0
1800,test_10_20,test_runner,10,20,200,26,168.0
1801,test_20_10,test_runner,20,10,200,26,135.0
1802,test_25_8,test_runner,25,8,200,26,128.0
1803,test_50_4,test_runner,50,4,200,26,119.0
1804,test_10_20,test_runner,10,20,200,27,167.0
1805,test_20_10,test_runner,20,10,200,27,128.0
1806,test_25_8,test_runner,25,8,200,27,127.0
1807,test_50_4,test_runner,50,4,200,27,118.0
1808,test_10_20,test_runner,10,20,200,28,170.0
1809,test_20_10,test_runner,20,10,200,28,128.0
1810,test_25_8,test_runner,25,8,200,28,130.0
1811,test_50_4,test_runner,50,4,200,28,120.0
1812,test_10_20,test_runner,10,20,200,29,168.0
1813,test_20_10,test_runner,20,10,200,29,131.0
1814,test_25_8,test_runner,25,8,200,29,129.0
1815,test_50_4,test_runner,50,4,200,29,119.0
1816,test_10_20,test_runner,10,20,200,30,167.0
1817,test_20_10,test_runner,20,10,200,30,125.0
1818,test_25_8,test_runner,25,8,200,30,124.0
1819,test_50_4,test_runner,50,4,200,30,117.0
1820,test_10_20,test_runner,10,20,200,31,161.0
1821,test_20_10,test_runner,20,10,200,31,124.0
1822,test_25_8,test_runner,25,8,200,31,129.0
1823,test_50_4,test_runner,50,4,200,31,120.0
1824,test_10_20,test_runner,10,20,200,32,173.0
1825,test_20_10,test_runner,20,10,200,32,126.0
1826,test_25_8,test_runner,25,8,200,32,124.0
1827,test_50_4,test_runner,50,4,200,32,121.0
1828,test_10_20,test_runner,10,20,200,33,166.0
1829,test_20_10,test_runner,20,10,200,33,122.0
1830,test_25_8,test_runner,25,8,200,33,127.0
1831,test_50_4,test_runner,50,4,200,33,118.0
1832,test_10_20,test_runner,10,20,200,34,167.0
1833,test_20_10,test_runner,20,10,200,34,121.0
1834,test_25_8,test_runner,25,8,200,34,131.0
1835,test_50_4,test_runner,50,4,200,34,117.0
1836,test_10_20,test_runner,10,20,200,35,173.0
1837,test_20_10,test_runner,20,10,200,35,129.0
1838,test_25_8,test_runner,25,8,200,35,124.0
1839,test_50_4,test_runner,50,4,200,35,121.0
1840,test_10_20,test_runner,10,20,200,36,163.0
1841,test_20_10,test_runner,20,10,200,36,125.0
1842,test_25_8,test_runner,25,8,200,36,123.0
1843,test_50_4,test_runner,50,4,200,36,122.0
1844,test_10_20,test_runner,10,20,200,37,170.0
1845,test_20_10,test_runner,20,10,200,37,124.0
1846,test_25_8,test_runner,25,8,200,37,121.0
1847,test_50_4,test_runner,50,4,200,37,118.0
1848,test_10_20,test_runner,10,20,200,38,173.0
1849,test_20_10,test_runner,20,10,200,38,128.0
1850,test_25_8,test_runner,25,8,200,38,122.0
1851,test_50_4,test_runner,50,4,200,38,122.0
1852,test_10_20,test_runner,10,20,200,39,159.0
1853,test_20_10,test_runner,20,10,200,39,123.0
1854,test_25_8,test_runner,25,8,200,39,124.0
1855,test_50_4,test_runner,50,4,200,39,115.0
1856,test_10_20,test_runner,10,20,200,40,176.0
1857,test_20_10,test_runner,20,10,200,40,122.0
1858,test_25_8,test_runner,25,8,200,40,120.0
1859,test_50_4,test_runner,50,4,200,40,117.0
1860,test_10_20,test_runner,10,20,200,41,163.0
1861,test_20_10,test_runner,20,10,200,41,126.0
1862,test_25_8,test_runner,25,8,200,41,126.0
1863,test_50_4,test_runner,50,4,200,41,118.0
1864,test_10_20,test_runner,10,20,200,42,167.0
1865,test_20_10,test_runner,20,10,200,42,121.0
1866,test_25_8,test_runner,25,8,200,42,123.0
1867,test_50_4,test_runner,50,4,200,42,117.0
1868,test_10_20,test_runner,10,20,200,43,173.0
1869,test_20_10,test_runner,20,10,200,43,123.0
1870,test_25_8,test_runner,25,8,200,43,124.0
1871,test_50_4,test_runner,50,4,200,43,115.0
1872,test_10_20,test_runner,10,20,200,44,176.0
1873,test_20_10,test_runner,20,10,200,44,123.0
1874,test_25_8,test_runner,25,8,200,44,124.0
1875,test_50_4,test_runner,50,4,200,44,117.0
1876,test_10_20,test_runner,10,20,200,45,171.0
1877,test_20_10,test_runner,20,10,200,45,123.0
1878,test_25_8,test_runner,25,8,200,45,123.0
1879,test_50_4,test_runner,50,4,200,45,115.0
1880,test_10_20,test_runner,10,20,200,46,160.0
1881,test_20_10,test_runner,20,10,200,46,121.0
1882,test_25_8,test_runner,25,8,200,46,128.0
1883,test_50_4,test_runner,50,4,200,46,123.0
1884,test_10_20,test_runner,10,20,200,47,169.0
1885,test_20_10,test_runner,20,10,200,47,126.0
1886,test_25_8,test_runner,25,8,200,47,119.0
1887,test_50_4,test_runner,50,4,200,47,112.0
1888,test_10_20,test_runner,10,20,200,48,165.0
1889,test_20_10,test_runner,20,10,200,48,125.0
1890,test_25_8,test_runner,25,8,200,48,124.0
1891,test_50_4,test_runner,50,4,200,48,120.0
1892,test_10_20,test_runner,10,20,200,49,166.0
1893,test_20_10,test_runner,20,10,200,49,122.0
1894,test_25_8,test_runner,25,8,200,49,118.0
1895,test_50_4,test_runner,50,4,200,49,120.0
1896,test_10_20,test_runner,10,20,200,50,175.0
1897,test_20_10,test_runner,20,10,200,50,126.0
1898,test_25_8,test_runner,25,8,200,50,117.0
1899,test_50_4,test_runner,50,4,200,50,119.0
1900,test_15_14,test_runner,15,14,210,1,522.0
1901,test_35_6,test_runner,35,6,210,1,376.0
1902,test_15_14,test_runner,15,14,210,2,524.0
1903,test_35_6,test_runner,35,6,210,2,261.0
1904,test_15_14,test_runner,15,14,210,3,188.0
1905,test_35_6,test_runner,35,6,210,3,212.0
1906,test_15_14,test_runner,15,14,210,4,183.0
1907,test_35_6,test_runner,35,6,210,4,150.0
1908,test_15_14,test_runner,15,14,210,5,180.0
1909,test_35_6,test_runner,35,6,210,5,153.0
1910,test_15_14,test_runner,15,14,210,6,169.0
1911,test_35_6,test_runner,35,6,210,6,151.0
1912,test_15_14,test_runner,15,14,210,7,161.0
1913,test_35_6,test_runner,35,6,210,7,155.0
1914,test_15_14,test_runner,15,14,210,8,168.0
1915,test_35_6,test_runner,35,6,210,8,140.0
1916,test_15_14,test_runner,15,14,210,9,173.0
1917,test_35_6,test_runner,35,6,210,9,135.0
1918,test_15_14,test_runner,15,14,210,10,187.0
1919,test_35_6,test_runner,35,6,210,10,136.0
1920,test_15_14,test_runner,15,14,210,11,158.0
1921,test_35_6,test_runner,35,6,210,11,165.0
1922,test_15_14,test_runner,15,14,210,12,156.0
1923,test_35_6,test_runner,35,6,210,12,129.0
1924,test_15_14,test_runner,15,14,210,13,151.0
1925,test_35_6,test_runner,35,6,210,13,133.0
1926,test_15_14,test_runner,15,14,210,14,157.0
1927,test_35_6,test_runner,35,6,210,14,131.0
1928,test_15_14,test_runner,15,14,210,15,159.0
1929,test_35_6,test_runner,35,6,210,15,134.0
1930,test_15_14,test_runner,15,14,210,16,159.0
1931,test_35_6,test_runner,35,6,210,16,128.0
1932,test_15_14,test_runner,15,14,210,17,153.0
1933,test_35_6,test_runner,35,6,210,17,135.0
1934,test_15_14,test_runner,15,14,210,18,155.0
1935,test_35_6,test_runner,35,6,210,18,128.0
1936,test_15_14,test_runner,15,14,210,19,152.0
1937,test_35_6,test_runner,35,6,210,19,133.0
1938,test_15_14,test_runner,15,14,210,20,155.0
1939,test_35_6,test_runner,35,6,210,20,161.0
1940,test_15_14,test_runner,15,14,210,21,149.0
1941,test_35_6,test_runner,35,6,210,21,130.0
1942,test_15_14,test_runner,15,14,210,22,177.0
1943,test_35_6,test_runner,35,6,210,22,133.0
1944,test_15_14,test_runner,15,14,210,23,172.0
1945,test_35_6,test_runner,35,6,210,23,135.0
1946,test_15_14,test_runner,15,14,210,24,154.0
1947,test_35_6,test_runner,35,6,210,24,127.0
1948,test_15_14,test_runner,15,14,210,25,154.0
1949,test_35_6,test_runner,35,6,210,25,131.0
1950,test_15_14,test_runner,15,14,210,26,151.0
1951,test_35_6,test_runner,35,6,210,26,128.0
1952,test_15_14,test_runner,15,14,210,27,153.0
1953,test_35_6,test_runner,35,6,210,27,136.0
1954,test_15_14,test_runner,15,14,210,28,149.0
1955,test_35_6,test_runner,35,6,210,28,129.0
1956,test_15_14,test_runner,15,14,210,29,156.0
1957,test_35_6,test_runner,35,6,210,29,128.0
1958,test_15_14,test_runner,15,14,210,30,154.0
1959,test_35_6,test_runner,35,6,210,30,127.0
1960,test_15_14,test_runner,15,14,210,31,149.0
1961,test_35_6,test_runner,35,6,210,31,128.0
1962,test_15_14,test_runner,15,14,210,32,150.0
1963,test_35_6,test_runner,35,6,210,32,128.0
1964,test_15_14,test_runner,15,14,210,33,154.0
1965,test_35_6,test_runner,35,6,210,33,126.0
1966,test_15_14,test_runner,15,14,210,34,151.0
1967,test_35_6,test_runner,35,6,210,34,127.0
1968,test_15_14,test_runner,15,14,210,35,151.0
1969,test_35_6,test_runner,35,6,210,35,128.0
1970,test_15_14,test_runner,15,14,210,36,147.0
1971,test_35_6,test_runner,35,6,210,36,126.0
1972,test_15_14,test_runner,15,14,210,37,148.0
1973,test_35_6,test_runner,35,6,210,37,128.0
1974,test_15_14,test_runner,15,14,210,38,153.0
1975,test_35_6,test_runner,35,6,210,38,128.0
1976,test_15_14,test_runner,15,14,210,39,149.0
1977,test_35_6,test_runner,35,6,210,39,123.0
1978,test_15_14,test_runner,15,14,210,40,144.0
1979,test_35_6,test_runner,35,6,210,40,124.0
1980,test_15_14,test_runner,15,14,210,41,143.0
1981,test_35_6,test_runner,35,6,210,41,130.0
1982,test_15_14,test_runner,15,14,210,42,146.0
1983,test_35_6,test_runner,35,6,210,42,130.0
1984,test_15_14,test_runner,15,14,210,43,153.0
1985,test_35_6,test_runner,35,6,210,43,123.0
1986,test_15_14,test_runner,15,14,210,44,144.0
1987,test_35_6,test_runner,35,6,210,44,127.0
1988,test_15_14,test_runner,15,14,210,45,147.0
1989,test_35_6,test_runner,35,6,210,45,124.0
1990,test_15_14,test_runner,15,14,210,46,151.0
1991,test_35_6,test_runner,35,6,210,46,125.0
1992,test_15_14,test_runner,15,14,210,47,146.0
1993,test_35_6,test_runner,35,6,210,47,133.0
1994,test_15_14,test_runner,15,14,210,48,152.0
1995,test_35_6,test_runner,35,6,210,48,125.0
1996,test_15_14,test_runner,15,14,210,49,147.0
1997,test_35_6,test_runner,35,6,210,49,127.0
1998,test_15_14,test_runner,15,14,210,50,153.0
1999,test_35_6,test_runner,35,6,210,50,129.0
2000,test_55_4,test_runner,55,4,220,1,382.0
2001,test_55_4,test_runner,55,4,220,2,279.0
2002,test_55_4,test_runner,55,4,220,3,229.0
2003,test_55_4,test_runner,55,4,220,4,165.0
2004,test_55_4,test_runner,55,4,220,5,157.0
2005,test_55_4,test_runner,55,4,220,6,151.0
2006,test_55_4,test_runner,55,4,220,7,148.0
2007,test_55_4,test_runner,55,4,220,8,157.0
2008,test_55_4,test_runner,55,4,220,9,155.0
2009,test_55_4,test_runner,55,4,220,10,146.0
2010,test_55_4,test_runner,55,4,220,11,144.0
2011,test_55_4,test_runner,55,4,220,12,149.0
2012,test_55_4,test_runner,55,4,220,13,140.0
2013,test_55_4,test_runner,55,4,220,14,139.0
2014,test_55_4,test_runner,55,4,220,15,139.0
2015,test_55_4,test_runner,55,4,220,16,147.0
2016,test_55_4,test_runner,55,4,220,17,165.0
2017,test_55_4,test_runner,55,4,220,18,141.0
2018,test_55_4,test_runner,55,4,220,19,139.0
2019,test_55_4,test_runner,55,4,220,20,139.0
2020,test_55_4,test_runner,55,4,220,21,143.0
2021,test_55_4,test_runner,55,4,220,22,139.0
2022,test_55_4,test_runner,55,4,220,23,136.0
2023,test_55_4,test_runner,55,4,220,24,143.0
2024,test_55_4,test_runner,55,4,220,25,135.0
2025,test_55_4,test_runner,55,4,220,26,136.0
2026,test_55_4,test_runner,55,4,220,27,136.0
2027,test_55_4,test_runner,55,4,220,28,139.0
2028,test_55_4,test_runner,55,4,220,29,138.0
2029,test_55_4,test_runner,55,4,220,30,141.0
2030,test_55_4,test_runner,55,4,220,31,138.0
2031,test_55_4,test_runner,55,4,220,32,136.0
2032,test_55_4,test_runner,55,4,220,33,130.0
2033,test_55_4,test_runner,55,4,220,34,133.0
2034,test_55_4,test_runner,55,4,220,35,134.0
2035,test_55_4,test_runner,55,4,220,36,138.0
2036,test_55_4,test_runner,55,4,220,37,138.0
2037,test_55_4,test_runner,55,4,220,38,135.0
2038,test_55_4,test_runner,55,4,220,39,134.0
2039,test_55_4,test_runner,55,4,220,40,131.0
2040,test_55_4,test_runner,55,4,220,41,132.0
2041,test_55_4,test_runner,55,4,220,42,135.0
2042,test_55_4,test_runner,55,4,220,43,133.0
2043,test_55_4,test_runner,55,4,220,44,132.0
2044,test_55_4,test_runner,55,4,220,45,132.0
2045,test_55_4,test_runner,55,4,220,46,132.0
2046,test_55_4,test_runner,55,4,220,47,140.0
2047,test_55_4,test_runner,55,4,220,48,132.0
2048,test_55_4,test_runner,55,4,220,49,137.0
2049,test_55_4,test_runner,55,4,220,50,133.0
2050,test_15_16,test_runner,15,16,240,1,645.0
2051,test_20_12,test_runner,20,12,240,1,535.0
2052,test_30_8,test_runner,30,8,240,1,460.0
2053,test_40_6,test_runner,40,6,240,1,428.0
2054,test_60_4,test_runner,60,4,240,1,388.0
2055,test_15_16,test_runner,15,16,240,2,291.0
2056,test_20_12,test_runner,20,12,240,2,287.0
2057,test_30_8,test_runner,30,8,240,2,306.0
2058,test_40_6,test_runner,40,6,240,2,320.0
2059,test_60_4,test_runner,60,4,240,2,273.0
2060,test_15_16,test_runner,15,16,240,3,243.0
2061,test_20_12,test_runner,20,12,240,3,229.0
2062,test_30_8,test_runner,30,8,240,3,216.0
2063,test_40_6,test_runner,40,6,240,3,241.0
2064,test_60_4,test_runner,60,4,240,3,241.0
2065,test_15_16,test_runner,15,16,240,4,210.0
2066,test_20_12,test_runner,20,12,240,4,185.0
2067,test_30_8,test_runner,30,8,240,4,191.0
2068,test_40_6,test_runner,40,6,240,4,189.0
2069,test_60_4,test_runner,60,4,240,4,188.0
2070,test_15_16,test_runner,15,16,240,5,205.0
2071,test_20_12,test_runner,20,12,240,5,194.0
2072,test_30_8,test_runner,30,8,240,5,174.0
2073,test_40_6,test_runner,40,6,240,5,186.0
2074,test_60_4,test_runner,60,4,240,5,173.0
2075,test_15_16,test_runner,15,16,240,6,209.0
2076,test_20_12,test_runner,20,12,240,6,191.0
2077,test_30_8,test_runner,30,8,240,6,188.0
2078,test_40_6,test_runner,40,6,240,6,184.0
2079,test_60_4,test_runner,60,4,240,6,173.0
2080,test_15_16,test_runner,15,16,240,7,197.0
2081,test_20_12,test_runner,20,12,240,7,177.0
2082,test_30_8,test_runner,30,8,240,7,178.0
2083,test_40_6,test_runner,40,6,240,7,176.0
2084,test_60_4,test_runner,60,4,240,7,173.0
2085,test_15_16,test_runner,15,16,240,8,192.0
2086,test_20_12,test_runner,20,12,240,8,224.0
2087,test_30_8,test_runner,30,8,240,8,176.0
2088,test_40_6,test_runner,40,6,240,8,170.0
2089,test_60_4,test_runner,60,4,240,8,172.0
2090,test_15_16,test_runner,15,16,240,9,183.0
2091,test_20_12,test_runner,20,12,240,9,176.0
2092,test_30_8,test_runner,30,8,240,9,170.0
2093,test_40_6,test_runner,40,6,240,9,207.0
2094,test_60_4,test_runner,60,4,240,9,165.0
2095,test_15_16,test_runner,15,16,240,10,190.0
2096,test_20_12,test_runner,20,12,240,10,168.0
2097,test_30_8,test_runner,30,8,240,10,173.0
2098,test_40_6,test_runner,40,6,240,10,164.0
2099,test_60_4,test_runner,60,4,240,10,165.0
2100,test_15_16,test_runner,15,16,240,11,191.0
2101,test_20_12,test_runner,20,12,240,11,171.0
2102,test_30_8,test_runner,30,8,240,11,172.0
2103,test_40_6,test_runner,40,6,240,11,167.0
2104,test_60_4,test_runner,60,4,240,11,163.0
2105,test_15_16,test_runner,15,16,240,12,188.0
2106,test_20_12,test_runner,20,12,240,12,170.0
2107,test_30_8,test_runner,30,8,240,12,176.0
2108,test_40_6,test_runner,40,6,240,12,166.0
2109,test_60_4,test_runner,60,4,240,12,190.0
2110,test_15_16,test_runner,15,16,240,13,188.0
2111,test_20_12,test_runner,20,12,240,13,179.0
2112,test_30_8,test_runner,30,8,240,13,208.0
2113,test_40_6,test_runner,40,6,240,13,160.0
2114,test_60_4,test_runner,60,4,240,13,159.0
2115,test_15_16,test_runner,15,16,240,14,186.0
2116,test_20_12,test_runner,20,12,240,14,170.0
2117,test_30_8,test_runner,30,8,240,14,167.0
2118,test_40_6,test_runner,40,6,240,14,165.0
2119,test_60_4,test_runner,60,4,240,14,161.0
2120,test_15_16,test_runner,15,16,240,15,184.0
2121,test_20_12,test_runner,20,12,240,15,180.0
2122,test_30_8,test_runner,30,8,240,15,162.0
2123,test_40_6,test_runner,40,6,240,15,160.0
2124,test_60_4,test_runner,60,4,240,15,158.0
2125,test_15_16,test_runner,15,16,240,16,216.0
2126,test_20_12,test_runner,20,12,240,16,172.0
2127,test_30_8,test_runner,30,8,240,16,169.0
2128,test_40_6,test_runner,40,6,240,16,159.0
2129,test_60_4,test_runner,60,4,240,16,158.0
2130,test_15_16,test_runner,15,16,240,17,182.0
2131,test_20_12,test_runner,20,12,240,17,174.0
2132,test_30_8,test_runner,30,8,240,17,167.0
2133,test_40_6,test_runner,40,6,240,17,158.0
2134,test_60_4,test_runner,60,4,240,17,165.0
2135,test_15_16,test_runner,15,16,240,18,182.0
2136,test_20_12,test_runner,20,12,240,18,164.0
2137,test_30_8,test_runner,30,8,240,18,163.0
2138,test_40_6,test_runner,40,6,240,18,161.0
2139,test_60_4,test_runner,60,4,240,18,158.0
2140,test_15_16,test_runner,15,16,240,19,182.0
2141,test_20_12,test_runner,20,12,240,19,174.0
2142,test_30_8,test_runner,30,8,240,19,163.0
2143,test_40_6,test_runner,40,6,240,19,160.0
2144,test_60_4,test_runner,60,4,240,19,159.0
2145,test_15_16,test_runner,15,16,240,20,177.0
2146,test_20_12,test_runner,20,12,240,20,165.0
2147,test_30_8,test_runner,30,8,240,20,165.0
2148,test_40_6,test_runner,40,6,240,20,189.0
2149,test_60_4,test_runner,60,4,240,20,152.0
2150,test_15_16,test_runner,15,16,240,21,181.0
2151,test_20_12,test_runner,20,12,240,21,159.0
2152,test_30_8,test_runner,30,8,240,21,156.0
2153,test_40_6,test_runner,40,6,240,21,158.0
2154,test_60_4,test_runner,60,4,240,21,158.0
2155,test_15_16,test_runner,15,16,240,22,187.0
2156,test_20_12,test_runner,20,12,240,22,179.0
2157,test_30_8,test_runner,30,8,240,22,166.0
2158,test_40_6,test_runner,40,6,240,22,166.0
2159,test_60_4,test_runner,60,4,240,22,155.0
2160,test_15_16,test_runner,15,16,240,23,181.0
2161,test_20_12,test_runner,20,12,240,23,198.0
2162,test_30_8,test_runner,30,8,240,23,162.0
2163,test_40_6,test_runner,40,6,240,23,163.0
2164,test_60_4,test_runner,60,4,240,23,160.0
2165,test_15_16,test_runner,15,16,240,24,188.0
2166,test_20_12,test_runner,20,12,240,24,168.0
2167,test_30_8,test_runner,30,8,240,24,165.0
2168,test_40_6,test_runner,40,6,240,24,159.0
2169,test_60_4,test_runner,60,4,240,24,161.0
2170,test_15_16,test_runner,15,16,240,25,187.0
2171,test_20_12,test_runner,20,12,240,25,170.0
2172,test_30_8,test_runner,30,8,240,25,175.0
2173,test_40_6,test_runner,40,6,240,25,157.0
2174,test_60_4,test_runner,60,4,240,25,162.0
2175,test_15_16,test_runner,15,16,240,26,180.0
2176,test_20_12,test_runner,20,12,240,26,164.0
2177,test_30_8,test_runner,30,8,240,26,163.0
2178,test_40_6,test_runner,40,6,240,26,159.0
2179,test_60_4,test_runner,60,4,240,26,161.0
2180,test_15_16,test_runner,15,16,240,27,187.0
2181,test_20_12,test_runner,20,12,240,27,166.0
2182,test_30_8,test_runner,30,8,240,27,163.0
2183,test_40_6,test_runner,40,6,240,27,158.0
2184,test_60_4,test_runner,60,4,240,27,160.0
2185,test_15_16,test_runner,15,16,240,28,179.0
2186,test_20_12,test_runner,20,12,240,28,163.0
2187,test_30_8,test_runner,30,8,240,28,158.0
2188,test_40_6,test_runner,40,6,240,28,161.0
2189,test_60_4,test_runner,60,4,240,28,161.0
2190,test_15_16,test_runner,15,16,240,29,187.0
2191,test_20_12,test_runner,20,12,240,29,158.0
2192,test_30_8,test_runner,30,8,240,29,159.0
2193,test_40_6,test_runner,40,6,240,29,156.0
2194,test_60_4,test_runner,60,4,240,29,158.0
2195,test_15_16,test_runner,15,16,240,30,182.0
2196,test_20_12,test_runner,20,12,240,30,164.0
2197,test_30_8,test_runner,30,8,240,30,157.0
2198,test_40_6,test_runner,40,6,240,30,160.0
2199,test_60_4,test_runner,60,4,240,30,156.0
2200,test_15_16,test_runner,15,16,240,31,189.0
2201,test_20_12,test_runner,20,12,240,31,163.0
2202,test_30_8,test_runner,30,8,240,31,161.0
2203,test_40_6,test_runner,40,6,240,31,159.0
2204,test_60_4,test_runner,60,4,240,31,159.0
2205,test_15_16,test_runner,15,16,240,32,186.0
2206,test_20_12,test_runner,20,12,240,32,163.0
2207,test_30_8,test_runner,30,8,240,32,160.0
2208,test_40_6,test_runner,40,6,240,32,160.0
2209,test_60_4,test_runner,60,4,240,32,161.0
2210,test_15_16,test_runner,15,16,240,33,183.0
2211,test_20_12,test_runner,20,12,240,33,164.0
2212,test_30_8,test_runner,30,8,240,33,156.0
2213,test_40_6,test_runner,40,6,240,33,154.0
2214,test_60_4,test_runner,60,4,240,33,159.0
2215,test_15_16,test_runner,15,16,240,34,185.0
2216,test_20_12,test_runner,20,12,240,34,158.0
2217,test_30_8,test_runner,30,8,240,34,160.0
2218,test_40_6,test_runner,40,6,240,34,155.0
2219,test_60_4,test_runner,60,4,240,34,172.0
2220,test_15_16,test_runner,15,16,240,35,175.0
2221,test_20_12,test_runner,20,12,240,35,162.0
2222,test_30_8,test_runner,30,8,240,35,158.0
2223,test_40_6,test_runner,40,6,240,35,160.0
2224,test_60_4,test_runner,60,4,240,35,159.0
2225,test_15_16,test_runner,15,16,240,36,181.0
2226,test_20_12,test_runner,20,12,240,36,164.0
2227,test_30_8,test_runner,30,8,240,36,164.0
2228,test_40_6,test_runner,40,6,240,36,157.0
2229,test_60_4,test_runner,60,4,240,36,154.0
2230,test_15_16,test_runner,15,16,240,37,175.0
2231,test_20_12,test_runner,20,12,240,37,159.0
2232,test_30_8,test_runner,30,8,240,37,158.0
2233,test_40_6,test_runner,40,6,240,37,158.0
2234,test_60_4,test_runner,60,4,240,37,157.0
2235,test_15_16,test_runner,15,16,240,38,186.0
2236,test_20_12,test_runner,20,12,240,38,168.0
2237,test_30_8,test_runner,30,8,240,38,161.0
2238,test_40_6,test_runner,40,6,240,38,163.0
2239,test_60_4,test_runner,60,4,240,38,155.0
2240,test_15_16,test_runner,15,16,240,39,181.0
2241,test_20_12,test_runner,20,12,240,39,160.0
2242,test_30_8,test_runner,30,8,240,39,167.0
2243,test_40_6,test_runner,40,6,240,39,160.0
2244,test_60_4,test_runner,60,4,240,39,155.0
2245,test_15_16,test_runner,15,16,240,40,178.0
2246,test_20_12,test_runner,20,12,240,40,158.0
2247,test_30_8,test_runner,30,8,240,40,163.0
2248,test_40_6,test_runner,40,6,240,40,154.0
2249,test_60_4,test_runner,60,4,240,40,154.0
2250,test_15_16,test_runner,15,16,240,41,180.0
2251,test_20_12,test_runner,20,12,240,41,162.0
2252,test_30_8,test_runner,30,8,240,41,164.0
2253,test_40_6,test_runner,40,6,240,41,158.0
2254,test_60_4,test_runner,60,4,240,41,149.0
2255,test_15_16,test_runner,15,16,240,42,180.0
2256,test_20_12,test_runner,20,12,240,42,159.0
2257,test_30_8,test_runner,30,8,240,42,163.0
2258,test_40_6,test_runner,40,6,240,42,161.0
2259,test_60_4,test_runner,60,4,240,42,156.0
2260,test_15_16,test_runner,15,16,240,43,178.0
2261,test_20_12,test_runner,20,12,240,43,166.0
2262,test_30_8,test_runner,30,8,240,43,170.0
2263,test_40_6,test_runner,40,6,240,43,156.0
2264,test_60_4,test_runner,60,4,240,43,152.0
2265,test_15_16,test_runner,15,16,240,44,177.0
2266,test_20_12,test_runner,20,12,240,44,159.0
2267,test_30_8,test_runner,30,8,240,44,162.0
2268,test_40_6,test_runner,40,6,240,44,156.0
2269,test_60_4,test_runner,60,4,240,44,154.0
2270,test_15_16,test_runner,15,16,240,45,175.0
2271,test_20_12,test_runner,20,12,240,45,164.0
2272,test_30_8,test_runner,30,8,240,45,164.0
2273,test_40_6,test_runner,40,6,240,45,159.0
2274,test_60_4,test_runner,60,4,240,45,152.0
2275,test_15_16,test_runner,15,16,240,46,181.0
2276,test_20_12,test_runner,20,12,240,46,161.0
2277,test_30_8,test_runner,30,8,240,46,165.0
2278,test_40_6,test_runner,40,6,240,46,156.0
2279,test_60_4,test_runner,60,4,240,46,152.0
2280,test_15_16,test_runner,15,16,240,47,178.0
2281,test_20_12,test_runner,20,12,240,47,162.0
2282,test_30_8,test_runner,30,8,240,47,161.0
2283,test_40_6,test_runner,40,6,240,47,155.0
2284,test_60_4,test_runner,60,4,240,47,158.0
2285,test_15_16,test_runner,15,16,240,48,177.0
2286,test_20_12,test_runner,20,12,240,48,161.0
2287,test_30_8,test_runner,30,8,240,48,165.0
2288,test_40_6,test_runner,40,6,240,48,162.0
2289,test_60_4,test_runner,60,4,240,48,152.0
2290,test_15_16,test_runner,15,16,240,49,180.0
2291,test_20_12,test_runner,20,12,240,49,163.0
2292,test_30_8,test_runner,30,8,240,49,163.0
2293,test_40_6,test_runner,40,6,240,49,152.0
2294,test_60_4,test_runner,60,4,240,49,154.0
2295,test_15_16,test_runner,15,16,240,50,179.0
2296,test_20_12,test_runner,20,12,240,50,160.0
2297,test_30_8,test_runner,30,8,240,50,164.0
2298,test_40_6,test_runner,40,6,240,50,157.0
2299,test_60_4,test_runner,60,4,240,50,152.0
2300,test_25_10,test_runner,25,10,250,1,549.0
2301,test_25_10,test_runner,25,10,250,2,286.0
2302,test_25_10,test_runner,25,10,250,3,242.0
2303,test_25_10,test_runner,25,10,250,4,234.0
2304,test_25_10,test_runner,25,10,250,5,408.0
2305,test_25_10,test_runner,25,10,250,6,201.0
2306,test_25_10,test_runner,25,10,250,7,194.0
2307,test_25_10,test_runner,25,10,250,8,192.0
2308,test_25_10,test_runner,25,10,250,9,183.0
2309,test_25_10,test_runner,25,10,250,10,221.0
2310,test_25_10,test_runner,25,10,250,11,191.0
2311,test_25_10,test_runner,25,10,250,12,182.0
2312,test_25_10,test_runner,25,10,250,13,188.0
2313,test_25_10,test_runner,25,10,250,14,186.0
2314,test_25_10,test_runner,25,10,250,15,178.0
2315,test_25_10,test_runner,25,10,250,16,183.0
2316,test_25_10,test_runner,25,10,250,17,176.0
2317,test_25_10,test_runner,25,10,250,18,191.0
2318,test_25_10,test_runner,25,10,250,19,178.0
2319,test_25_10,test_runner,25,10,250,20,223.0
2320,test_25_10,test_runner,25,10,250,21,180.0
2321,test_25_10,test_runner,25,10,250,22,182.0
2322,test_25_10,test_runner,25,10,250,23,182.0
2323,test_25_10,test_runner,25,10,250,24,182.0
2324,test_25_10,test_runner,25,10,250,25,178.0
2325,test_25_10,test_runner,25,10,250,26,179.0
2326,test_25_10,test_runner,25,10,250,27,183.0
2327,test_25_10,test_runner,25,10,250,28,185.0
2328,test_25_10,test_runner,25,10,250,29,171.0
2329,test_25_10,test_runner,25,10,250,30,182.0
2330,test_25_10,test_runner,25,10,250,31,172.0
2331,test_25_10,test_runner,25,10,250,32,177.0
2332,test_25_10,test_runner,25,10,250,33,172.0
2333,test_25_10,test_runner,25,10,250,34,173.0
2334,test_25_10,test_runner,25,10,250,35,173.0
2335,test_25_10,test_runner,25,10,250,36,183.0
2336,test_25_10,test_runner,25,10,250,37,171.0
2337,test_25_10,test_runner,25,10,250,38,181.0
2338,test_25_10,test_runner,25,10,250,39,177.0
2339,test_25_10,test_runner,25,10,250,40,175.0
2340,test_25_10,test_runner,25,10,250,41,174.0
2341,test_25_10,test_runner,25,10,250,42,179.0
2342,test_25_10,test_runner,25,10,250,43,179.0
2343,test_25_10,test_runner,25,10,250,44,186.0
2344,test_25_10,test_runner,25,10,250,45,173.0
2345,test_25_10,test_runner,25,10,250,46,179.0
2346,test_25_10,test_runner,25,10,250,47,170.0
2347,test_25_10,test_runner,25,10,250,48,174.0
2348,test_25_10,test_runner,25,10,250,49,170.0
2349,test_25_10,test_runner,25,10,250,50,179.0
2350,test_15_18,test_runner,15,18,270,1,717.0
2351,test_45_6,test_runner,45,6,270,1,495.0
2352,test_15_18,test_runner,15,18,270,2,332.0
2353,test_45_6,test_runner,45,6,270,2,329.0
2354,test_15_18,test_runner,15,18,270,3,280.0
2355,test_45_6,test_runner,45,6,270,3,234.0
2356,test_15_18,test_runner,15,18,270,4,263.0
2357,test_45_6,test_runner,45,6,270,4,220.0
2358,test_15_18,test_runner,15,18,270,5,306.0
2359,test_45_6,test_runner,45,6,270,5,210.0
2360,test_15_18,test_runner,15,18,270,6,255.0
2361,test_45_6,test_runner,45,6,270,6,209.0
2362,test_15_18,test_runner,15,18,270,7,244.0
2363,test_45_6,test_runner,45,6,270,7,263.0
2364,test_15_18,test_runner,15,18,270,8,235.0
2365,test_45_6,test_runner,45,6,270,8,203.0
2366,test_15_18,test_runner,15,18,270,9,243.0
2367,test_45_6,test_runner,45,6,270,9,481.0
2368,test_15_18,test_runner,15,18,270,10,234.0
2369,test_45_6,test_runner,45,6,270,10,200.0
2370,test_15_18,test_runner,15,18,270,11,226.0
2371,test_45_6,test_runner,45,6,270,11,197.0
2372,test_15_18,test_runner,15,18,270,12,235.0
2373,test_45_6,test_runner,45,6,270,12,191.0
2374,test_15_18,test_runner,15,18,270,13,230.0
2375,test_45_6,test_runner,45,6,270,13,197.0
2376,test_15_18,test_runner,15,18,270,14,230.0
2377,test_45_6,test_runner,45,6,270,14,196.0
2378,test_15_18,test_runner,15,18,270,15,269.0
2379,test_45_6,test_runner,45,6,270,15,189.0
2380,test_15_18,test_runner,15,18,270,16,228.0
2381,test_45_6,test_runner,45,6,270,16,196.0
2382,test_15_18,test_runner,15,18,270,17,226.0
2383,test_45_6,test_runner,45,6,270,17,191.0
2384,test_15_18,test_runner,15,18,270,18,234.0
2385,test_45_6,test_runner,45,6,270,18,184.0
2386,test_15_18,test_runner,15,18,270,19,222.0
2387,test_45_6,test_runner,45,6,270,19,187.0
2388,test_15_18,test_runner,15,18,270,20,229.0
2389,test_45_6,test_runner,45,6,270,20,191.0
2390,test_15_18,test_runner,15,18,270,21,226.0
2391,test_45_6,test_runner,45,6,270,21,187.0
2392,test_15_18,test_runner,15,18,270,22,230.0
2393,test_45_6,test_runner,45,6,270,22,191.0
2394,test_15_18,test_runner,15,18,270,23,224.0
2395,test_45_6,test_runner,45,6,270,23,187.0
2396,test_15_18,test_runner,15,18,270,24,222.0
2397,test_45_6,test_runner,45,6,270,24,188.0
2398,test_15_18,test_runner,15,18,270,25,229.0
2399,test_45_6,test_runner,45,6,270,25,191.0
2400,test_15_18,test_runner,15,18,270,26,231.0
2401,test_45_6,test_runner,45,6,270,26,196.0
2402,test_15_18,test_runner,15,18,270,27,226.0
2403,test_45_6,test_runner,45,6,270,27,191.0
2404,test_15_18,test_runner,15,18,270,28,227.0
2405,test_45_6,test_runner,45,6,270,28,185.0
2406,test_15_18,test_runner,15,18,270,29,224.0
2407,test_45_6,test_runner,45,6,270,29,183.0
2408,test_15_18,test_runner,15,18,270,30,224.0
2409,test_45_6,test_runner,45,6,270,30,189.0
2410,test_15_18,test_runner,15,18,270,31,222.0
2411,test_45_6,test_runner,45,6,270,31,189.0
2412,test_15_18,test_runner,15,18,270,32,216.0
2413,test_45_6,test_runner,45,6,270,32,186.0
2414,test_15_18,test_runner,15,18,270,33,222.0
2415,test_45_6,test_runner,45,6,270,33,191.0
2416,test_15_18,test_runner,15,18,270,34,228.0
2417,test_45_6,test_runner,45,6,270,34,191.0
2418,test_15_18,test_runner,15,18,270,35,227.0
2419,test_45_6,test_runner,45,6,270,35,185.0
2420,test_15_18,test_runner,15,18,270,36,221.0
2421,test_45_6,test_runner,45,6,270,36,188.0
2422,test_15_18,test_runner,15,18,270,37,220.0
2423,test_45_6,test_runner,45,6,270,37,190.0
2424,test_15_18,test_runner,15,18,270,38,225.0
2425,test_45_6,test_runner,45,6,270,38,185.0
2426,test_15_18,test_runner,15,18,270,39,222.0
2427,test_45_6,test_runner,45,6,270,39,191.0
2428,test_15_18,test_runner,15,18,270,40,229.0
2429,test_45_6,test_runner,45,6,270,40,190.0
2430,test_15_18,test_runner,15,18,270,41,219.0
2431,test_45_6,test_runner,45,6,270,41,188.0
2432,test_15_18,test_runner,15,18,270,42,220.0
2433,test_45_6,test_runner,45,6,270,42,182.0
2434,test_15_18,test_runner,15,18,270,43,218.0
2435,test_45_6,test_runner,45,6,270,43,190.0
2436,test_15_18,test_runner,15,18,270,44,217.0
2437,test_45_6,test_runner,45,6,270,44,186.0
2438,test_15_18,test_runner,15,18,270,45,218.0
2439,test_45_6,test_runner,45,6,270,45,185.0
2440,test_15_18,test_runner,15,18,270,46,222.0
2441,test_45_6,test_runner,45,6,270,46,190.0
2442,test_15_18,test_runner,15,18,270,47,229.0
2443,test_45_6,test_runner,45,6,270,47,185.0
2444,test_15_18,test_runner,15,18,270,48,219.0
2445,test_45_6,test_runner,45,6,270,48,189.0
2446,test_15_18,test_runner,15,18,270,49,218.0
2447,test_45_6,test_runner,45,6,270,49,185.0
2448,test_15_18,test_runner,15,18,270,50,219.0
2449,test_45_6,test_runner,45,6,270,50,183.0
2450,test_20_14,test_runner,20,14,280,1,824.0
2451,test_35_8,test_runner,35,8,280,1,483.0
2452,test_20_14,test_runner,20,14,280,2,327.0
2453,test_35_8,test_runner,35,8,280,2,357.0
2454,test_20_14,test_runner,20,14,280,3,287.0
2455,test_35_8,test_runner,35,8,280,3,247.0
2456,test_20_14,test_runner,20,14,280,4,283.0
2457,test_35_8,test_runner,35,8,280,4,234.0
2458,test_20_14,test_runner,20,14,280,5,314.0
2459,test_35_8,test_runner,35,8,280,5,251.0
2460,test_20_14,test_runner,20,14,280,6,248.0
2461,test_35_8,test_runner,35,8,280,6,235.0
2462,test_20_14,test_runner,20,14,280,7,363.0
2463,test_35_8,test_runner,35,8,280,7,213.0
2464,test_20_14,test_runner,20,14,280,8,246.0
2465,test_35_8,test_runner,35,8,280,8,219.0
2466,test_20_14,test_runner,20,14,280,9,236.0
2467,test_35_8,test_runner,35,8,280,9,214.0
2468,test_20_14,test_runner,20,14,280,10,243.0
2469,test_35_8,test_runner,35,8,280,10,214.0
2470,test_20_14,test_runner,20,14,280,11,246.0
2471,test_35_8,test_runner,35,8,280,11,214.0
2472,test_20_14,test_runner,20,14,280,12,227.0
2473,test_35_8,test_runner,35,8,280,12,238.0
2474,test_20_14,test_runner,20,14,280,13,291.0
2475,test_35_8,test_runner,35,8,280,13,214.0
2476,test_20_14,test_runner,20,14,280,14,236.0
2477,test_35_8,test_runner,35,8,280,14,211.0
2478,test_20_14,test_runner,20,14,280,15,226.0
2479,test_35_8,test_runner,35,8,280,15,203.0
2480,test_20_14,test_runner,20,14,280,16,242.0
2481,test_35_8,test_runner,35,8,280,16,205.0
2482,test_20_14,test_runner,20,14,280,17,225.0
2483,test_35_8,test_runner,35,8,280,17,213.0
2484,test_20_14,test_runner,20,14,280,18,229.0
2485,test_35_8,test_runner,35,8,280,18,204.0
2486,test_20_14,test_runner,20,14,280,19,224.0
2487,test_35_8,test_runner,35,8,280,19,210.0
2488,test_20_14,test_runner,20,14,280,20,231.0
2489,test_35_8,test_runner,35,8,280,20,207.0
2490,test_20_14,test_runner,20,14,280,21,222.0
2491,test_35_8,test_runner,35,8,280,21,203.0
2492,test_20_14,test_runner,20,14,280,22,226.0
2493,test_35_8,test_runner,35,8,280,22,207.0
2494,test_20_14,test_runner,20,14,280,23,226.0
2495,test_35_8,test_runner,35,8,280,23,208.0
2496,test_20_14,test_runner,20,14,280,24,225.0
2497,test_35_8,test_runner,35,8,280,24,216.0
2498,test_20_14,test_runner,20,14,280,25,224.0
2499,test_35_8,test_runner,35,8,280,25,210.0
2500,test_20_14,test_runner,20,14,280,26,219.0
2501,test_35_8,test_runner,35,8,280,26,201.0
2502,test_20_14,test_runner,20,14,280,27,215.0
2503,test_35_8,test_runner,35,8,280,27,208.0
2504,test_20_14,test_runner,20,14,280,28,216.0
2505,test_35_8,test_runner,35,8,280,28,205.0
2506,test_20_14,test_runner,20,14,280,29,216.0
2507,test_35_8,test_runner,35,8,280,29,208.0
2508,test_20_14,test_runner,20,14,280,30,218.0
2509,test_35_8,test_runner,35,8,280,30,207.0
2510,test_20_14,test_runner,20,14,280,31,215.0
2511,test_35_8,test_runner,35,8,280,31,203.0
2512,test_20_14,test_runner,20,14,280,32,211.0
2513,test_35_8,test_runner,35,8,280,32,205.0
2514,test_20_14,test_runner,20,14,280,33,214.0
2515,test_35_8,test_runner,35,8,280,33,207.0
2516,test_20_14,test_runner,20,14,280,34,216.0
2517,test_35_8,test_runner,35,8,280,34,203.0
2518,test_20_14,test_runner,20,14,280,35,220.0
2519,test_35_8,test_runner,35,8,280,35,203.0
2520,test_20_14,test_runner,20,14,280,36,214.0
2521,test_35_8,test_runner,35,8,280,36,208.0
2522,test_20_14,test_runner,20,14,280,37,223.0
2523,test_35_8,test_runner,35,8,280,37,200.0
2524,test_20_14,test_runner,20,14,280,38,222.0
2525,test_35_8,test_runner,35,8,280,38,206.0
2526,test_20_14,test_runner,20,14,280,39,217.0
2527,test_35_8,test_runner,35,8,280,39,207.0
2528,test_20_14,test_runner,20,14,280,40,217.0
2529,test_35_8,test_runner,35,8,280,40,204.0
2530,test_20_14,test_runner,20,14,280,41,216.0
2531,test_35_8,test_runner,35,8,280,41,205.0
2532,test_20_14,test_runner,20,14,280,42,215.0
2533,test_35_8,test_runner,35,8,280,42,204.0
2534,test_20_14,test_runner,20,14,280,43,225.0
2535,test_35_8,test_runner,35,8,280,43,206.0
2536,test_20_14,test_runner,20,14,280,44,212.0
2537,test_35_8,test_runner,35,8,280,44,200.0
2538,test_20_14,test_runner,20,14,280,45,215.0
2539,test_35_8,test_runner,35,8,280,45,210.0
2540,test_20_14,test_runner,20,14,280,46,217.0
2541,test_35_8,test_runner,35,8,280,46,205.0
2542,test_20_14,test_runner,20,14,280,47,217.0
2543,test_35_8,test_runner,35,8,280,47,212.0
2544,test_20_14,test_runner,20,14,280,48,220.0
2545,test_35_8,test_runner,35,8,280,48,198.0
2546,test_20_14,test_runner,20,14,280,49,216.0
2547,test_35_8,test_runner,35,8,280,49,197.0
2548,test_20_14,test_runner,20,14,280,50,220.0
2549,test_35_8,test_runner,35,8,280,50,205.0
2550,test_15_20,test_runner,15,20,300,1,817.0
2551,test_25_12,test_runner,25,12,300,1,694.0
2552,test_30_10,test_runner,30,10,300,1,616.0
2553,test_50_6,test_runner,50,6,300,1,564.0
2554,test_15_20,test_runner,15,20,300,2,399.0
2555,test_25_12,test_runner,25,12,300,2,353.0
2556,test_30_10,test_runner,30,10,300,2,387.0
2557,test_50_6,test_runner,50,6,300,2,342.0
2558,test_15_20,test_runner,15,20,300,3,420.0
2559,test_25_12,test_runner,25,12,300,3,309.0
2560,test_30_10,test_runner,30,10,300,3,274.0
2561,test_50_6,test_runner,50,6,300,3,273.0
2562,test_15_20,test_runner,15,20,300,4,320.0
2563,test_25_12,test_runner,25,12,300,4,315.0
2564,test_30_10,test_runner,30,10,300,4,260.0
2565,test_50_6,test_runner,50,6,300,4,261.0
2566,test_15_20,test_runner,15,20,300,5,298.0
2567,test_25_12,test_runner,25,12,300,5,267.0
2568,test_30_10,test_runner,30,10,300,5,261.0
2569,test_50_6,test_runner,50,6,300,5,266.0
2570,test_15_20,test_runner,15,20,300,6,309.0
2571,test_25_12,test_runner,25,12,300,6,267.0
2572,test_30_10,test_runner,30,10,300,6,290.0
2573,test_50_6,test_runner,50,6,300,6,299.0
2574,test_15_20,test_runner,15,20,300,7,491.0
2575,test_25_12,test_runner,25,12,300,7,271.0
2576,test_30_10,test_runner,30,10,300,7,251.0
2577,test_50_6,test_runner,50,6,300,7,239.0
2578,test_15_20,test_runner,15,20,300,8,292.0
2579,test_25_12,test_runner,25,12,300,8,247.0
2580,test_30_10,test_runner,30,10,300,8,252.0
2581,test_50_6,test_runner,50,6,300,8,240.0
2582,test_15_20,test_runner,15,20,300,9,295.0
2583,test_25_12,test_runner,25,12,300,9,287.0
2584,test_30_10,test_runner,30,10,300,9,245.0
2585,test_50_6,test_runner,50,6,300,9,240.0
2586,test_15_20,test_runner,15,20,300,10,333.0
2587,test_25_12,test_runner,25,12,300,10,271.0
2588,test_30_10,test_runner,30,10,300,10,241.0
2589,test_50_6,test_runner,50,6,300,10,244.0
2590,test_15_20,test_runner,15,20,300,11,293.0
2591,test_25_12,test_runner,25,12,300,11,256.0
2592,test_30_10,test_runner,30,10,300,11,233.0
2593,test_50_6,test_runner,50,6,300,11,247.0
2594,test_15_20,test_runner,15,20,300,12,278.0
2595,test_25_12,test_runner,25,12,300,12,242.0
2596,test_30_10,test_runner,30,10,300,12,240.0
2597,test_50_6,test_runner,50,6,300,12,257.0
2598,test_15_20,test_runner,15,20,300,13,280.0
2599,test_25_12,test_runner,25,12,300,13,251.0
2600,test_30_10,test_runner,30,10,300,13,232.0
2601,test_50_6,test_runner,50,6,300,13,236.0
2602,test_15_20,test_runner,15,20,300,14,280.0
2603,test_25_12,test_runner,25,12,300,14,284.0
2604,test_30_10,test_runner,30,10,300,14,257.0
2605,test_50_6,test_runner,50,6,300,14,228.0
2606,test_15_20,test_runner,15,20,300,15,270.0
2607,test_25_12,test_runner,25,12,300,15,255.0
2608,test_30_10,test_runner,30,10,300,15,230.0
2609,test_50_6,test_runner,50,6,300,15,225.0
2610,test_15_20,test_runner,15,20,300,16,276.0
2611,test_25_12,test_runner,25,12,300,16,245.0
2612,test_30_10,test_runner,30,10,300,16,236.0
2613,test_50_6,test_runner,50,6,300,16,233.0
2614,test_15_20,test_runner,15,20,300,17,281.0
2615,test_25_12,test_runner,25,12,300,17,247.0
2616,test_30_10,test_runner,30,10,300,17,232.0
2617,test_50_6,test_runner,50,6,300,17,232.0
2618,test_15_20,test_runner,15,20,300,18,274.0
2619,test_25_12,test_runner,25,12,300,18,245.0
2620,test_30_10,test_runner,30,10,300,18,244.0
2621,test_50_6,test_runner,50,6,300,18,231.0
2622,test_15_20,test_runner,15,20,300,19,276.0
2623,test_25_12,test_runner,25,12,300,19,241.0
2624,test_30_10,test_runner,30,10,300,19,231.0
2625,test_50_6,test_runner,50,6,300,19,233.0
2626,test_15_20,test_runner,15,20,300,20,283.0
2627,test_25_12,test_runner,25,12,300,20,240.0
2628,test_30_10,test_runner,30,10,300,20,232.0
2629,test_50_6,test_runner,50,6,300,20,233.0
2630,test_15_20,test_runner,15,20,300,21,271.0
2631,test_25_12,test_runner,25,12,300,21,241.0
2632,test_30_10,test_runner,30,10,300,21,228.0
2633,test_50_6,test_runner,50,6,300,21,232.0
2634,test_15_20,test_runner,15,20,300,22,278.0
2635,test_25_12,test_runner,25,12,300,22,237.0
2636,test_30_10,test_runner,30,10,300,22,231.0
2637,test_50_6,test_runner,50,6,300,22,232.0
2638,test_15_20,test_runner,15,20,300,23,273.0
2639,test_25_12,test_runner,25,12,300,23,250.0
2640,test_30_10,test_runner,30,10,300,23,231.0
2641,test_50_6,test_runner,50,6,300,23,235.0
2642,test_15_20,test_runner,15,20,300,24,276.0
2643,test_25_12,test_runner,25,12,300,24,238.0
2644,test_30_10,test_runner,30,10,300,24,237.0
2645,test_50_6,test_runner,50,6,300,24,232.0
2646,test_15_20,test_runner,15,20,300,25,280.0
2647,test_25_12,test_runner,25,12,300,25,238.0
2648,test_30_10,test_runner,30,10,300,25,231.0
2649,test_50_6,test_runner,50,6,300,25,224.0
2650,test_15_20,test_runner,15,20,300,26,275.0
2651,test_25_12,test_runner,25,12,300,26,242.0
2652,test_30_10,test_runner,30,10,300,26,227.0
2653,test_50_6,test_runner,50,6,300,26,231.0
2654,test_15_20,test_runner,15,20,300,27,273.0
2655,test_25_12,test_runner,25,12,300,27,242.0
2656,test_30_10,test_runner,30,10,300,27,228.0
2657,test_50_6,test_runner,50,6,300,27,226.0
2658,test_15_20,test_runner,15,20,300,28,272.0
2659,test_25_12,test_runner,25,12,300,28,250.0
2660,test_30_10,test_runner,30,10,300,28,232.0
2661,test_50_6,test_runner,50,6,300,28,227.0
2662,test_15_20,test_runner,15,20,300,29,268.0
2663,test_25_12,test_runner,25,12,300,29,247.0
2664,test_30_10,test_runner,30,10,300,29,227.0
2665,test_50_6,test_runner,50,6,300,29,226.0
2666,test_15_20,test_runner,15,20,300,30,262.0
2667,test_25_12,test_runner,25,12,300,30,249.0
2668,test_30_10,test_runner,30,10,300,30,236.0
2669,test_50_6,test_runner,50,6,300,30,219.0
2670,test_15_20,test_runner,15,20,300,31,273.0
2671,test_25_12,test_runner,25,12,300,31,245.0
2672,test_30_10,test_runner,30,10,300,31,227.0
2673,test_50_6,test_runner,50,6,300,31,231.0
2674,test_15_20,test_runner,15,20,300,32,266.0
2675,test_25_12,test_runner,25,12,300,32,234.0
2676,test_30_10,test_runner,30,10,300,32,232.0
2677,test_50_6,test_runner,50,6,300,32,229.0
2678,test_15_20,test_runner,15,20,300,33,263.0
2679,test_25_12,test_runner,25,12,300,33,239.0
2680,test_30_10,test_runner,30,10,300,33,228.0
2681,test_50_6,test_runner,50,6,300,33,221.0
2682,test_15_20,test_runner,15,20,300,34,263.0
2683,test_25_12,test_runner,25,12,300,34,230.0
2684,test_30_10,test_runner,30,10,300,34,235.0
2685,test_50_6,test_runner,50,6,300,34,231.0
2686,test_15_20,test_runner,15,20,300,35,280.0
2687,test_25_12,test_runner,25,12,300,35,230.0
2688,test_30_10,test_runner,30,10,300,35,233.0
2689,test_50_6,test_runner,50,6,300,35,234.0
2690,test_15_20,test_runner,15,20,300,36,271.0
2691,test_25_12,test_runner,25,12,300,36,235.0
2692,test_30_10,test_runner,30,10,300,36,226.0
2693,test_50_6,test_runner,50,6,300,36,224.0
2694,test_15_20,test_runner,15,20,300,37,276.0
2695,test_25_12,test_runner,25,12,300,37,229.0
2696,test_30_10,test_runner,30,10,300,37,234.0
2697,test_50_6,test_runner,50,6,300,37,225.0
2698,test_15_20,test_runner,15,20,300,38,269.0
2699,test_25_12,test_runner,25,12,300,38,235.0
2700,test_30_10,test_runner,30,10,300,38,230.0
2701,test_50_6,test_runner,50,6,300,38,232.0
2702,test_15_20,test_runner,15,20,300,39,263.0
2703,test_25_12,test_runner,25,12,300,39,227.0
2704,test_30_10,test_runner,30,10,300,39,229.0
2705,test_50_6,test_runner,50,6,300,39,230.0
2706,test_15_20,test_runner,15,20,300,40,263.0
2707,test_25_12,test_runner,25,12,300,40,232.0
2708,test_30_10,test_runner,30,10,300,40,236.0
2709,test_50_6,test_runner,50,6,300,40,225.0
2710,test_15_20,test_runner,15,20,300,41,272.0
2711,test_25_12,test_runner,25,12,300,41,229.0
2712,test_30_10,test_runner,30,10,300,41,229.0
2713,test_50_6,test_runner,50,6,300,41,227.0
2714,test_15_20,test_runner,15,20,300,42,265.0
2715,test_25_12,test_runner,25,12,300,42,227.0
2716,test_30_10,test_runner,30,10,300,42,228.0
2717,test_50_6,test_runner,50,6,300,42,229.0
2718,test_15_20,test_runner,15,20,300,43,272.0
2719,test_25_12,test_runner,25,12,300,43,237.0
2720,test_30_10,test_runner,30,10,300,43,228.0
2721,test_50_6,test_runner,50,6,300,43,229.0
2722,test_15_20,test_runner,15,20,300,44,271.0
2723,test_25_12,test_runner,25,12,300,44,230.0
2724,test_30_10,test_runner,30,10,300,44,231.0
2725,test_50_6,test_runner,50,6,300,44,226.0
2726,test_15_20,test_runner,15,20,300,45,267.0
2727,test_25_12,test_runner,25,12,300,45,231.0
2728,test_30_10,test_runner,30,10,300,45,236.0
2729,test_50_6,test_runner,50,6,300,45,224.0
2730,test_15_20,test_runner,15,20,300,46,271.0
2731,test_25_12,test_runner,25,12,300,46,229.0
2732,test_30_10,test_runner,30,10,300,46,232.0
2733,test_50_6,test_runner,50,6,300,46,222.0
2734,test_15_20,test_runner,15,20,300,47,267.0
2735,test_25_12,test_runner,25,12,300,47,232.0
2736,test_30_10,test_runner,30,10,300,47,231.0
2737,test_50_6,test_runner,50,6,300,47,226.0
2738,test_15_20,test_runner,15,20,300,48,265.0
2739,test_25_12,test_runner,25,12,300,48,231.0
2740,test_30_10,test_runner,30,10,300,48,230.0
2741,test_50_6,test_runner,50,6,300,48,230.0
2742,test_15_20,test_runner,15,20,300,49,269.0
2743,test_25_12,test_runner,25,12,300,49,226.0
2744,test_30_10,test_runner,30,10,300,49,233.0
2745,test_50_6,test_runner,50,6,300,49,232.0
2746,test_15_20,test_runner,15,20,300,50,263.0
2747,test_25_12,test_runner,25,12,300,50,231.0
2748,test_30_10,test_runner,30,10,300,50,231.0
2749,test_50_6,test_runner,50,6,300,50,233.0
2750,test_20_16,test_runner,20,16,320,1,772.0
2751,test_40_8,test_runner,40,8,320,1,584.0
2752,test_20_16,test_runner,20,16,320,2,423.0
2753,test_40_8,test_runner,40,8,320,2,407.0
2754,test_20_16,test_runner,20,16,320,3,405.0
2755,test_40_8,test_runner,40,8,320,3,319.0
2756,test_20_16,test_runner,20,16,320,4,370.0
2757,test_40_8,test_runner,40,8,320,4,298.0
2758,test_20_16,test_runner,20,16,320,5,329.0
2759,test_40_8,test_runner,40,8,320,5,335.0
2760,test_20_16,test_runner,20,16,320,6,337.0
2761,test_40_8,test_runner,40,8,320,6,276.0
2762,test_20_16,test_runner,20,16,320,7,330.0
2763,test_40_8,test_runner,40,8,320,7,274.0
2764,test_20_16,test_runner,20,16,320,8,368.0
2765,test_40_8,test_runner,40,8,320,8,275.0
2766,test_20_16,test_runner,20,16,320,9,336.0
2767,test_40_8,test_runner,40,8,320,9,279.0
2768,test_20_16,test_runner,20,16,320,10,337.0
2769,test_40_8,test_runner,40,8,320,10,287.0
2770,test_20_16,test_runner,20,16,320,11,318.0
2771,test_40_8,test_runner,40,8,320,11,289.0
2772,test_20_16,test_runner,20,16,320,12,328.0
2773,test_40_8,test_runner,40,8,320,12,267.0
2774,test_20_16,test_runner,20,16,320,13,309.0
2775,test_40_8,test_runner,40,8,320,13,261.0
2776,test_20_16,test_runner,20,16,320,14,317.0
2777,test_40_8,test_runner,40,8,320,14,269.0
2778,test_20_16,test_runner,20,16,320,15,307.0
2779,test_40_8,test_runner,40,8,320,15,257.0
2780,test_20_16,test_runner,20,16,320,16,312.0
2781,test_40_8,test_runner,40,8,320,16,264.0
2782,test_20_16,test_runner,20,16,320,17,308.0
2783,test_40_8,test_runner,40,8,320,17,264.0
2784,test_20_16,test_runner,20,16,320,18,315.0
2785,test_40_8,test_runner,40,8,320,18,264.0
2786,test_20_16,test_runner,20,16,320,19,309.0
2787,test_40_8,test_runner,40,8,320,19,261.0
2788,test_20_16,test_runner,20,16,320,20,310.0
2789,test_40_8,test_runner,40,8,320,20,265.0
2790,test_20_16,test_runner,20,16,320,21,306.0
2791,test_40_8,test_runner,40,8,320,21,262.0
2792,test_20_16,test_runner,20,16,320,22,308.0
2793,test_40_8,test_runner,40,8,320,22,265.0
2794,test_20_16,test_runner,20,16,320,23,310.0
2795,test_40_8,test_runner,40,8,320,23,274.0
2796,test_20_16,test_runner,20,16,320,24,311.0
2797,test_40_8,test_runner,40,8,320,24,261.0
2798,test_20_16,test_runner,20,16,320,25,319.0
2799,test_40_8,test_runner,40,8,320,25,267.0
2800,test_20_16,test_runner,20,16,320,26,303.0
2801,test_40_8,test_runner,40,8,320,26,262.0
2802,test_20_16,test_runner,20,16,320,27,309.0
2803,test_40_8,test_runner,40,8,320,27,264.0
2804,test_20_16,test_runner,20,16,320,28,310.0
2805,test_40_8,test_runner,40,8,320,28,260.0
2806,test_20_16,test_runner,20,16,320,29,303.0
2807,test_40_8,test_runner,40,8,320,29,259.0
2808,test_20_16,test_runner,20,16,320,30,308.0
2809,test_40_8,test_runner,40,8,320,30,262.0
2810,test_20_16,test_runner,20,16,320,31,307.0
2811,test_40_8,test_runner,40,8,320,31,258.0
2812,test_20_16,test_runner,20,16,320,32,307.0
2813,test_40_8,test_runner,40,8,320,32,257.0
2814,test_20_16,test_runner,20,16,320,33,303.0
2815,test_40_8,test_runner,40,8,320,33,260.0
2816,test_20_16,test_runner,20,16,320,34,302.0
2817,test_40_8,test_runner,40,8,320,34,257.0
2818,test_20_16,test_runner,20,16,320,35,305.0
2819,test_40_8,test_runner,40,8,320,35,254.0
2820,test_20_16,test_runner,20,16,320,36,297.0
2821,test_40_8,test_runner,40,8,320,36,261.0
2822,test_20_16,test_runner,20,16,320,37,308.0
2823,test_40_8,test_runner,40,8,320,37,258.0
2824,test_20_16,test_runner,20,16,320,38,302.0
2825,test_40_8,test_runner,40,8,320,38,258.0
2826,test_20_16,test_runner,20,16,320,39,307.0
2827,test_40_8,test_runner,40,8,320,39,258.0
2828,test_20_16,test_runner,20,16,320,40,301.0
2829,test_40_8,test_runner,40,8,320,40,260.0
2830,test_20_16,test_runner,20,16,320,41,306.0
2831,test_40_8,test_runner,40,8,320,41,255.0
2832,test_20_16,test_runner,20,16,320,42,300.0
2833,test_40_8,test_runner,40,8,320,42,255.0
2834,test_20_16,test_runner,20,16,320,43,307.0
2835,test_40_8,test_runner,40,8,320,43,260.0
2836,test_20_16,test_runner,20,16,320,44,300.0
2837,test_40_8,test_runner,40,8,320,44,264.0
2838,test_20_16,test_runner,20,16,320,45,303.0
2839,test_40_8,test_runner,40,8,320,45,264.0
2840,test_20_16,test_runner,20,16,320,46,302.0
2841,test_40_8,test_runner,40,8,320,46,258.0
2842,test_20_16,test_runner,20,16,320,47,300.0
2843,test_40_8,test_runner,40,8,320,47,262.0
2844,test_20_16,test_runner,20,16,320,48,299.0
2845,test_40_8,test_runner,40,8,320,48,257.0
2846,test_20_16,test_runner,20,16,320,49,299.0
2847,test_40_8,test_runner,40,8,320,49,261.0
2848,test_20_16,test_runner,20,16,320,50,306.0
2849,test_40_8,test_runner,40,8,320,50,257.0
2850,test_55_6,test_runner,55,6,330,1,624.0
2851,test_55_6,test_runner,55,6,330,2,449.0
2852,test_55_6,test_runner,55,6,330,3,366.0
2853,test_55_6,test_runner,55,6,330,4,317.0
2854,test_55_6,test_runner,55,6,330,5,349.0
2855,test_55_6,test_runner,55,6,330,6,302.0
2856,test_55_6,test_runner,55,6,330,7,304.0
2857,test_55_6,test_runner,55,6,330,8,296.0
2858,test_55_6,test_runner,55,6,330,9,299.0
2859,test_55_6,test_runner,55,6,330,10,330.0
2860,test_55_6,test_runner,55,6,330,11,283.0
2861,test_55_6,test_runner,55,6,330,12,282.0
2862,test_55_6,test_runner,55,6,330,13,278.0
2863,test_55_6,test_runner,55,6,330,14,275.0
2864,test_55_6,test_runner,55,6,330,15,279.0
2865,test_55_6,test_runner,55,6,330,16,283.0
2866,test_55_6,test_runner,55,6,330,17,284.0
2867,test_55_6,test_runner,55,6,330,18,284.0
2868,test_55_6,test_runner,55,6,330,19,274.0
2869,test_55_6,test_runner,55,6,330,20,284.0
2870,test_55_6,test_runner,55,6,330,21,284.0
2871,test_55_6,test_runner,55,6,330,22,278.0
2872,test_55_6,test_runner,55,6,330,23,286.0
2873,test_55_6,test_runner,55,6,330,24,281.0
2874,test_55_6,test_runner,55,6,330,25,282.0
2875,test_55_6,test_runner,55,6,330,26,281.0
2876,test_55_6,test_runner,55,6,330,27,284.0
2877,test_55_6,test_runner,55,6,330,28,281.0
2878,test_55_6,test_runner,55,6,330,29,282.0
2879,test_55_6,test_runner,55,6,330,30,272.0
2880,test_55_6,test_runner,55,6,330,31,278.0
2881,test_55_6,test_runner,55,6,330,32,279.0
2882,test_55_6,test_runner,55,6,330,33,283.0
2883,test_55_6,test_runner,55,6,330,34,279.0
2884,test_55_6,test_runner,55,6,330,35,282.0
2885,test_55_6,test_runner,55,6,330,36,282.0
2886,test_55_6,test_runner,55,6,330,37,274.0
2887,test_55_6,test_runner,55,6,330,38,272.0
2888,test_55_6,test_runner,55,6,330,39,279.0
2889,test_55_6,test_runner,55,6,330,40,273.0
2890,test_55_6,test_runner,55,6,330,41,276.0
2891,test_55_6,test_runner,55,6,330,42,278.0
2892,test_55_6,test_runner,55,6,330,43,277.0
2893,test_55_6,test_runner,55,6,330,44,277.0
2894,test_55_6,test_runner,55,6,330,45,280.0
2895,test_55_6,test_runner,55,6,330,46,273.0
2896,test_55_6,test_runner,55,6,330,47,283.0
2897,test_55_6,test_runner,55,6,330,48,286.0
2898,test_55_6,test_runner,55,6,330,49,281.0
2899,test_55_6,test_runner,55,6,330,50,280.0
2900,test_25_14,test_runner,25,14,350,1,804.0
2901,test_35_10,test_runner,35,10,350,1,738.0
2902,test_25_14,test_runner,25,14,350,2,476.0
2903,test_35_10,test_runner,35,10,350,2,430.0
2904,test_25_14,test_runner,25,14,350,3,447.0
2905,test_35_10,test_runner,35,10,350,3,397.0
2906,test_25_14,test_runner,25,14,350,4,374.0
2907,test_35_10,test_runner,35,10,350,4,438.0
2908,test_25_14,test_runner,25,14,350,5,354.0
2909,test_35_10,test_runner,35,10,350,5,359.0
2910,test_25_14,test_runner,25,14,350,6,353.0
2911,test_35_10,test_runner,35,10,350,6,347.0
2912,test_25_14,test_runner,25,14,350,7,354.0
2913,test_35_10,test_runner,35,10,350,7,337.0
2914,test_25_14,test_runner,25,14,350,8,394.0
2915,test_35_10,test_runner,35,10,350,8,340.0
2916,test_25_14,test_runner,25,14,350,9,341.0
2917,test_35_10,test_runner,35,10,350,9,335.0
2918,test_25_14,test_runner,25,14,350,10,337.0
2919,test_35_10,test_runner,35,10,350,10,363.0
2920,test_25_14,test_runner,25,14,350,11,342.0
2921,test_35_10,test_runner,35,10,350,11,334.0
2922,test_25_14,test_runner,25,14,350,12,336.0
2923,test_35_10,test_runner,35,10,350,12,327.0
2924,test_25_14,test_runner,25,14,350,13,336.0
2925,test_35_10,test_runner,35,10,350,13,327.0
2926,test_25_14,test_runner,25,14,350,14,335.0
2927,test_35_10,test_runner,35,10,350,14,317.0
2928,test_25_14,test_runner,25,14,350,15,330.0
2929,test_35_10,test_runner,35,10,350,15,322.0
2930,test_25_14,test_runner,25,14,350,16,340.0
2931,test_35_10,test_runner,35,10,350,16,326.0
2932,test_25_14,test_runner,25,14,350,17,335.0
2933,test_35_10,test_runner,35,10,350,17,322.0
2934,test_25_14,test_runner,25,14,350,18,330.0
2935,test_35_10,test_runner,35,10,350,18,323.0
2936,test_25_14,test_runner,25,14,350,19,339.0
2937,test_35_10,test_runner,35,10,350,19,323.0
2938,test_25_14,test_runner,25,14,350,20,337.0
2939,test_35_10,test_runner,35,10,350,20,322.0
2940,test_25_14,test_runner,25,14,350,21,334.0
2941,test_35_10,test_runner,35,10,350,21,327.0
2942,test_25_14,test_runner,25,14,350,22,331.0
2943,test_35_10,test_runner,35,10,350,22,322.0
2944,test_25_14,test_runner,25,14,350,23,326.0
2945,test_35_10,test_runner,35,10,350,23,323.0
2946,test_25_14,test_runner,25,14,350,24,331.0
2947,test_35_10,test_runner,35,10,350,24,324.0
2948,test_25_14,test_runner,25,14,350,25,335.0
2949,test_35_10,test_runner,35,10,350,25,324.0
2950,test_25_14,test_runner,25,14,350,26,335.0
2951,test_35_10,test_runner,35,10,350,26,322.0
2952,test_25_14,test_runner,25,14,350,27,332.0
2953,test_35_10,test_runner,35,10,350,27,324.0
2954,test_25_14,test_runner,25,14,350,28,326.0
2955,test_35_10,test_runner,35,10,350,28,336.0
2956,test_25_14,test_runner,25,14,350,29,329.0
2957,test_35_10,test_runner,35,10,350,29,326.0
2958,test_25_14,test_runner,25,14,350,30,338.0
2959,test_35_10,test_runner,35,10,350,30,325.0
2960,test_25_14,test_runner,25,14,350,31,327.0
2961,test_35_10,test_runner,35,10,350,31,323.0
2962,test_25_14,test_runner,25,14,350,32,333.0
2963,test_35_10,test_runner,35,10,350,32,325.0
2964,test_25_14,test_runner,25,14,350,33,337.0
2965,test_35_10,test_runner,35,10,350,33,318.0
2966,test_25_14,test_runner,25,14,350,34,332.0
2967,test_35_10,test_runner,35,10,350,34,327.0
2968,test_25_14,test_runner,25,14,350,35,344.0
2969,test_35_10,test_runner,35,10,350,35,323.0
2970,test_25_14,test_runner,25,14,350,36,336.0
2971,test_35_10,test_runner,35,10,350,36,316.0
2972,test_25_14,test_runner,25,14,350,37,329.0
2973,test_35_10,test_runner,35,10,350,37,316.0
2974,test_25_14,test_runner,25,14,350,38,338.0
2975,test_35_10,test_runner,35,10,350,38,324.0
2976,test_25_14,test_runner,25,14,350,39,340.0
2977,test_35_10,test_runner,35,10,350,39,322.0
2978,test_25_14,test_runner,25,14,350,40,333.0
2979,test_35_10,test_runner,35,10,350,40,322.0
2980,test_25_14,test_runner,25,14,350,41,328.0
2981,test_35_10,test_runner,35,10,350,41,323.0
2982,test_25_14,test_runner,25,14,350,42,338.0
2983,test_35_10,test_runner,35,10,350,42,313.0
2984,test_25_14,test_runner,25,14,350,43,329.0
2985,test_35_10,test_runner,35,10,350,43,309.0
2986,test_25_14,test_runner,25,14,350,44,331.0
2987,test_35_10,test_runner,35,10,350,44,305.0
2988,test_25_14,test_runner,25,14,350,45,339.0
2989,test_35_10,test_runner,35,10,350,45,309.0
2990,test_25_14,test_runner,25,14,350,46,329.0
2991,test_35_10,test_runner,35,10,350,46,308.0
2992,test_25_14,test_runner,25,14,350,47,327.0
2993,test_35_10,test_runner,35,10,350,47,324.0
2994,test_25_14,test_runner,25,14,350,48,326.0
2995,test_35_10,test_runner,35,10,350,48,308.0
2996,test_25_14,test_runner,25,14,350,49,333.0
2997,test_35_10,test_runner,35,10,350,49,315.0
2998,test_25_14,test_runner,25,14,350,50,327.0
2999,test_35_10,test_runner,35,10,350,50,309.0
3000,test_20_18,test_runner,20,18,360,1,909.0
3001,test_30_12,test_runner,30,12,360,1,792.0
3002,test_45_8,test_runner,45,8,360,1,699.0
3003,test_60_6,test_runner,60,6,360,1,717.0
3004,test_20_18,test_runner,20,18,360,2,512.0
3005,test_30_12,test_runner,30,12,360,2,495.0
3006,test_45_8,test_runner,45,8,360,2,464.0
3007,test_60_6,test_runner,60,6,360,2,474.0
3008,test_20_18,test_runner,20,18,360,3,472.0
3009,test_30_12,test_runner,30,12,360,3,483.0
3010,test_45_8,test_runner,45,8,360,3,422.0
3011,test_60_6,test_runner,60,6,360,3,389.0
3012,test_20_18,test_runner,20,18,360,4,391.0
3013,test_30_12,test_runner,30,12,360,4,394.0
3014,test_45_8,test_runner,45,8,360,4,389.0
3015,test_60_6,test_runner,60,6,360,4,404.0
3016,test_20_18,test_runner,20,18,360,5,383.0
3017,test_30_12,test_runner,30,12,360,5,374.0
3018,test_45_8,test_runner,45,8,360,5,354.0
3019,test_60_6,test_runner,60,6,360,5,352.0
3020,test_20_18,test_runner,20,18,360,6,381.0
3021,test_30_12,test_runner,30,12,360,6,368.0
3022,test_45_8,test_runner,45,8,360,6,358.0
3023,test_60_6,test_runner,60,6,360,6,347.0
3024,test_20_18,test_runner,20,18,360,7,380.0
3025,test_30_12,test_runner,30,12,360,7,374.0
3026,test_45_8,test_runner,45,8,360,7,352.0
3027,test_60_6,test_runner,60,6,360,7,351.0
3028,test_20_18,test_runner,20,18,360,8,386.0
3029,test_30_12,test_runner,30,12,360,8,400.0
3030,test_45_8,test_runner,45,8,360,8,351.0
3031,test_60_6,test_runner,60,6,360,8,349.0
3032,test_20_18,test_runner,20,18,360,9,376.0
3033,test_30_12,test_runner,30,12,360,9,359.0
3034,test_45_8,test_runner,45,8,360,9,372.0
3035,test_60_6,test_runner,60,6,360,9,369.0
3036,test_20_18,test_runner,20,18,360,10,387.0
3037,test_30_12,test_runner,30,12,360,10,364.0
3038,test_45_8,test_runner,45,8,360,10,353.0
3039,test_60_6,test_runner,60,6,360,10,354.0
3040,test_20_18,test_runner,20,18,360,11,362.0
3041,test_30_12,test_runner,30,12,360,11,361.0
3042,test_45_8,test_runner,45,8,360,11,341.0
3043,test_60_6,test_runner,60,6,360,11,343.0
3044,test_20_18,test_runner,20,18,360,12,368.0
3045,test_30_12,test_runner,30,12,360,12,343.0
3046,test_45_8,test_runner,45,8,360,12,337.0
3047,test_60_6,test_runner,60,6,360,12,339.0
3048,test_20_18,test_runner,20,18,360,13,367.0
3049,test_30_12,test_runner,30,12,360,13,341.0
3050,test_45_8,test_runner,45,8,360,13,335.0
3051,test_60_6,test_runner,60,6,360,13,336.0
3052,test_20_18,test_runner,20,18,360,14,365.0
3053,test_30_12,test_runner,30,12,360,14,347.0
3054,test_45_8,test_runner,45,8,360,14,337.0
3055,test_60_6,test_runner,60,6,360,14,337.0
3056,test_20_18,test_runner,20,18,360,15,371.0
3057,test_30_12,test_runner,30,12,360,15,347.0
3058,test_45_8,test_runner,45,8,360,15,329.0
3059,test_60_6,test_runner,60,6,360,15,346.0
3060,test_20_18,test_runner,20,18,360,16,369.0
3061,test_30_12,test_runner,30,12,360,16,347.0
3062,test_45_8,test_runner,45,8,360,16,333.0
3063,test_60_6,test_runner,60,6,360,16,342.0
3064,test_20_18,test_runner,20,18,360,17,365.0
3065,test_30_12,test_runner,30,12,360,17,349.0
3066,test_45_8,test_runner,45,8,360,17,339.0
3067,test_60_6,test_runner,60,6,360,17,341.0
3068,test_20_18,test_runner,20,18,360,18,369.0
3069,test_30_12,test_runner,30,12,360,18,340.0
3070,test_45_8,test_runner,45,8,360,18,331.0
3071,test_60_6,test_runner,60,6,360,18,335.0
3072,test_20_18,test_runner,20,18,360,19,366.0
3073,test_30_12,test_runner,30,12,360,19,342.0
3074,test_45_8,test_runner,45,8,360,19,332.0
3075,test_60_6,test_runner,60,6,360,19,348.0
3076,test_20_18,test_runner,20,18,360,20,366.0
3077,test_30_12,test_runner,30,12,360,20,340.0
3078,test_45_8,test_runner,45,8,360,20,334.0
3079,test_60_6,test_runner,60,6,360,20,335.0
3080,test_20_18,test_runner,20,18,360,21,372.0
3081,test_30_12,test_runner,30,12,360,21,339.0
3082,test_45_8,test_runner,45,8,360,21,341.0
3083,test_60_6,test_runner,60,6,360,21,344.0
3084,test_20_18,test_runner,20,18,360,22,358.0
3085,test_30_12,test_runner,30,12,360,22,340.0
3086,test_45_8,test_runner,45,8,360,22,344.0
3087,test_60_6,test_runner,60,6,360,22,333.0
3088,test_20_18,test_runner,20,18,360,23,363.0
3089,test_30_12,test_runner,30,12,360,23,349.0
3090,test_45_8,test_runner,45,8,360,23,336.0
3091,test_60_6,test_runner,60,6,360,23,336.0
3092,test_20_18,test_runner,20,18,360,24,366.0
3093,test_30_12,test_runner,30,12,360,24,340.0
3094,test_45_8,test_runner,45,8,360,24,330.0
3095,test_60_6,test_runner,60,6,360,24,338.0
3096,test_20_18,test_runner,20,18,360,25,364.0
3097,test_30_12,test_runner,30,12,360,25,356.0
3098,test_45_8,test_runner,45,8,360,25,335.0
3099,test_60_6,test_runner,60,6,360,25,334.0
3100,test_20_18,test_runner,20,18,360,26,370.0
3101,test_30_12,test_runner,30,12,360,26,343.0
3102,test_45_8,test_runner,45,8,360,26,335.0
3103,test_60_6,test_runner,60,6,360,26,336.0
3104,test_20_18,test_runner,20,18,360,27,367.0
3105,test_30_12,test_runner,30,12,360,27,337.0
3106,test_45_8,test_runner,45,8,360,27,342.0
3107,test_60_6,test_runner,60,6,360,27,331.0
3108,test_20_18,test_runner,20,18,360,28,371.0
3109,test_30_12,test_runner,30,12,360,28,340.0
3110,test_45_8,test_runner,45,8,360,28,336.0
3111,test_60_6,test_runner,60,6,360,28,331.0
3112,test_20_18,test_runner,20,18,360,29,355.0
3113,test_30_12,test_runner,30,12,360,29,338.0
3114,test_45_8,test_runner,45,8,360,29,333.0
3115,test_60_6,test_runner,60,6,360,29,338.0
3116,test_20_18,test_runner,20,18,360,30,367.0
3117,test_30_12,test_runner,30,12,360,30,341.0
3118,test_45_8,test_runner,45,8,360,30,396.0
3119,test_60_6,test_runner,60,6,360,30,331.0
3120,test_20_18,test_runner,20,18,360,31,369.0
3121,test_30_12,test_runner,30,12,360,31,336.0
3122,test_45_8,test_runner,45,8,360,31,328.0
3123,test_60_6,test_runner,60,6,360,31,331.0
3124,test_20_18,test_runner,20,18,360,32,363.0
3125,test_30_12,test_runner,30,12,360,32,342.0
3126,test_45_8,test_runner,45,8,360,32,335.0
3127,test_60_6,test_runner,60,6,360,32,341.0
3128,test_20_18,test_runner,20,18,360,33,361.0
3129,test_30_12,test_runner,30,12,360,33,337.0
3130,test_45_8,test_runner,45,8,360,33,331.0
3131,test_60_6,test_runner,60,6,360,33,345.0
3132,test_20_18,test_runner,20,18,360,34,369.0
3133,test_30_12,test_runner,30,12,360,34,337.0
3134,test_45_8,test_runner,45,8,360,34,329.0
3135,test_60_6,test_runner,60,6,360,34,341.0
3136,test_20_18,test_runner,20,18,360,35,362.0
3137,test_30_12,test_runner,30,12,360,35,336.0
3138,test_45_8,test_runner,45,8,360,35,328.0
3139,test_60_6,test_runner,60,6,360,35,336.0
3140,test_20_18,test_runner,20,18,360,36,362.0
3141,test_30_12,test_runner,30,12,360,36,343.0
3142,test_45_8,test_runner,45,8,360,36,333.0
3143,test_60_6,test_runner,60,6,360,36,336.0
3144,test_20_18,test_runner,20,18,360,37,367.0
3145,test_30_12,test_runner,30,12,360,37,341.0
3146,test_45_8,test_runner,45,8,360,37,329.0
3147,test_60_6,test_runner,60,6,360,37,330.0
3148,test_20_18,test_runner,20,18,360,38,367.0
3149,test_30_12,test_runner,30,12,360,38,336.0
3150,test_45_8,test_runner,45,8,360,38,329.0
3151,test_60_6,test_runner,60,6,360,38,338.0
3152,test_20_18,test_runner,20,18,360,39,358.0
3153,test_30_12,test_runner,30,12,360,39,340.0
3154,test_45_8,test_runner,45,8,360,39,338.0
3155,test_60_6,test_runner,60,6,360,39,333.0
3156,test_20_18,test_runner,20,18,360,40,360.0
3157,test_30_12,test_runner,30,12,360,40,338.0
3158,test_45_8,test_runner,45,8,360,40,330.0
3159,test_60_6,test_runner,60,6,360,40,343.0
3160,test_20_18,test_runner,20,18,360,41,361.0
3161,test_30_12,test_runner,30,12,360,41,348.0
3162,test_45_8,test_runner,45,8,360,41,327.0
3163,test_60_6,test_runner,60,6,360,41,345.0
3164,test_20_18,test_runner,20,18,360,42,363.0
3165,test_30_12,test_runner,30,12,360,42,337.0
3166,test_45_8,test_runner,45,8,360,42,332.0
3167,test_60_6,test_runner,60,6,360,42,333.0
3168,test_20_18,test_runner,20,18,360,43,360.0
3169,test_30_12,test_runner,30,12,360,43,331.0
3170,test_45_8,test_runner,45,8,360,43,330.0
3171,test_60_6,test_runner,60,6,360,43,335.0
3172,test_20_18,test_runner,20,18,360,44,366.0
3173,test_30_12,test_runner,30,12,360,44,336.0
3174,test_45_8,test_runner,45,8,360,44,328.0
3175,test_60_6,test_runner,60,6,360,44,338.0
3176,test_20_18,test_runner,20,18,360,45,364.0
3177,test_30_12,test_runner,30,12,360,45,339.0
3178,test_45_8,test_runner,45,8,360,45,334.0
3179,test_60_6,test_runner,60,6,360,45,332.0
3180,test_20_18,test_runner,20,18,360,46,361.0
3181,test_30_12,test_runner,30,12,360,46,329.0
3182,test_45_8,test_runner,45,8,360,46,331.0
3183,test_60_6,test_runner,60,6,360,46,340.0
3184,test_20_18,test_runner,20,18,360,47,366.0
3185,test_30_12,test_runner,30,12,360,47,334.0
3186,test_45_8,test_runner,45,8,360,47,331.0
3187,test_60_6,test_runner,60,6,360,47,331.0
3188,test_20_18,test_runner,20,18,360,48,367.0
3189,test_30_12,test_runner,30,12,360,48,339.0
3190,test_45_8,test_runner,45,8,360,48,326.0
3191,test_60_6,test_runner,60,6,360,48,337.0
3192,test_20_18,test_runner,20,18,360,49,358.0
3193,test_30_12,test_runner,30,12,360,49,329.0
3194,test_45_8,test_runner,45,8,360,49,331.0
3195,test_60_6,test_runner,60,6,360,49,335.0
3196,test_20_18,test_runner,20,18,360,50,367.0
3197,test_30_12,test_runner,30,12,360,50,340.0
3198,test_45_8,test_runner,45,8,360,50,322.0
3199,test_60_6,test_runner,60,6,360,50,335.0
3200,test_20_20,test_runner,20,20,400,1,1173.0
3201,test_25_16,test_runner,25,16,400,1,1017.0
3202,test_40_10,test_runner,40,10,400,1,931.0
3203,test_50_8,test_runner,50,8,400,1,906.0
3204,test_20_20,test_runner,20,20,400,2,692.0
3205,test_25_16,test_runner,25,16,400,2,756.0
3206,test_40_10,test_runner,40,10,400,2,615.0
3207,test_50_8,test_runner,50,8,400,2,625.0
3208,test_20_20,test_runner,20,20,400,3,581.0
3209,test_25_16,test_runner,25,16,400,3,606.0
3210,test_40_10,test_runner,40,10,400,3,569.0
3211,test_50_8,test_runner,50,8,400,3,548.0
3212,test_20_20,test_runner,20,20,400,4,580.0
3213,test_25_16,test_runner,25,16,400,4,577.0
3214,test_40_10,test_runner,40,10,400,4,507.0
3215,test_50_8,test_runner,50,8,400,4,556.0
3216,test_20_20,test_runner,20,20,400,5,532.0
3217,test_25_16,test_runner,25,16,400,5,553.0
3218,test_40_10,test_runner,40,10,400,5,508.0
3219,test_50_8,test_runner,50,8,400,5,534.0
3220,test_20_20,test_runner,20,20,400,6,544.0
3221,test_25_16,test_runner,25,16,400,6,567.0
3222,test_40_10,test_runner,40,10,400,6,497.0
3223,test_50_8,test_runner,50,8,400,6,508.0
3224,test_20_20,test_runner,20,20,400,7,540.0
3225,test_25_16,test_runner,25,16,400,7,558.0
3226,test_40_10,test_runner,40,10,400,7,511.0
3227,test_50_8,test_runner,50,8,400,7,498.0
3228,test_20_20,test_runner,20,20,400,8,541.0
3229,test_25_16,test_runner,25,16,400,8,555.0
3230,test_40_10,test_runner,40,10,400,8,495.0
3231,test_50_8,test_runner,50,8,400,8,501.0
3232,test_20_20,test_runner,20,20,400,9,534.0
3233,test_25_16,test_runner,25,16,400,9,550.0
3234,test_40_10,test_runner,40,10,400,9,495.0
3235,test_50_8,test_runner,50,8,400,9,483.0
3236,test_20_20,test_runner,20,20,400,10,530.0
3237,test_25_16,test_runner,25,16,400,10,554.0
3238,test_40_10,test_runner,40,10,400,10,480.0
3239,test_50_8,test_runner,50,8,400,10,486.0
3240,test_20_20,test_runner,20,20,400,11,524.0
3241,test_25_16,test_runner,25,16,400,11,537.0
3242,test_40_10,test_runner,40,10,400,11,488.0
3243,test_50_8,test_runner,50,8,400,11,478.0
3244,test_20_20,test_runner,20,20,400,12,523.0
3245,test_25_16,test_runner,25,16,400,12,540.0
3246,test_40_10,test_runner,40,10,400,12,482.0
3247,test_50_8,test_runner,50,8,400,12,476.0
3248,test_20_20,test_runner,20,20,400,13,530.0
3249,test_25_16,test_runner,25,16,400,13,538.0
3250,test_40_10,test_runner,40,10,400,13,488.0
3251,test_50_8,test_runner,50,8,400,13,489.0
3252,test_20_20,test_runner,20,20,400,14,516.0
3253,test_25_16,test_runner,25,16,400,14,547.0
3254,test_40_10,test_runner,40,10,400,14,488.0
3255,test_50_8,test_runner,50,8,400,14,480.0
3256,test_20_20,test_runner,20,20,400,15,522.0
3257,test_25_16,test_runner,25,16,400,15,534.0
3258,test_40_10,test_runner,40,10,400,15,486.0
3259,test_50_8,test_runner,50,8,400,15,481.0
3260,test_20_20,test_runner,20,20,400,16,515.0
3261,test_25_16,test_runner,25,16,400,16,537.0
3262,test_40_10,test_runner,40,10,400,16,482.0
3263,test_50_8,test_runner,50,8,400,16,478.0
3264,test_20_20,test_runner,20,20,400,17,524.0
3265,test_25_16,test_runner,25,16,400,17,536.0
3266,test_40_10,test_runner,40,10,400,17,486.0
3267,test_50_8,test_runner,50,8,400,17,476.0
3268,test_20_20,test_runner,20,20,400,18,537.0
3269,test_25_16,test_runner,25,16,400,18,540.0
3270,test_40_10,test_runner,40,10,400,18,487.0
3271,test_50_8,test_runner,50,8,400,18,481.0
3272,test_20_20,test_runner,20,20,400,19,525.0
3273,test_25_16,test_runner,25,16,400,19,539.0
3274,test_40_10,test_runner,40,10,400,19,480.0
3275,test_50_8,test_runner,50,8,400,19,481.0
3276,test_20_20,test_runner,20,20,400,20,515.0
3277,test_25_16,test_runner,25,16,400,20,537.0
3278,test_40_10,test_runner,40,10,400,20,483.0
3279,test_50_8,test_runner,50,8,400,20,470.0
3280,test_20_20,test_runner,20,20,400,21,527.0
3281,test_25_16,test_runner,25,16,400,21,541.0
3282,test_40_10,test_runner,40,10,400,21,488.0
3283,test_50_8,test_runner,50,8,400,21,480.0
3284,test_20_20,test_runner,20,20,400,22,518.0
3285,test_25_16,test_runner,25,16,400,22,542.0
3286,test_40_10,test_runner,40,10,400,22,488.0
3287,test_50_8,test_runner,50,8,400,22,482.0
3288,test_20_20,test_runner,20,20,400,23,519.0
3289,test_25_16,test_runner,25,16,400,23,539.0
3290,test_40_10,test_runner,40,10,400,23,480.0
3291,test_50_8,test_runner,50,8,400,23,490.0
3292,test_20_20,test_runner,20,20,400,24,526.0
3293,test_25_16,test_runner,25,16,400,24,538.0
3294,test_40_10,test_runner,40,10,400,24,489.0
3295,test_50_8,test_runner,50,8,400,24,484.0
3296,test_20_20,test_runner,20,20,400,25,521.0
3297,test_25_16,test_runner,25,16,400,25,543.0
3298,test_40_10,test_runner,40,10,400,25,479.0
3299,test_50_8,test_runner,50,8,400,25,483.0
3300,test_20_20,test_runner,20,20,400,26,513.0
3301,test_25_16,test_runner,25,16,400,26,526.0
3302,test_40_10,test_runner,40,10,400,26,482.0
3303,test_50_8,test_runner,50,8,400,26,479.0
3304,test_20_20,test_runner,20,20,400,27,522.0
3305,test_25_16,test_runner,25,16,400,27,532.0
3306,test_40_10,test_runner,40,10,400,27,485.0
3307,test_50_8,test_runner,50,8,400,27,479.0
3308,test_20_20,test_runner,20,20,400,28,517.0
3309,test_25_16,test_runner,25,16,400,28,536.0
3310,test_40_10,test_runner,40,10,400,28,480.0
3311,test_50_8,test_runner,50,8,400,28,478.0
3312,test_20_20,test_runner,20,20,400,29,512.0
3313,test_25_16,test_runner,25,16,400,29,541.0
3314,test_40_10,test_runner,40,10,400,29,482.0
3315,test_50_8,test_runner,50,8,400,29,478.0
3316,test_20_20,test_runner,20,20,400,30,513.0
3317,test_25_16,test_runner,25,16,400,30,538.0
3318,test_40_10,test_runner,40,10,400,30,479.0
3319,test_50_8,test_runner,50,8,400,30,472.0
3320,test_20_20,test_runner,20,20,400,31,516.0
3321,test_25_16,test_runner,25,16,400,31,534.0
3322,test_40_10,test_runner,40,10,400,31,479.0
3323,test_50_8,test_runner,50,8,400,31,467.0
3324,test_20_20,test_runner,20,20,400,32,523.0
3325,test_25_16,test_runner,25,16,400,32,533.0
3326,test_40_10,test_runner,40,10,400,32,487.0
3327,test_50_8,test_runner,50,8,400,32,479.0
3328,test_20_20,test_runner,20,20,400,33,516.0
3329,test_25_16,test_runner,25,16,400,33,539.0
3330,test_40_10,test_runner,40,10,400,33,485.0
3331,test_50_8,test_runner,50,8,400,33,476.0
3332,test_20_20,test_runner,20,20,400,34,514.0
3333,test_25_16,test_runner,25,16,400,34,537.0
3334,test_40_10,test_runner,40,10,400,34,485.0
3335,test_50_8,test_runner,50,8,400,34,478.0
3336,test_20_20,test_runner,20,20,400,35,520.0
3337,test_25_16,test_runner,25,16,400,35,538.0
3338,test_40_10,test_runner,40,10,400,35,479.0
3339,test_50_8,test_runner,50,8,400,35,483.0
3340,test_20_20,test_runner,20,20,400,36,520.0
3341,test_25_16,test_runner,25,16,400,36,541.0
3342,test_40_10,test_runner,40,10,400,36,471.0
3343,test_50_8,test_runner,50,8,400,36,473.0
3344,test_20_20,test_runner,20,20,400,37,524.0
3345,test_25_16,test_runner,25,16,400,37,536.0
3346,test_40_10,test_runner,40,10,400,37,481.0
3347,test_50_8,test_runner,50,8,400,37,475.0
3348,test_20_20,test_runner,20,20,400,38,514.0
3349,test_25_16,test_runner,25,16,400,38,546.0
3350,test_40_10,test_runner,40,10,400,38,485.0
3351,test_50_8,test_runner,50,8,400,38,479.0
3352,test_20_20,test_runner,20,20,400,39,509.0
3353,test_25_16,test_runner,25,16,400,39,530.0
3354,test_40_10,test_runner,40,10,400,39,485.0
3355,test_50_8,test_runner,50,8,400,39,486.0
3356,test_20_20,test_runner,20,20,400,40,509.0
3357,test_25_16,test_runner,25,16,400,40,536.0
3358,test_40_10,test_runner,40,10,400,40,483.0
3359,test_50_8,test_runner,50,8,400,40,478.0
3360,test_20_20,test_runner,20,20,400,41,518.0
3361,test_25_16,test_runner,25,16,400,41,539.0
3362,test_40_10,test_runner,40,10,400,41,483.0
3363,test_50_8,test_runner,50,8,400,41,472.0
3364,test_20_20,test_runner,20,20,400,42,516.0
3365,test_25_16,test_runner,25,16,400,42,536.0
3366,test_40_10,test_runner,40,10,400,42,486.0
3367,test_50_8,test_runner,50,8,400,42,480.0
3368,test_20_20,test_runner,20,20,400,43,508.0
3369,test_25_16,test_runner,25,16,400,43,538.0
3370,test_40_10,test_runner,40,10,400,43,484.0
3371,test_50_8,test_runner,50,8,400,43,480.0
3372,test_20_20,test_runner,20,20,400,44,510.0
3373,test_25_16,test_runner,25,16,400,44,526.0
3374,test_40_10,test_runner,40,10,400,44,481.0
3375,test_50_8,test_runner,50,8,400,44,480.0
3376,test_20_20,test_runner,20,20,400,45,516.0
3377,test_25_16,test_runner,25,16,400,45,533.0
3378,test_40_10,test_runner,40,10,400,45,479.0
3379,test_50_8,test_runner,50,8,400,45,476.0
3380,test_20_20,test_runner,20,20,400,46,514.0
3381,test_25_16,test_runner,25,16,400,46,529.0
3382,test_40_10,test_runner,40,10,400,46,481.0
3383,test_50_8,test_runner,50,8,400,46,477.0
3384,test_20_20,test_runner,20,20,400,47,509.0
3385,test_25_16,test_runner,25,16,400,47,546.0
3386,test_40_10,test_runner,40,10,400,47,483.0
3387,test_50_8,test_runner,50,8,400,47,487.0
3388,test_20_20,test_runner,20,20,400,48,506.0
3389,test_25_16,test_runner,25,16,400,48,525.0
3390,test_40_10,test_runner,40,10,400,48,494.0
3391,test_50_8,test_runner,50,8,400,48,486.0
3392,test_20_20,test_runner,20,20,400,49,517.0
3393,test_25_16,test_runner,25,16,400,49,532.0
3394,test_40_10,test_runner,40,10,400,49,481.0
3395,test_50_8,test_runner,50,8,400,49,474.0
3396,test_20_20,test_runner,20,20,400,50,512.0
3397,test_25_16,test_runner,25,16,400,50,525.0
3398,test_40_10,test_runner,40,10,400,50,482.0
3399,test_50_8,test_runner,50,8,400,50,476.0
3400,test_30_14,test_runner,30,14,420,1,1033.0
3401,test_35_12,test_runner,35,12,420,1,1014.0
3402,test_30_14,test_runner,30,14,420,2,729.0
3403,test_35_12,test_runner,35,12,420,2,651.0
3404,test_30_14,test_runner,30,14,420,3,603.0
3405,test_35_12,test_runner,35,12,420,3,585.0
3406,test_30_14,test_runner,30,14,420,4,573.0
3407,test_35_12,test_runner,35,12,420,4,591.0
3408,test_30_14,test_runner,30,14,420,5,567.0
3409,test_35_12,test_runner,35,12,420,5,552.0
3410,test_30_14,test_runner,30,14,420,6,558.0
3411,test_35_12,test_runner,35,12,420,6,560.0
3412,test_30_14,test_runner,30,14,420,7,560.0
3413,test_35_12,test_runner,35,12,420,7,551.0
3414,test_30_14,test_runner,30,14,420,8,561.0
3415,test_35_12,test_runner,35,12,420,8,546.0
3416,test_30_14,test_runner,30,14,420,9,554.0
3417,test_35_12,test_runner,35,12,420,9,544.0
3418,test_30_14,test_runner,30,14,420,10,537.0
3419,test_35_12,test_runner,35,12,420,10,550.0
3420,test_30_14,test_runner,30,14,420,11,552.0
3421,test_35_12,test_runner,35,12,420,11,541.0
3422,test_30_14,test_runner,30,14,420,12,550.0
3423,test_35_12,test_runner,35,12,420,12,540.0
3424,test_30_14,test_runner,30,14,420,13,551.0
3425,test_35_12,test_runner,35,12,420,13,544.0
3426,test_30_14,test_runner,30,14,420,14,547.0
3427,test_35_12,test_runner,35,12,420,14,537.0
3428,test_30_14,test_runner,30,14,420,15,545.0
3429,test_35_12,test_runner,35,12,420,15,537.0
3430,test_30_14,test_runner,30,14,420,16,544.0
3431,test_35_12,test_runner,35,12,420,16,544.0
3432,test_30_14,test_runner,30,14,420,17,542.0
3433,test_35_12,test_runner,35,12,420,17,537.0
3434,test_30_14,test_runner,30,14,420,18,540.0
3435,test_35_12,test_runner,35,12,420,18,536.0
3436,test_30_14,test_runner,30,14,420,19,547.0
3437,test_35_12,test_runner,35,12,420,19,532.0
3438,test_30_14,test_runner,30,14,420,20,546.0
3439,test_35_12,test_runner,35,12,420,20,540.0
3440,test_30_14,test_runner,30,14,420,21,545.0
3441,test_35_12,test_runner,35,12,420,21,535.0
3442,test_30_14,test_runner,30,14,420,22,551.0
3443,test_35_12,test_runner,35,12,420,22,535.0
3444,test_30_14,test_runner,30,14,420,23,550.0
3445,test_35_12,test_runner,35,12,420,23,531.0
3446,test_30_14,test_runner,30,14,420,24,545.0
3447,test_35_12,test_runner,35,12,420,24,528.0
3448,test_30_14,test_runner,30,14,420,25,545.0
3449,test_35_12,test_runner,35,12,420,25,534.0
3450,test_30_14,test_runner,30,14,420,26,550.0
3451,test_35_12,test_runner,35,12,420,26,536.0
3452,test_30_14,test_runner,30,14,420,27,538.0
3453,test_35_12,test_runner,35,12,420,27,533.0
3454,test_30_14,test_runner,30,14,420,28,540.0
3455,test_35_12,test_runner,35,12,420,28,528.0
3456,test_30_14,test_runner,30,14,420,29,544.0
3457,test_35_12,test_runner,35,12,420,29,534.0
3458,test_30_14,test_runner,30,14,420,30,549.0
3459,test_35_12,test_runner,35,12,420,30,546.0
3460,test_30_14,test_runner,30,14,420,31,551.0
3461,test_35_12,test_runner,35,12,420,31,532.0
3462,test_30_14,test_runner,30,14,420,32,546.0
3463,test_35_12,test_runner,35,12,420,32,534.0
3464,test_30_14,test_runner,30,14,420,33,541.0
3465,test_35_12,test_runner,35,12,420,33,538.0
3466,test_30_14,test_runner,30,14,420,34,539.0
3467,test_35_12,test_runner,35,12,420,34,537.0
3468,test_30_14,test_runner,30,14,420,35,539.0
3469,test_35_12,test_runner,35,12,420,35,531.0
3470,test_30_14,test_runner,30,14,420,36,534.0
3471,test_35_12,test_runner,35,12,420,36,538.0
3472,test_30_14,test_runner,30,14,420,37,547.0
3473,test_35_12,test_runner,35,12,420,37,534.0
3474,test_30_14,test_runner,30,14,420,38,542.0
3475,test_35_12,test_runner,35,12,420,38,540.0
3476,test_30_14,test_runner,30,14,420,39,546.0
3477,test_35_12,test_runner,35,12,420,39,531.0
3478,test_30_14,test_runner,30,14,420,40,535.0
3479,test_35_12,test_runner,35,12,420,40,531.0
3480,test_30_14,test_runner,30,14,420,41,542.0
3481,test_35_12,test_runner,35,12,420,41,535.0
3482,test_30_14,test_runner,30,14,420,42,536.0
3483,test_35_12,test_runner,35,12,420,42,531.0
3484,test_30_14,test_runner,30,14,420,43,540.0
3485,test_35_12,test_runner,35,12,420,43,534.0
3486,test_30_14,test_runner,30,14,420,44,540.0
3487,test_35_12,test_runner,35,12,420,44,538.0
3488,test_30_14,test_runner,30,14,420,45,538.0
3489,test_35_12,test_runner,35,12,420,45,540.0
3490,test_30_14,test_runner,30,14,420,46,538.0
3491,test_35_12,test_runner,35,12,420,46,534.0
3492,test_30_14,test_runner,30,14,420,47,538.0
3493,test_35_12,test_runner,35,12,420,47,532.0
3494,test_30_14,test_runner,30,14,420,48,543.0
3495,test_35_12,test_runner,35,12,420,48,534.0
3496,test_30_14,test_runner,30,14,420,49,543.0
3497,test_35_12,test_runner,35,12,420,49,536.0
3498,test_30_14,test_runner,30,14,420,50,535.0
3499,test_35_12,test_runner,35,12,420,50,535.0
3500,test_55_8,test_runner,55,8,440,1,1023.0
3501,test_55_8,test_runner,55,8,440,2,718.0
3502,test_55_8,test_runner,55,8,440,3,704.0
3503,test_55_8,test_runner,55,8,440,4,616.0
3504,test_55_8,test_runner,55,8,440,5,599.0
3505,test_55_8,test_runner,55,8,440,6,601.0
3506,test_55_8,test_runner,55,8,440,7,584.0
3507,test_55_8,test_runner,55,8,440,8,583.0
3508,test_55_8,test_runner,55,8,440,9,573.0
3509,test_55_8,test_runner,55,8,440,10,576.0
3510,test_55_8,test_runner,55,8,440,11,578.0
3511,test_55_8,test_runner,55,8,440,12,566.0
3512,test_55_8,test_runner,55,8,440,13,572.0
3513,test_55_8,test_runner,55,8,440,14,574.0
3514,test_55_8,test_runner,55,8,440,15,584.0
3515,test_55_8,test_runner,55,8,440,16,569.0
3516,test_55_8,test_runner,55,8,440,17,572.0
3517,test_55_8,test_runner,55,8,440,18,575.0
3518,test_55_8,test_runner,55,8,440,19,574.0
3519,test_55_8,test_runner,55,8,440,20,566.0
3520,test_55_8,test_runner,55,8,440,21,572.0
3521,test_55_8,test_runner,55,8,440,22,572.0
3522,test_55_8,test_runner,55,8,440,23,570.0
3523,test_55_8,test_runner,55,8,440,24,582.0
3524,test_55_8,test_runner,55,8,440,25,570.0
3525,test_55_8,test_runner,55,8,440,26,566.0
3526,test_55_8,test_runner,55,8,440,27,572.0
3527,test_55_8,test_runner,55,8,440,28,577.0
3528,test_55_8,test_runner,55,8,440,29,568.0
3529,test_55_8,test_runner,55,8,440,30,573.0
3530,test_55_8,test_runner,55,8,440,31,573.0
3531,test_55_8,test_runner,55,8,440,32,575.0
3532,test_55_8,test_runner,55,8,440,33,573.0
3533,test_55_8,test_runner,55,8,440,34,573.0
3534,test_55_8,test_runner,55,8,440,35,574.0
3535,test_55_8,test_runner,55,8,440,36,573.0
3536,test_55_8,test_runner,55,8,440,37,571.0
3537,test_55_8,test_runner,55,8,440,38,580.0
3538,test_55_8,test_runner,55,8,440,39,578.0
3539,test_55_8,test_runner,55,8,440,40,571.0
3540,test_55_8,test_runner,55,8,440,41,572.0
3541,test_55_8,test_runner,55,8,440,42,573.0
3542,test_55_8,test_runner,55,8,440,43,584.0
3543,test_55_8,test_runner,55,8,440,44,589.0
3544,test_55_8,test_runner,55,8,440,45,581.0
3545,test_55_8,test_runner,55,8,440,46,590.0
3546,test_55_8,test_runner,55,8,440,47,573.0
3547,test_55_8,test_runner,55,8,440,48,568.0
3548,test_55_8,test_runner,55,8,440,49,591.0
3549,test_55_8,test_runner,55,8,440,50,560.0
3550,test_25_18,test_runner,25,18,450,1,1244.0
3551,test_45_10,test_runner,45,10,450,1,1064.0
3552,test_25_18,test_runner,25,18,450,2,842.0
3553,test_45_10,test_runner,45,10,450,2,750.0
3554,test_25_18,test_runner,25,18,450,3,709.0
3555,test_45_10,test_runner,45,10,450,3,663.0
3556,test_25_18,test_runner,25,18,450,4,664.0
3557,test_45_10,test_runner,45,10,450,4,666.0
3558,test_25_18,test_runner,25,18,450,5,660.0
3559,test_45_10,test_runner,45,10,450,5,646.0
3560,test_25_18,test_runner,25,18,450,6,671.0
3561,test_45_10,test_runner,45,10,450,6,616.0
3562,test_25_18,test_runner,25,18,450,7,642.0
3563,test_45_10,test_runner,45,10,450,7,613.0
3564,test_25_18,test_runner,25,18,450,8,640.0
3565,test_45_10,test_runner,45,10,450,8,604.0
3566,test_25_18,test_runner,25,18,450,9,638.0
3567,test_45_10,test_runner,45,10,450,9,604.0
3568,test_25_18,test_runner,25,18,450,10,640.0
3569,test_45_10,test_runner,45,10,450,10,600.0
3570,test_25_18,test_runner,25,18,450,11,624.0
3571,test_45_10,test_runner,45,10,450,11,607.0
3572,test_25_18,test_runner,25,18,450,12,648.0
3573,test_45_10,test_runner,45,10,450,12,603.0
3574,test_25_18,test_runner,25,18,450,13,638.0
3575,test_45_10,test_runner,45,10,450,13,602.0
3576,test_25_18,test_runner,25,18,450,14,635.0
3577,test_45_10,test_runner,45,10,450,14,617.0
3578,test_25_18,test_runner,25,18,450,15,629.0
3579,test_45_10,test_runner,45,10,450,15,611.0
3580,test_25_18,test_runner,25,18,450,16,630.0
3581,test_45_10,test_runner,45,10,450,16,605.0
3582,test_25_18,test_runner,25,18,450,17,627.0
3583,test_45_10,test_runner,45,10,450,17,598.0
3584,test_25_18,test_runner,25,18,450,18,634.0
3585,test_45_10,test_runner,45,10,450,18,608.0
3586,test_25_18,test_runner,25,18,450,19,630.0
3587,test_45_10,test_runner,45,10,450,19,596.0
3588,test_25_18,test_runner,25,18,450,20,635.0
3589,test_45_10,test_runner,45,10,450,20,602.0
3590,test_25_18,test_runner,25,18,450,21,634.0
3591,test_45_10,test_runner,45,10,450,21,600.0
3592,test_25_18,test_runner,25,18,450,22,635.0
3593,test_45_10,test_runner,45,10,450,22,598.0
3594,test_25_18,test_runner,25,18,450,23,634.0
3595,test_45_10,test_runner,45,10,450,23,600.0
3596,test_25_18,test_runner,25,18,450,24,629.0
3597,test_45_10,test_runner,45,10,450,24,608.0
3598,test_25_18,test_runner,25,18,450,25,632.0
3599,test_45_10,test_runner,45,10,450,25,600.0
3600,test_25_18,test_runner,25,18,450,26,625.0
3601,test_45_10,test_runner,45,10,450,26,589.0
3602,test_25_18,test_runner,25,18,450,27,627.0
3603,test_45_10,test_runner,45,10,450,27,601.0
3604,test_25_18,test_runner,25,18,450,28,635.0
3605,test_45_10,test_runner,45,10,450,28,599.0
3606,test_25_18,test_runner,25,18,450,29,633.0
3607,test_45_10,test_runner,45,10,450,29,599.0
3608,test_25_18,test_runner,25,18,450,30,628.0
3609,test_45_10,test_runner,45,10,450,30,599.0
3610,test_25_18,test_runner,25,18,450,31,634.0
3611,test_45_10,test_runner,45,10,450,31,606.0
3612,test_25_18,test_runner,25,18,450,32,632.0
3613,test_45_10,test_runner,45,10,450,32,597.0
3614,test_25_18,test_runner,25,18,450,33,625.0
3615,test_45_10,test_runner,45,10,450,33,591.0
3616,test_25_18,test_runner,25,18,450,34,629.0
3617,test_45_10,test_runner,45,10,450,34,594.0
3618,test_25_18,test_runner,25,18,450,35,621.0
3619,test_45_10,test_runner,45,10,450,35,606.0
3620,test_25_18,test_runner,25,18,450,36,612.0
3621,test_45_10,test_runner,45,10,450,36,592.0
3622,test_25_18,test_runner,25,18,450,37,623.0
3623,test_45_10,test_runner,45,10,450,37,592.0
3624,test_25_18,test_runner,25,18,450,38,623.0
3625,test_45_10,test_runner,45,10,450,38,595.0
3626,test_25_18,test_runner,25,18,450,39,619.0
3627,test_45_10,test_runner,45,10,450,39,598.0
3628,test_25_18,test_runner,25,18,450,40,629.0
3629,test_45_10,test_runner,45,10,450,40,593.0
3630,test_25_18,test_runner,25,18,450,41,619.0
3631,test_45_10,test_runner,45,10,450,41,599.0
3632,test_25_18,test_runner,25,18,450,42,624.0
3633,test_45_10,test_runner,45,10,450,42,601.0
3634,test_25_18,test_runner,25,18,450,43,632.0
3635,test_45_10,test_runner,45,10,450,43,612.0
3636,test_25_18,test_runner,25,18,450,44,622.0
3637,test_45_10,test_runner,45,10,450,44,592.0
3638,test_25_18,test_runner,25,18,450,45,633.0
3639,test_45_10,test_runner,45,10,450,45,600.0
3640,test_25_18,test_runner,25,18,450,46,615.0
3641,test_45_10,test_runner,45,10,450,46,597.0
3642,test_25_18,test_runner,25,18,450,47,642.0
3643,test_45_10,test_runner,45,10,450,47,594.0
3644,test_25_18,test_runner,25,18,450,48,643.0
3645,test_45_10,test_runner,45,10,450,48,594.0
3646,test_25_18,test_runner,25,18,450,49,617.0
3647,test_45_10,test_runner,45,10,450,49,593.0
3648,test_25_18,test_runner,25,18,450,50,628.0
3649,test_45_10,test_runner,45,10,450,50,593.0
3650,test_30_16,test_runner,30,16,480,1,1260.0
3651,test_40_12,test_runner,40,12,480,1,1194.0
3652,test_60_8,test_runner,60,8,480,1,1123.0
3653,test_30_16,test_runner,30,16,480,2,817.0
3654,test_40_12,test_runner,40,12,480,2,895.0
3655,test_60_8,test_runner,60,8,480,2,849.0
3656,test_30_16,test_runner,30,16,480,3,780.0
3657,test_40_12,test_runner,40,12,480,3,766.0
3658,test_60_8,test_runner,60,8,480,3,725.0
3659,test_30_16,test_runner,30,16,480,4,740.0
3660,test_40_12,test_runner,40,12,480,4,726.0
3661,test_60_8,test_runner,60,8,480,4,719.0
3662,test_30_16,test_runner,30,16,480,5,739.0
3663,test_40_12,test_runner,40,12,480,5,711.0
3664,test_60_8,test_runner,60,8,480,5,735.0
3665,test_30_16,test_runner,30,16,480,6,712.0
3666,test_40_12,test_runner,40,12,480,6,705.0
3667,test_60_8,test_runner,60,8,480,6,688.0
3668,test_30_16,test_runner,30,16,480,7,719.0
3669,test_40_12,test_runner,40,12,480,7,701.0
3670,test_60_8,test_runner,60,8,480,7,696.0
3671,test_30_16,test_runner,30,16,480,8,721.0
3672,test_40_12,test_runner,40,12,480,8,699.0
3673,test_60_8,test_runner,60,8,480,8,686.0
3674,test_30_16,test_runner,30,16,480,9,714.0
3675,test_40_12,test_runner,40,12,480,9,692.0
3676,test_60_8,test_runner,60,8,480,9,685.0
3677,test_30_16,test_runner,30,16,480,10,709.0
3678,test_40_12,test_runner,40,12,480,10,693.0
3679,test_60_8,test_runner,60,8,480,10,691.0
3680,test_30_16,test_runner,30,16,480,11,705.0
3681,test_40_12,test_runner,40,12,480,11,691.0
3682,test_60_8,test_runner,60,8,480,11,691.0
3683,test_30_16,test_runner,30,16,480,12,716.0
3684,test_40_12,test_runner,40,12,480,12,693.0
3685,test_60_8,test_runner,60,8,480,12,682.0
3686,test_30_16,test_runner,30,16,480,13,711.0
3687,test_40_12,test_runner,40,12,480,13,696.0
3688,test_60_8,test_runner,60,8,480,13,685.0
3689,test_30_16,test_runner,30,16,480,14,704.0
3690,test_40_12,test_runner,40,12,480,14,691.0
3691,test_60_8,test_runner,60,8,480,14,686.0
3692,test_30_16,test_runner,30,16,480,15,712.0
3693,test_40_12,test_runner,40,12,480,15,689.0
3694,test_60_8,test_runner,60,8,480,15,686.0
3695,test_30_16,test_runner,30,16,480,16,716.0
3696,test_40_12,test_runner,40,12,480,16,695.0
3697,test_60_8,test_runner,60,8,480,16,682.0
3698,test_30_16,test_runner,30,16,480,17,710.0
3699,test_40_12,test_runner,40,12,480,17,699.0
3700,test_60_8,test_runner,60,8,480,17,678.0
3701,test_30_16,test_runner,30,16,480,18,701.0
3702,test_40_12,test_runner,40,12,480,18,694.0
3703,test_60_8,test_runner,60,8,480,18,674.0
3704,test_30_16,test_runner,30,16,480,19,702.0
3705,test_40_12,test_runner,40,12,480,19,689.0
3706,test_60_8,test_runner,60,8,480,19,686.0
3707,test_30_16,test_runner,30,16,480,20,706.0
3708,test_40_12,test_runner,40,12,480,20,689.0
3709,test_60_8,test_runner,60,8,480,20,687.0
3710,test_30_16,test_runner,30,16,480,21,710.0
3711,test_40_12,test_runner,40,12,480,21,691.0
3712,test_60_8,test_runner,60,8,480,21,682.0
3713,test_30_16,test_runner,30,16,480,22,701.0
3714,test_40_12,test_runner,40,12,480,22,707.0
3715,test_60_8,test_runner,60,8,480,22,685.0
3716,test_30_16,test_runner,30,16,480,23,702.0
3717,test_40_12,test_runner,40,12,480,23,682.0
3718,test_60_8,test_runner,60,8,480,23,682.0
3719,test_30_16,test_runner,30,16,480,24,728.0
3720,test_40_12,test_runner,40,12,480,24,686.0
3721,test_60_8,test_runner,60,8,480,24,680.0
3722,test_30_16,test_runner,30,16,480,25,710.0
3723,test_40_12,test_runner,40,12,480,25,681.0
3724,test_60_8,test_runner,60,8,480,25,693.0
3725,test_30_16,test_runner,30,16,480,26,700.0
3726,test_40_12,test_runner,40,12,480,26,687.0
3727,test_60_8,test_runner,60,8,480,26,683.0
3728,test_30_16,test_runner,30,16,480,27,713.0
3729,test_40_12,test_runner,40,12,480,27,692.0
3730,test_60_8,test_runner,60,8,480,27,679.0
3731,test_30_16,test_runner,30,16,480,28,710.0
3732,test_40_12,test_runner,40,12,480,28,678.0
3733,test_60_8,test_runner,60,8,480,28,684.0
3734,test_30_16,test_runner,30,16,480,29,709.0
3735,test_40_12,test_runner,40,12,480,29,702.0
3736,test_60_8,test_runner,60,8,480,29,687.0
3737,test_30_16,test_runner,30,16,480,30,706.0
3738,test_40_12,test_runner,40,12,480,30,687.0
3739,test_60_8,test_runner,60,8,480,30,680.0
3740,test_30_16,test_runner,30,16,480,31,714.0
3741,test_40_12,test_runner,40,12,480,31,687.0
3742,test_60_8,test_runner,60,8,480,31,674.0
3743,test_30_16,test_runner,30,16,480,32,709.0
3744,test_40_12,test_runner,40,12,480,32,691.0
3745,test_60_8,test_runner,60,8,480,32,679.0
3746,test_30_16,test_runner,30,16,480,33,709.0
3747,test_40_12,test_runner,40,12,480,33,686.0
3748,test_60_8,test_runner,60,8,480,33,679.0
3749,test_30_16,test_runner,30,16,480,34,717.0
3750,test_40_12,test_runner,40,12,480,34,694.0
3751,test_60_8,test_runner,60,8,480,34,702.0
3752,test_30_16,test_runner,30,16,480,35,713.0
3753,test_40_12,test_runner,40,12,480,35,688.0
3754,test_60_8,test_runner,60,8,480,35,675.0
3755,test_30_16,test_runner,30,16,480,36,692.0
3756,test_40_12,test_runner,40,12,480,36,695.0
3757,test_60_8,test_runner,60,8,480,36,689.0
3758,test_30_16,test_runner,30,16,480,37,703.0
3759,test_40_12,test_runner,40,12,480,37,684.0
3760,test_60_8,test_runner,60,8,480,37,673.0
3761,test_30_16,test_runner,30,16,480,38,729.0
3762,test_40_12,test_runner,40,12,480,38,684.0
3763,test_60_8,test_runner,60,8,480,38,684.0
3764,test_30_16,test_runner,30,16,480,39,704.0
3765,test_40_12,test_runner,40,12,480,39,696.0
3766,test_60_8,test_runner,60,8,480,39,699.0
3767,test_30_16,test_runner,30,16,480,40,701.0
3768,test_40_12,test_runner,40,12,480,40,689.0
3769,test_60_8,test_runner,60,8,480,40,685.0
3770,test_30_16,test_runner,30,16,480,41,706.0
3771,test_40_12,test_runner,40,12,480,41,682.0
3772,test_60_8,test_runner,60,8,480,41,683.0
3773,test_30_16,test_runner,30,16,480,42,691.0
3774,test_40_12,test_runner,40,12,480,42,683.0
3775,test_60_8,test_runner,60,8,480,42,676.0
3776,test_30_16,test_runner,30,16,480,43,700.0
3777,test_40_12,test_runner,40,12,480,43,688.0
3778,test_60_8,test_runner,60,8,480,43,670.0
3779,test_30_16,test_runner,30,16,480,44,718.0
3780,test_40_12,test_runner,40,12,480,44,687.0
3781,test_60_8,test_runner,60,8,480,44,671.0
3782,test_30_16,test_runner,30,16,480,45,701.0
3783,test_40_12,test_runner,40,12,480,45,695.0
3784,test_60_8,test_runner,60,8,480,45,675.0
3785,test_30_16,test_runner,30,16,480,46,706.0
3786,test_40_12,test_runner,40,12,480,46,684.0
3787,test_60_8,test_runner,60,8,480,46,677.0
3788,test_30_16,test_runner,30,16,480,47,692.0
3789,test_40_12,test_runner,40,12,480,47,686.0
3790,test_60_8,test_runner,60,8,480,47,675.0
3791,test_30_16,test_runner,30,16,480,48,698.0
3792,test_40_12,test_runner,40,12,480,48,688.0
3793,test_60_8,test_runner,60,8,480,48,673.0
3794,test_30_16,test_runner,30,16,480,49,728.0
3795,test_40_12,test_runner,40,12,480,49,673.0
3796,test_60_8,test_runner,60,8,480,49,676.0
3797,test_30_16,test_runner,30,16,480,50,706.0
3798,test_40_12,test_runner,40,12,480,50,676.0
3799,test_60_8,test_runner,60,8,480,50,673.0
3800,test_35_14,test_runner,35,14,490,1,1268.0
3801,test_35_14,test_runner,35,14,490,2,1196.0
3802,test_35_14,test_runner,35,14,490,3,786.0
3803,test_35_14,test_runner,35,14,490,4,759.0
3804,test_35_14,test_runner,35,14,490,5,754.0
3805,test_35_14,test_runner,35,14,490,6,750.0
3806,test_35_14,test_runner,35,14,490,7,745.0
3807,test_35_14,test_runner,35,14,490,8,737.0
3808,test_35_14,test_runner,35,14,490,9,728.0
3809,test_35_14,test_runner,35,14,490,10,732.0
3810,test_35_14,test_runner,35,14,490,11,735.0
3811,test_35_14,test_runner,35,14,490,12,733.0
3812,test_35_14,test_runner,35,14,490,13,733.0
3813,test_35_14,test_runner,35,14,490,14,735.0
3814,test_35_14,test_runner,35,14,490,15,731.0
3815,test_35_14,test_runner,35,14,490,16,734.0
3816,test_35_14,test_runner,35,14,490,17,736.0
3817,test_35_14,test_runner,35,14,490,18,727.0
3818,test_35_14,test_runner,35,14,490,19,730.0
3819,test_35_14,test_runner,35,14,490,20,731.0
3820,test_35_14,test_runner,35,14,490,21,734.0
3821,test_35_14,test_runner,35,14,490,22,741.0
3822,test_35_14,test_runner,35,14,490,23,740.0
3823,test_35_14,test_runner,35,14,490,24,742.0
3824,test_35_14,test_runner,35,14,490,25,728.0
3825,test_35_14,test_runner,35,14,490,26,740.0
3826,test_35_14,test_runner,35,14,490,27,727.0
3827,test_35_14,test_runner,35,14,490,28,729.0
3828,test_35_14,test_runner,35,14,490,29,733.0
3829,test_35_14,test_runner,35,14,490,30,729.0
3830,test_35_14,test_runner,35,14,490,31,735.0
3831,test_35_14,test_runner,35,14,490,32,729.0
3832,test_35_14,test_runner,35,14,490,33,732.0
3833,test_35_14,test_runner,35,14,490,34,733.0
3834,test_35_14,test_runner,35,14,490,35,735.0
3835,test_35_14,test_runner,35,14,490,36,724.0
3836,test_35_14,test_runner,35,14,490,37,725.0
3837,test_35_14,test_runner,35,14,490,38,744.0
3838,test_35_14,test_runner,35,14,490,39,745.0
3839,test_35_14,test_runner,35,14,490,40,743.0
3840,test_35_14,test_runner,35,14,490,41,726.0
3841,test_35_14,test_runner,35,14,490,42,733.0
3842,test_35_14,test_runner,35,14,490,43,729.0
3843,test_35_14,test_runner,35,14,490,44,728.0
3844,test_35_14,test_runner,35,14,490,45,725.0
3845,test_35_14,test_runner,35,14,490,46,730.0
3846,test_35_14,test_runner,35,14,490,47,722.0
3847,test_35_14,test_runner,35,14,490,48,729.0
3848,test_35_14,test_runner,35,14,490,49,730.0
3849,test_35_14,test_runner,35,14,490,50,732.0
3850,test_25_20,test_runner,25,20,500,1,1601.0
3851,test_50_10,test_runner,50,10,500,1,1230.0
3852,test_25_20,test_runner,25,20,500,2,943.0
3853,test_50_10,test_runner,50,10,500,2,917.0
3854,test_25_20,test_runner,25,20,500,3,858.0
3855,test_50_10,test_runner,50,10,500,3,837.0
3856,test_25_20,test_runner,25,20,500,4,887.0
3857,test_50_10,test_runner,50,10,500,4,790.0
3858,test_25_20,test_runner,25,20,500,5,808.0
3859,test_50_10,test_runner,50,10,500,5,785.0
3860,test_25_20,test_runner,25,20,500,6,822.0
3861,test_50_10,test_runner,50,10,500,6,798.0
3862,test_25_20,test_runner,25,20,500,7,823.0
3863,test_50_10,test_runner,50,10,500,7,752.0
3864,test_25_20,test_runner,25,20,500,8,822.0
3865,test_50_10,test_runner,50,10,500,8,762.0
3866,test_25_20,test_runner,25,20,500,9,810.0
3867,test_50_10,test_runner,50,10,500,9,761.0
3868,test_25_20,test_runner,25,20,500,10,820.0
3869,test_50_10,test_runner,50,10,500,10,762.0
3870,test_25_20,test_runner,25,20,500,11,811.0
3871,test_50_10,test_runner,50,10,500,11,756.0
3872,test_25_20,test_runner,25,20,500,12,814.0
3873,test_50_10,test_runner,50,10,500,12,751.0
3874,test_25_20,test_runner,25,20,500,13,817.0
3875,test_50_10,test_runner,50,10,500,13,751.0
3876,test_25_20,test_runner,25,20,500,14,816.0
3877,test_50_10,test_runner,50,10,500,14,755.0
3878,test_25_20,test_runner,25,20,500,15,825.0
3879,test_50_10,test_runner,50,10,500,15,748.0
3880,test_25_20,test_runner,25,20,500,16,819.0
3881,test_50_10,test_runner,50,10,500,16,749.0
3882,test_25_20,test_runner,25,20,500,17,811.0
3883,test_50_10,test_runner,50,10,500,17,752.0
3884,test_25_20,test_runner,25,20,500,18,816.0
3885,test_50_10,test_runner,50,10,500,18,744.0
3886,test_25_20,test_runner,25,20,500,19,834.0
3887,test_50_10,test_runner,50,10,500,19,751.0
3888,test_25_20,test_runner,25,20,500,20,825.0
3889,test_50_10,test_runner,50,10,500,20,746.0
3890,test_25_20,test_runner,25,20,500,21,825.0
3891,test_50_10,test_runner,50,10,500,21,748.0
3892,test_25_20,test_runner,25,20,500,22,811.0
3893,test_50_10,test_runner,50,10,500,22,750.0
3894,test_25_20,test_runner,25,20,500,23,810.0
3895,test_50_10,test_runner,50,10,500,23,757.0
3896,test_25_20,test_runner,25,20,500,24,820.0
3897,test_50_10,test_runner,50,10,500,24,752.0
3898,test_25_20,test_runner,25,20,500,25,839.0
3899,test_50_10,test_runner,50,10,500,25,753.0
3900,test_25_20,test_runner,25,20,500,26,817.0
3901,test_50_10,test_runner,50,10,500,26,748.0
3902,test_25_20,test_runner,25,20,500,27,815.0
3903,test_50_10,test_runner,50,10,500,27,740.0
3904,test_25_20,test_runner,25,20,500,28,816.0
3905,test_50_10,test_runner,50,10,500,28,741.0
3906,test_25_20,test_runner,25,20,500,29,807.0
3907,test_50_10,test_runner,50,10,500,29,745.0
3908,test_25_20,test_runner,25,20,500,30,816.0
3909,test_50_10,test_runner,50,10,500,30,751.0
3910,test_25_20,test_runner,25,20,500,31,824.0
3911,test_50_10,test_runner,50,10,500,31,743.0
3912,test_25_20,test_runner,25,20,500,32,806.0
3913,test_50_10,test_runner,50,10,500,32,743.0
3914,test_25_20,test_runner,25,20,500,33,801.0
3915,test_50_10,test_runner,50,10,500,33,738.0
3916,test_25_20,test_runner,25,20,500,34,800.0
3917,test_50_10,test_runner,50,10,500,34,746.0
3918,test_25_20,test_runner,25,20,500,35,795.0
3919,test_50_10,test_runner,50,10,500,35,742.0
3920,test_25_20,test_runner,25,20,500,36,803.0
3921,test_50_10,test_runner,50,10,500,36,739.0
3922,test_25_20,test_runner,25,20,500,37,808.0
3923,test_50_10,test_runner,50,10,500,37,736.0
3924,test_25_20,test_runner,25,20,500,38,791.0
3925,test_50_10,test_runner,50,10,500,38,750.0
3926,test_25_20,test_runner,25,20,500,39,789.0
3927,test_50_10,test_runner,50,10,500,39,747.0
3928,test_25_20,test_runner,25,20,500,40,802.0
3929,test_50_10,test_runner,50,10,500,40,744.0
3930,test_25_20,test_runner,25,20,500,41,803.0
3931,test_50_10,test_runner,50,10,500,41,740.0
3932,test_25_20,test_runner,25,20,500,42,797.0
3933,test_50_10,test_runner,50,10,500,42,747.0
3934,test_25_20,test_runner,25,20,500,43,828.0
3935,test_50_10,test_runner,50,10,500,43,757.0
3936,test_25_20,test_runner,25,20,500,44,805.0
3937,test_50_10,test_runner,50,10,500,44,743.0
3938,test_25_20,test_runner,25,20,500,45,797.0
3939,test_50_10,test_runner,50,10,500,45,743.0
3940,test_25_20,test_runner,25,20,500,46,794.0
3941,test_50_10,test_runner,50,10,500,46,750.0
3942,test_25_20,test_runner,25,20,500,47,803.0
3943,test_50_10,test_runner,50,10,500,47,752.0
3944,test_25_20,test_runner,25,20,500,48,792.0
3945,test_50_10,test_runner,50,10,500,48,747.0
3946,test_25_20,test_runner,25,20,500,49,803.0
3947,test_50_10,test_runner,50,10,500,49,752.0
3948,test_25_20,test_runner,25,20,500,50,796.0
3949,test_50_10,test_runner,50,10,500,50,740.0
3950,test_30_18,test_runner,30,18,540,1,1567.0
3951,test_45_12,test_runner,45,12,540,1,1413.0
3952,test_30_18,test_runner,30,18,540,2,1026.0
3953,test_45_12,test_runner,45,12,540,2,1097.0
3954,test_30_18,test_runner,30,18,540,3,972.0
3955,test_45_12,test_runner,45,12,540,3,982.0
3956,test_30_18,test_runner,30,18,540,4,980.0
3957,test_45_12,test_runner,45,12,540,4,969.0
3958,test_30_18,test_runner,30,18,540,5,945.0
3959,test_45_12,test_runner,45,12,540,5,925.0
3960,test_30_18,test_runner,30,18,540,6,939.0
3961,test_45_12,test_runner,45,12,540,6,921.0
3962,test_30_18,test_runner,30,18,540,7,944.0
3963,test_45_12,test_runner,45,12,540,7,909.0
3964,test_30_18,test_runner,30,18,540,8,933.0
3965,test_45_12,test_runner,45,12,540,8,911.0
3966,test_30_18,test_runner,30,18,540,9,924.0
3967,test_45_12,test_runner,45,12,540,9,915.0
3968,test_30_18,test_runner,30,18,540,10,954.0
3969,test_45_12,test_runner,45,12,540,10,918.0
3970,test_30_18,test_runner,30,18,540,11,926.0
3971,test_45_12,test_runner,45,12,540,11,916.0
3972,test_30_18,test_runner,30,18,540,12,923.0
3973,test_45_12,test_runner,45,12,540,12,919.0
3974,test_30_18,test_runner,30,18,540,13,930.0
3975,test_45_12,test_runner,45,12,540,13,923.0
3976,test_30_18,test_runner,30,18,540,14,917.0
3977,test_45_12,test_runner,45,12,540,14,907.0
3978,test_30_18,test_runner,30,18,540,15,928.0
3979,test_45_12,test_runner,45,12,540,15,904.0
3980,test_30_18,test_runner,30,18,540,16,918.0
3981,test_45_12,test_runner,45,12,540,16,912.0
3982,test_30_18,test_runner,30,18,540,17,924.0
3983,test_45_12,test_runner,45,12,540,17,905.0
3984,test_30_18,test_runner,30,18,540,18,931.0
3985,test_45_12,test_runner,45,12,540,18,908.0
3986,test_30_18,test_runner,30,18,540,19,925.0
3987,test_45_12,test_runner,45,12,540,19,907.0
3988,test_30_18,test_runner,30,18,540,20,927.0
3989,test_45_12,test_runner,45,12,540,20,906.0
3990,test_30_18,test_runner,30,18,540,21,930.0
3991,test_45_12,test_runner,45,12,540,21,903.0
3992,test_30_18,test_runner,30,18,540,22,927.0
3993,test_45_12,test_runner,45,12,540,22,902.0
3994,test_30_18,test_runner,30,18,540,23,918.0
3995,test_45_12,test_runner,45,12,540,23,893.0
3996,test_30_18,test_runner,30,18,540,24,923.0
3997,test_45_12,test_runner,45,12,540,24,904.0
3998,test_30_18,test_runner,30,18,540,25,918.0
3999,test_45_12,test_runner,45,12,540,25,904.0
4000,test_30_18,test_runner,30,18,540,26,916.0
4001,test_45_12,test_runner,45,12,540,26,896.0
4002,test_30_18,test_runner,30,18,540,27,912.0
4003,test_45_12,test_runner,45,12,540,27,900.0
4004,test_30_18,test_runner,30,18,540,28,920.0
4005,test_45_12,test_runner,45,12,540,28,902.0
4006,test_30_18,test_runner,30,18,540,29,934.0
4007,test_45_12,test_runner,45,12,540,29,921.0
4008,test_30_18,test_runner,30,18,540,30,918.0
4009,test_45_12,test_runner,45,12,540,30,913.0
4010,test_30_18,test_runner,30,18,540,31,947.0
4011,test_45_12,test_runner,45,12,540,31,909.0
4012,test_30_18,test_runner,30,18,540,32,912.0
4013,test_45_12,test_runner,45,12,540,32,905.0
4014,test_30_18,test_runner,30,18,540,33,917.0
4015,test_45_12,test_runner,45,12,540,33,914.0
4016,test_30_18,test_runner,30,18,540,34,921.0
4017,test_45_12,test_runner,45,12,540,34,911.0
4018,test_30_18,test_runner,30,18,540,35,914.0
4019,test_45_12,test_runner,45,12,540,35,916.0
4020,test_30_18,test_runner,30,18,540,36,910.0
4021,test_45_12,test_runner,45,12,540,36,920.0
4022,test_30_18,test_runner,30,18,540,37,920.0
4023,test_45_12,test_runner,45,12,540,37,908.0
4024,test_30_18,test_runner,30,18,540,38,911.0
4025,test_45_12,test_runner,45,12,540,38,900.0
4026,test_30_18,test_runner,30,18,540,39,928.0
4027,test_45_12,test_runner,45,12,540,39,904.0
4028,test_30_18,test_runner,30,18,540,40,920.0
4029,test_45_12,test_runner,45,12,540,40,906.0
4030,test_30_18,test_runner,30,18,540,41,924.0
4031,test_45_12,test_runner,45,12,540,41,899.0
4032,test_30_18,test_runner,30,18,540,42,911.0
4033,test_45_12,test_runner,45,12,540,42,905.0
4034,test_30_18,test_runner,30,18,540,43,913.0
4035,test_45_12,test_runner,45,12,540,43,899.0
4036,test_30_18,test_runner,30,18,540,44,922.0
4037,test_45_12,test_runner,45,12,540,44,898.0
4038,test_30_18,test_runner,30,18,540,45,931.0
4039,test_45_12,test_runner,45,12,540,45,883.0
4040,test_30_18,test_runner,30,18,540,46,900.0
4041,test_45_12,test_runner,45,12,540,46,901.0
4042,test_30_18,test_runner,30,18,540,47,918.0
4043,test_45_12,test_runner,45,12,540,47,890.0
4044,test_30_18,test_runner,30,18,540,48,911.0
4045,test_45_12,test_runner,45,12,540,48,894.0
4046,test_30_18,test_runner,30,18,540,49,915.0
4047,test_45_12,test_runner,45,12,540,49,894.0
4048,test_30_18,test_runner,30,18,540,50,922.0
4049,test_45_12,test_runner,45,12,540,50,898.0
4050,test_55_10,test_runner,55,10,550,1,1440.0
4051,test_55_10,test_runner,55,10,550,2,1077.0
4052,test_55_10,test_runner,55,10,550,3,1017.0
4053,test_55_10,test_runner,55,10,550,4,953.0
4054,test_55_10,test_runner,55,10,550,5,949.0
4055,test_55_10,test_runner,55,10,550,6,948.0
4056,test_55_10,test_runner,55,10,550,7,951.0
4057,test_55_10,test_runner,55,10,550,8,944.0
4058,test_55_10,test_runner,55,10,550,9,938.0
4059,test_55_10,test_runner,55,10,550,10,947.0
4060,test_55_10,test_runner,55,10,550,11,929.0
4061,test_55_10,test_runner,55,10,550,12,937.0
4062,test_55_10,test_runner,55,10,550,13,936.0
4063,test_55_10,test_runner,55,10,550,14,939.0
4064,test_55_10,test_runner,55,10,550,15,929.0
4065,test_55_10,test_runner,55,10,550,16,930.0
4066,test_55_10,test_runner,55,10,550,17,938.0
4067,test_55_10,test_runner,55,10,550,18,936.0
4068,test_55_10,test_runner,55,10,550,19,933.0
4069,test_55_10,test_runner,55,10,550,20,935.0
4070,test_55_10,test_runner,55,10,550,21,937.0
4071,test_55_10,test_runner,55,10,550,22,934.0
4072,test_55_10,test_runner,55,10,550,23,930.0
4073,test_55_10,test_runner,55,10,550,24,922.0
4074,test_55_10,test_runner,55,10,550,25,939.0
4075,test_55_10,test_runner,55,10,550,26,931.0
4076,test_55_10,test_runner,55,10,550,27,928.0
4077,test_55_10,test_runner,55,10,550,28,924.0
4078,test_55_10,test_runner,55,10,550,29,932.0
4079,test_55_10,test_runner,55,10,550,30,931.0
4080,test_55_10,test_runner,55,10,550,31,931.0
4081,test_55_10,test_runner,55,10,550,32,922.0
4082,test_55_10,test_runner,55,10,550,33,928.0
4083,test_55_10,test_runner,55,10,550,34,938.0
4084,test_55_10,test_runner,55,10,550,35,930.0
4085,test_55_10,test_runner,55,10,550,36,921.0
4086,test_55_10,test_runner,55,10,550,37,924.0
4087,test_55_10,test_runner,55,10,550,38,931.0
4088,test_55_10,test_runner,55,10,550,39,944.0
4089,test_55_10,test_runner,55,10,550,40,926.0
4090,test_55_10,test_runner,55,10,550,41,921.0
4091,test_55_10,test_runner,55,10,550,42,928.0
4092,test_55_10,test_runner,55,10,550,43,939.0
4093,test_55_10,test_runner,55,10,550,44,924.0
4094,test_55_10,test_runner,55,10,550,45,919.0
4095,test_55_10,test_runner,55,10,550,46,928.0
4096,test_55_10,test_runner,55,10,550,47,933.0
4097,test_55_10,test_runner,55,10,550,48,925.0
4098,test_55_10,test_runner,55,10,550,49,924.0
4099,test_55_10,test_runner,55,10,550,50,925.0
4100,test_35_16,test_runner,35,16,560,1,1640.0
4101,test_40_14,test_runner,40,14,560,1,1560.0
4102,test_35_16,test_runner,35,16,560,2,1101.0
4103,test_40_14,test_runner,40,14,560,2,1110.0
4104,test_35_16,test_runner,35,16,560,3,1106.0
4105,test_40_14,test_runner,40,14,560,3,1063.0
4106,test_35_16,test_runner,35,16,560,4,1014.0
4107,test_40_14,test_runner,40,14,560,4,1052.0
4108,test_35_16,test_runner,35,16,560,5,982.0
4109,test_40_14,test_runner,40,14,560,5,996.0
4110,test_35_16,test_runner,35,16,560,6,1008.0
4111,test_40_14,test_runner,40,14,560,6,974.0
4112,test_35_16,test_runner,35,16,560,7,987.0
4113,test_40_14,test_runner,40,14,560,7,976.0
4114,test_35_16,test_runner,35,16,560,8,987.0
4115,test_40_14,test_runner,40,14,560,8,969.0
4116,test_35_16,test_runner,35,16,560,9,979.0
4117,test_40_14,test_runner,40,14,560,9,967.0
4118,test_35_16,test_runner,35,16,560,10,984.0
4119,test_40_14,test_runner,40,14,560,10,962.0
4120,test_35_16,test_runner,35,16,560,11,978.0
4121,test_40_14,test_runner,40,14,560,11,966.0
4122,test_35_16,test_runner,35,16,560,12,987.0
4123,test_40_14,test_runner,40,14,560,12,969.0
4124,test_35_16,test_runner,35,16,560,13,973.0
4125,test_40_14,test_runner,40,14,560,13,962.0
4126,test_35_16,test_runner,35,16,560,14,977.0
4127,test_40_14,test_runner,40,14,560,14,973.0
4128,test_35_16,test_runner,35,16,560,15,979.0
4129,test_40_14,test_runner,40,14,560,15,969.0
4130,test_35_16,test_runner,35,16,560,16,989.0
4131,test_40_14,test_runner,40,14,560,16,972.0
4132,test_35_16,test_runner,35,16,560,17,968.0
4133,test_40_14,test_runner,40,14,560,17,970.0
4134,test_35_16,test_runner,35,16,560,18,980.0
4135,test_40_14,test_runner,40,14,560,18,967.0
4136,test_35_16,test_runner,35,16,560,19,975.0
4137,test_40_14,test_runner,40,14,560,19,975.0
4138,test_35_16,test_runner,35,16,560,20,980.0
4139,test_40_14,test_runner,40,14,560,20,971.0
4140,test_35_16,test_runner,35,16,560,21,975.0
4141,test_40_14,test_runner,40,14,560,21,968.0
4142,test_35_16,test_runner,35,16,560,22,973.0
4143,test_40_14,test_runner,40,14,560,22,953.0
4144,test_35_16,test_runner,35,16,560,23,986.0
4145,test_40_14,test_runner,40,14,560,23,963.0
4146,test_35_16,test_runner,35,16,560,24,973.0
4147,test_40_14,test_runner,40,14,560,24,962.0
4148,test_35_16,test_runner,35,16,560,25,974.0
4149,test_40_14,test_runner,40,14,560,25,972.0
4150,test_35_16,test_runner,35,16,560,26,961.0
4151,test_40_14,test_runner,40,14,560,26,979.0
4152,test_35_16,test_runner,35,16,560,27,973.0
4153,test_40_14,test_runner,40,14,560,27,961.0
4154,test_35_16,test_runner,35,16,560,28,973.0
4155,test_40_14,test_runner,40,14,560,28,966.0
4156,test_35_16,test_runner,35,16,560,29,968.0
4157,test_40_14,test_runner,40,14,560,29,961.0
4158,test_35_16,test_runner,35,16,560,30,962.0
4159,test_40_14,test_runner,40,14,560,30,974.0
4160,test_35_16,test_runner,35,16,560,31,971.0
4161,test_40_14,test_runner,40,14,560,31,963.0
4162,test_35_16,test_runner,35,16,560,32,964.0
4163,test_40_14,test_runner,40,14,560,32,955.0
4164,test_35_16,test_runner,35,16,560,33,976.0
4165,test_40_14,test_runner,40,14,560,33,978.0
4166,test_35_16,test_runner,35,16,560,34,994.0
4167,test_40_14,test_runner,40,14,560,34,973.0
4168,test_35_16,test_runner,35,16,560,35,965.0
4169,test_40_14,test_runner,40,14,560,35,963.0
4170,test_35_16,test_runner,35,16,560,36,967.0
4171,test_40_14,test_runner,40,14,560,36,977.0
4172,test_35_16,test_runner,35,16,560,37,973.0
4173,test_40_14,test_runner,40,14,560,37,964.0
4174,test_35_16,test_runner,35,16,560,38,967.0
4175,test_40_14,test_runner,40,14,560,38,952.0
4176,test_35_16,test_runner,35,16,560,39,963.0
4177,test_40_14,test_runner,40,14,560,39,958.0
4178,test_35_16,test_runner,35,16,560,40,964.0
4179,test_40_14,test_runner,40,14,560,40,955.0
4180,test_35_16,test_runner,35,16,560,41,977.0
4181,test_40_14,test_runner,40,14,560,41,955.0
4182,test_35_16,test_runner,35,16,560,42,967.0
4183,test_40_14,test_runner,40,14,560,42,966.0
4184,test_35_16,test_runner,35,16,560,43,974.0
4185,test_40_14,test_runner,40,14,560,43,963.0
4186,test_35_16,test_runner,35,16,560,44,955.0
4187,test_40_14,test_runner,40,14,560,44,970.0
4188,test_35_16,test_runner,35,16,560,45,963.0
4189,test_40_14,test_runner,40,14,560,45,968.0
4190,test_35_16,test_runner,35,16,560,46,970.0
4191,test_40_14,test_runner,40,14,560,46,958.0
4192,test_35_16,test_runner,35,16,560,47,975.0
4193,test_40_14,test_runner,40,14,560,47,951.0
4194,test_35_16,test_runner,35,16,560,48,969.0
4195,test_40_14,test_runner,40,14,560,48,958.0
4196,test_35_16,test_runner,35,16,560,49,969.0
4197,test_40_14,test_runner,40,14,560,49,948.0
4198,test_35_16,test_runner,35,16,560,50,964.0
4199,test_40_14,test_runner,40,14,560,50,949.0
4200,test_30_20,test_runner,30,20,600,1,1871.0
4201,test_50_12,test_runner,50,12,600,1,1689.0
4202,test_60_10,test_runner,60,10,600,1,1659.0
4203,test_30_20,test_runner,30,20,600,2,1303.0
4204,test_50_12,test_runner,50,12,600,2,1309.0
4205,test_60_10,test_runner,60,10,600,2,1328.0
4206,test_30_20,test_runner,30,20,600,3,1203.0
4207,test_50_12,test_runner,50,12,600,3,1214.0
4208,test_60_10,test_runner,60,10,600,3,1253.0
4209,test_30_20,test_runner,30,20,600,4,1184.0
4210,test_50_12,test_runner,50,12,600,4,1140.0
4211,test_60_10,test_runner,60,10,600,4,1136.0
4212,test_30_20,test_runner,30,20,600,5,1181.0
4213,test_50_12,test_runner,50,12,600,5,1140.0
4214,test_60_10,test_runner,60,10,600,5,1123.0
4215,test_30_20,test_runner,30,20,600,6,1177.0
4216,test_50_12,test_runner,50,12,600,6,1128.0
4217,test_60_10,test_runner,60,10,600,6,1110.0
4218,test_30_20,test_runner,30,20,600,7,1181.0
4219,test_50_12,test_runner,50,12,600,7,1114.0
4220,test_60_10,test_runner,60,10,600,7,1119.0
4221,test_30_20,test_runner,30,20,600,8,1178.0
4222,test_50_12,test_runner,50,12,600,8,1122.0
4223,test_60_10,test_runner,60,10,600,8,1105.0
4224,test_30_20,test_runner,30,20,600,9,1182.0
4225,test_50_12,test_runner,50,12,600,9,1124.0
4226,test_60_10,test_runner,60,10,600,9,1111.0
4227,test_30_20,test_runner,30,20,600,10,1176.0
4228,test_50_12,test_runner,50,12,600,10,1139.0
4229,test_60_10,test_runner,60,10,600,10,1110.0
4230,test_30_20,test_runner,30,20,600,11,1164.0
4231,test_50_12,test_runner,50,12,600,11,1136.0
4232,test_60_10,test_runner,60,10,600,11,1106.0
4233,test_30_20,test_runner,30,20,600,12,1165.0
4234,test_50_12,test_runner,50,12,600,12,1141.0
4235,test_60_10,test_runner,60,10,600,12,1118.0
4236,test_30_20,test_runner,30,20,600,13,1164.0
4237,test_50_12,test_runner,50,12,600,13,1130.0
4238,test_60_10,test_runner,60,10,600,13,1099.0
4239,test_30_20,test_runner,30,20,600,14,1173.0
4240,test_50_12,test_runner,50,12,600,14,1121.0
4241,test_60_10,test_runner,60,10,600,14,1110.0
4242,test_30_20,test_runner,30,20,600,15,1164.0
4243,test_50_12,test_runner,50,12,600,15,1132.0
4244,test_60_10,test_runner,60,10,600,15,1106.0
4245,test_30_20,test_runner,30,20,600,16,1165.0
4246,test_50_12,test_runner,50,12,600,16,1131.0
4247,test_60_10,test_runner,60,10,600,16,1107.0
4248,test_30_20,test_runner,30,20,600,17,1168.0
4249,test_50_12,test_runner,50,12,600,17,1141.0
4250,test_60_10,test_runner,60,10,600,17,1105.0
4251,test_30_20,test_runner,30,20,600,18,1168.0
4252,test_50_12,test_runner,50,12,600,18,1136.0
4253,test_60_10,test_runner,60,10,600,18,1103.0
4254,test_30_20,test_runner,30,20,600,19,1161.0
4255,test_50_12,test_runner,50,12,600,19,1145.0
4256,test_60_10,test_runner,60,10,600,19,1108.0
4257,test_30_20,test_runner,30,20,600,20,1152.0
4258,test_50_12,test_runner,50,12,600,20,1129.0
4259,test_60_10,test_runner,60,10,600,20,1093.0
4260,test_30_20,test_runner,30,20,600,21,1161.0
4261,test_50_12,test_runner,50,12,600,21,1135.0
4262,test_60_10,test_runner,60,10,600,21,1094.0
4263,test_30_20,test_runner,30,20,600,22,1157.0
4264,test_50_12,test_runner,50,12,600,22,1128.0
4265,test_60_10,test_runner,60,10,600,22,1095.0
4266,test_30_20,test_runner,30,20,600,23,1156.0
4267,test_50_12,test_runner,50,12,600,23,1142.0
4268,test_60_10,test_runner,60,10,600,23,1095.0
4269,test_30_20,test_runner,30,20,600,24,1161.0
4270,test_50_12,test_runner,50,12,600,24,1129.0
4271,test_60_10,test_runner,60,10,600,24,1084.0
4272,test_30_20,test_runner,30,20,600,25,1155.0
4273,test_50_12,test_runner,50,12,600,25,1109.0
4274,test_60_10,test_runner,60,10,600,25,1098.0
4275,test_30_20,test_runner,30,20,600,26,1153.0
4276,test_50_12,test_runner,50,12,600,26,1123.0
4277,test_60_10,test_runner,60,10,600,26,1091.0
4278,test_30_20,test_runner,30,20,600,27,1149.0
4279,test_50_12,test_runner,50,12,600,27,1184.0
4280,test_60_10,test_runner,60,10,600,27,1088.0
4281,test_30_20,test_runner,30,20,600,28,1159.0
4282,test_50_12,test_runner,50,12,600,28,1100.0
4283,test_60_10,test_runner,60,10,600,28,1094.0
4284,test_30_20,test_runner,30,20,600,29,1157.0
4285,test_50_12,test_runner,50,12,600,29,1109.0
4286,test_60_10,test_runner,60,10,600,29,1087.0
4287,test_30_20,test_runner,30,20,600,30,1162.0
4288,test_50_12,test_runner,50,12,600,30,1107.0
4289,test_60_10,test_runner,60,10,600,30,1088.0
4290,test_30_20,test_runner,30,20,600,31,1162.0
4291,test_50_12,test_runner,50,12,600,31,1149.0
4292,test_60_10,test_runner,60,10,600,31,1109.0
4293,test_30_20,test_runner,30,20,600,32,1151.0
4294,test_50_12,test_runner,50,12,600,32,1112.0
4295,test_60_10,test_runner,60,10,600,32,1096.0
4296,test_30_20,test_runner,30,20,600,33,1161.0
4297,test_50_12,test_runner,50,12,600,33,1108.0
4298,test_60_10,test_runner,60,10,600,33,1088.0
4299,test_30_20,test_runner,30,20,600,34,1172.0
4300,test_50_12,test_runner,50,12,600,34,1106.0
4301,test_60_10,test_runner,60,10,600,34,1097.0
4302,test_30_20,test_runner,30,20,600,35,1185.0
4303,test_50_12,test_runner,50,12,600,35,1102.0
4304,test_60_10,test_runner,60,10,600,35,1089.0
4305,test_30_20,test_runner,30,20,600,36,1165.0
4306,test_50_12,test_runner,50,12,600,36,1109.0
4307,test_60_10,test_runner,60,10,600,36,1094.0
4308,test_30_20,test_runner,30,20,600,37,1158.0
4309,test_50_12,test_runner,50,12,600,37,1112.0
4310,test_60_10,test_runner,60,10,600,37,1080.0
4311,test_30_20,test_runner,30,20,600,38,1155.0
4312,test_50_12,test_runner,50,12,600,38,1109.0
4313,test_60_10,test_runner,60,10,600,38,1098.0
4314,test_30_20,test_runner,30,20,600,39,1155.0
4315,test_50_12,test_runner,50,12,600,39,1117.0
4316,test_60_10,test_runner,60,10,600,39,1088.0
4317,test_30_20,test_runner,30,20,600,40,1158.0
4318,test_50_12,test_runner,50,12,600,40,1116.0
4319,test_60_10,test_runner,60,10,600,40,1089.0
4320,test_30_20,test_runner,30,20,600,41,1164.0
4321,test_50_12,test_runner,50,12,600,41,1097.0
4322,test_60_10,test_runner,60,10,600,41,1093.0
4323,test_30_20,test_runner,30,20,600,42,1161.0
4324,test_50_12,test_runner,50,12,600,42,1107.0
4325,test_60_10,test_runner,60,10,600,42,1089.0
4326,test_30_20,test_runner,30,20,600,43,1173.0
4327,test_50_12,test_runner,50,12,600,43,1112.0
4328,test_60_10,test_runner,60,10,600,43,1092.0
4329,test_30_20,test_runner,30,20,600,44,1172.0
4330,test_50_12,test_runner,50,12,600,44,1122.0
4331,test_60_10,test_runner,60,10,600,44,1091.0
4332,test_30_20,test_runner,30,20,600,45,1159.0
4333,test_50_12,test_runner,50,12,600,45,1112.0
4334,test_60_10,test_runner,60,10,600,45,1097.0
4335,test_30_20,test_runner,30,20,600,46,1157.0
4336,test_50_12,test_runner,50,12,600,46,1109.0
4337,test_60_10,test_runner,60,10,600,46,1093.0
4338,test_30_20,test_runner,30,20,600,47,1164.0
4339,test_50_12,test_runner,50,12,600,47,1105.0
4340,test_60_10,test_runner,60,10,600,47,1091.0
4341,test_30_20,test_runner,30,20,600,48,1171.0
4342,test_50_12,test_runner,50,12,600,48,1114.0
4343,test_60_10,test_runner,60,10,600,48,1089.0
4344,test_30_20,test_runner,30,20,600,49,1159.0
4345,test_50_12,test_runner,50,12,600,49,1103.0
4346,test_60_10,test_runner,60,10,600,49,1088.0
4347,test_30_20,test_runner,30,20,600,50,1166.0
4348,test_50_12,test_runner,50,12,600,50,1100.0
4349,test_60_10,test_runner,60,10,600,50,1091.0
4350,test_35_18,test_runner,35,18,630,1,2042.0
4351,test_45_14,test_runner,45,14,630,1,1832.0
4352,test_35_18,test_runner,35,18,630,2,1440.0
4353,test_45_14,test_runner,45,14,630,2,1406.0
4354,test_35_18,test_runner,35,18,630,3,1340.0
4355,test_45_14,test_runner,45,14,630,3,1407.0
4356,test_35_18,test_runner,35,18,630,4,1312.0
4357,test_45_14,test_runner,45,14,630,4,1279.0
4358,test_35_18,test_runner,35,18,630,5,1291.0
4359,test_45_14,test_runner,45,14,630,5,1266.0
4360,test_35_18,test_runner,35,18,630,6,1293.0
4361,test_45_14,test_runner,45,14,630,6,1261.0
4362,test_35_18,test_runner,35,18,630,7,1282.0
4363,test_45_14,test_runner,45,14,630,7,1257.0
4364,test_35_18,test_runner,35,18,630,8,1276.0
4365,test_45_14,test_runner,45,14,630,8,1246.0
4366,test_35_18,test_runner,35,18,630,9,1296.0
4367,test_45_14,test_runner,45,14,630,9,1251.0
4368,test_35_18,test_runner,35,18,630,10,1294.0
4369,test_45_14,test_runner,45,14,630,10,1259.0
4370,test_35_18,test_runner,35,18,630,11,1293.0
4371,test_45_14,test_runner,45,14,630,11,1260.0
4372,test_35_18,test_runner,35,18,630,12,1296.0
4373,test_45_14,test_runner,45,14,630,12,1241.0
4374,test_35_18,test_runner,35,18,630,13,1271.0
4375,test_45_14,test_runner,45,14,630,13,1235.0
4376,test_35_18,test_runner,35,18,630,14,1283.0
4377,test_45_14,test_runner,45,14,630,14,1246.0
4378,test_35_18,test_runner,35,18,630,15,1273.0
4379,test_45_14,test_runner,45,14,630,15,1235.0
4380,test_35_18,test_runner,35,18,630,16,1292.0
4381,test_45_14,test_runner,45,14,630,16,1228.0
4382,test_35_18,test_runner,35,18,630,17,1271.0
4383,test_45_14,test_runner,45,14,630,17,1228.0
4384,test_35_18,test_runner,35,18,630,18,1283.0
4385,test_45_14,test_runner,45,14,630,18,1236.0
4386,test_35_18,test_runner,35,18,630,19,1274.0
4387,test_45_14,test_runner,45,14,630,19,1228.0
4388,test_35_18,test_runner,35,18,630,20,1297.0
4389,test_45_14,test_runner,45,14,630,20,1226.0
4390,test_35_18,test_runner,35,18,630,21,1281.0
4391,test_45_14,test_runner,45,14,630,21,1228.0
4392,test_35_18,test_runner,35,18,630,22,1288.0
4393,test_45_14,test_runner,45,14,630,22,1230.0
4394,test_35_18,test_runner,35,18,630,23,1287.0
4395,test_45_14,test_runner,45,14,630,23,1244.0
4396,test_35_18,test_runner,35,18,630,24,1273.0
4397,test_45_14,test_runner,45,14,630,24,1224.0
4398,test_35_18,test_runner,35,18,630,25,1283.0
4399,test_45_14,test_runner,45,14,630,25,1235.0
4400,test_35_18,test_runner,35,18,630,26,1272.0
4401,test_45_14,test_runner,45,14,630,26,1229.0
4402,test_35_18,test_runner,35,18,630,27,1284.0
4403,test_45_14,test_runner,45,14,630,27,1230.0
4404,test_35_18,test_runner,35,18,630,28,1282.0
4405,test_45_14,test_runner,45,14,630,28,1228.0
4406,test_35_18,test_runner,35,18,630,29,1296.0
4407,test_45_14,test_runner,45,14,630,29,1233.0
4408,test_35_18,test_runner,35,18,630,30,1295.0
4409,test_45_14,test_runner,45,14,630,30,1269.0
4410,test_35_18,test_runner,35,18,630,31,1290.0
4411,test_45_14,test_runner,45,14,630,31,1247.0
4412,test_35_18,test_runner,35,18,630,32,1279.0
4413,test_45_14,test_runner,45,14,630,32,1248.0
4414,test_35_18,test_runner,35,18,630,33,1286.0
4415,test_45_14,test_runner,45,14,630,33,1236.0
4416,test_35_18,test_runner,35,18,630,34,1280.0
4417,test_45_14,test_runner,45,14,630,34,1238.0
4418,test_35_18,test_runner,35,18,630,35,1293.0
4419,test_45_14,test_runner,45,14,630,35,1249.0
4420,test_35_18,test_runner,35,18,630,36,1271.0
4421,test_45_14,test_runner,45,14,630,36,1237.0
4422,test_35_18,test_runner,35,18,630,37,1281.0
4423,test_45_14,test_runner,45,14,630,37,1245.0
4424,test_35_18,test_runner,35,18,630,38,1288.0
4425,test_45_14,test_runner,45,14,630,38,1234.0
4426,test_35_18,test_runner,35,18,630,39,1278.0
4427,test_45_14,test_runner,45,14,630,39,1236.0
4428,test_35_18,test_runner,35,18,630,40,1279.0
4429,test_45_14,test_runner,45,14,630,40,1227.0
4430,test_35_18,test_runner,35,18,630,41,1283.0
4431,test_45_14,test_runner,45,14,630,41,1228.0
4432,test_35_18,test_runner,35,18,630,42,1270.0
4433,test_45_14,test_runner,45,14,630,42,1229.0
4434,test_35_18,test_runner,35,18,630,43,1375.0
4435,test_45_14,test_runner,45,14,630,43,1229.0
4436,test_35_18,test_runner,35,18,630,44,1283.0
4437,test_45_14,test_runner,45,14,630,44,1240.0
4438,test_35_18,test_runner,35,18,630,45,1284.0
4439,test_45_14,test_runner,45,14,630,45,1224.0
4440,test_35_18,test_runner,35,18,630,46,1276.0
4441,test_45_14,test_runner,45,14,630,46,1232.0
4442,test_35_18,test_runner,35,18,630,47,1277.0
4443,test_45_14,test_runner,45,14,630,47,1230.0
4444,test_35_18,test_runner,35,18,630,48,1277.0
4445,test_45_14,test_runner,45,14,630,48,1226.0
4446,test_35_18,test_runner,35,18,630,49,1282.0
4447,test_45_14,test_runner,45,14,630,49,1224.0
4448,test_35_18,test_runner,35,18,630,50,1289.0
4449,test_45_14,test_runner,45,14,630,50,1231.0
4450,test_40_16,test_runner,40,16,640,1,2035.0
4451,test_40_16,test_runner,40,16,640,2,1510.0
4452,test_40_16,test_runner,40,16,640,3,1402.0
4453,test_40_16,test_runner,40,16,640,4,1369.0
4454,test_40_16,test_runner,40,16,640,5,1340.0
4455,test_40_16,test_runner,40,16,640,6,1348.0
4456,test_40_16,test_runner,40,16,640,7,1341.0
4457,test_40_16,test_runner,40,16,640,8,1337.0
4458,test_40_16,test_runner,40,16,640,9,1340.0
4459,test_40_16,test_runner,40,16,640,10,1347.0
4460,test_40_16,test_runner,40,16,640,11,1349.0
4461,test_40_16,test_runner,40,16,640,12,1324.0
4462,test_40_16,test_runner,40,16,640,13,1323.0
4463,test_40_16,test_runner,40,16,640,14,1331.0
4464,test_40_16,test_runner,40,16,640,15,1338.0
4465,test_40_16,test_runner,40,16,640,16,1329.0
4466,test_40_16,test_runner,40,16,640,17,1344.0
4467,test_40_16,test_runner,40,16,640,18,1334.0
4468,test_40_16,test_runner,40,16,640,19,1328.0
4469,test_40_16,test_runner,40,16,640,20,1323.0
4470,test_40_16,test_runner,40,16,640,21,1317.0
4471,test_40_16,test_runner,40,16,640,22,1321.0
4472,test_40_16,test_runner,40,16,640,23,1300.0
4473,test_40_16,test_runner,40,16,640,24,1317.0
4474,test_40_16,test_runner,40,16,640,25,1305.0
4475,test_40_16,test_runner,40,16,640,26,1315.0
4476,test_40_16,test_runner,40,16,640,27,1304.0
4477,test_40_16,test_runner,40,16,640,28,1313.0
4478,test_40_16,test_runner,40,16,640,29,1322.0
4479,test_40_16,test_runner,40,16,640,30,1336.0
4480,test_40_16,test_runner,40,16,640,31,1306.0
4481,test_40_16,test_runner,40,16,640,32,1309.0
4482,test_40_16,test_runner,40,16,640,33,1318.0
4483,test_40_16,test_runner,40,16,640,34,1307.0
4484,test_40_16,test_runner,40,16,640,35,1310.0
4485,test_40_16,test_runner,40,16,640,36,1299.0
4486,test_40_16,test_runner,40,16,640,37,1316.0
4487,test_40_16,test_runner,40,16,640,38,1304.0
4488,test_40_16,test_runner,40,16,640,39,1303.0
4489,test_40_16,test_runner,40,16,640,40,1323.0
4490,test_40_16,test_runner,40,16,640,41,1299.0
4491,test_40_16,test_runner,40,16,640,42,1311.0
4492,test_40_16,test_runner,40,16,640,43,1312.0
4493,test_40_16,test_runner,40,16,640,44,1317.0
4494,test_40_16,test_runner,40,16,640,45,1309.0
4495,test_40_16,test_runner,40,16,640,46,1310.0
4496,test_40_16,test_runner,40,16,640,47,1315.0
4497,test_40_16,test_runner,40,16,640,48,1307.0
4498,test_40_16,test_runner,40,16,640,49,1299.0
4499,test_40_16,test_runner,40,16,640,50,1295.0
4500,test_55_12,test_runner,55,12,660,1,2026.0
4501,test_55_12,test_runner,55,12,660,2,1517.0
4502,test_55_12,test_runner,55,12,660,3,1460.0
4503,test_55_12,test_runner,55,12,660,4,1395.0
4504,test_55_12,test_runner,55,12,660,5,1396.0
4505,test_55_12,test_runner,55,12,660,6,1384.0
4506,test_55_12,test_runner,55,12,660,7,1377.0
4507,test_55_12,test_runner,55,12,660,8,1382.0
4508,test_55_12,test_runner,55,12,660,9,1377.0
4509,test_55_12,test_runner,55,12,660,10,1375.0
4510,test_55_12,test_runner,55,12,660,11,1380.0
4511,test_55_12,test_runner,55,12,660,12,1383.0
4512,test_55_12,test_runner,55,12,660,13,1378.0
4513,test_55_12,test_runner,55,12,660,14,1372.0
4514,test_55_12,test_runner,55,12,660,15,1382.0
4515,test_55_12,test_runner,55,12,660,16,1364.0
4516,test_55_12,test_runner,55,12,660,17,1363.0
4517,test_55_12,test_runner,55,12,660,18,1388.0
4518,test_55_12,test_runner,55,12,660,19,1363.0
4519,test_55_12,test_runner,55,12,660,20,1363.0
4520,test_55_12,test_runner,55,12,660,21,1373.0
4521,test_55_12,test_runner,55,12,660,22,1361.0
4522,test_55_12,test_runner,55,12,660,23,1374.0
4523,test_55_12,test_runner,55,12,660,24,1369.0
4524,test_55_12,test_runner,55,12,660,25,1374.0
4525,test_55_12,test_runner,55,12,660,26,1362.0
4526,test_55_12,test_runner,55,12,660,27,1365.0
4527,test_55_12,test_runner,55,12,660,28,1382.0
4528,test_55_12,test_runner,55,12,660,29,1376.0
4529,test_55_12,test_runner,55,12,660,30,1361.0
4530,test_55_12,test_runner,55,12,660,31,1374.0
4531,test_55_12,test_runner,55,12,660,32,1375.0
4532,test_55_12,test_runner,55,12,660,33,1361.0
4533,test_55_12,test_runner,55,12,660,34,1368.0
4534,test_55_12,test_runner,55,12,660,35,1365.0
4535,test_55_12,test_runner,55,12,660,36,1369.0
4536,test_55_12,test_runner,55,12,660,37,1372.0
4537,test_55_12,test_runner,55,12,660,38,1361.0
4538,test_55_12,test_runner,55,12,660,39,1354.0
4539,test_55_12,test_runner,55,12,660,40,1355.0
4540,test_55_12,test_runner,55,12,660,41,1358.0
4541,test_55_12,test_runner,55,12,660,42,1360.0
4542,test_55_12,test_runner,55,12,660,43,1363.0
4543,test_55_12,test_runner,55,12,660,44,1360.0
4544,test_55_12,test_runner,55,12,660,45,1361.0
4545,test_55_12,test_runner,55,12,660,46,1361.0
4546,test_55_12,test_runner,55,12,660,47,1362.0
4547,test_55_12,test_runner,55,12,660,48,1370.0
4548,test_55_12,test_runner,55,12,660,49,1366.0
4549,test_55_12,test_runner,55,12,660,50,1363.0
4550,test_35_20,test_runner,35,20,700,1,2525.0
4551,test_50_14,test_runner,50,14,700,1,2241.0
4552,test_35_20,test_runner,35,20,700,2,1774.0
4553,test_50_14,test_runner,50,14,700,2,1761.0
4554,test_35_20,test_runner,35,20,700,3,1637.0
4555,test_50_14,test_runner,50,14,700,3,1702.0
4556,test_35_20,test_runner,35,20,700,4,1629.0
4557,test_50_14,test_runner,50,14,700,4,1618.0
4558,test_35_20,test_runner,35,20,700,5,1624.0
4559,test_50_14,test_runner,50,14,700,5,1645.0
4560,test_35_20,test_runner,35,20,700,6,1616.0
4561,test_50_14,test_runner,50,14,700,6,1618.0
4562,test_35_20,test_runner,35,20,700,7,1615.0
4563,test_50_14,test_runner,50,14,700,7,1618.0
4564,test_35_20,test_runner,35,20,700,8,1614.0
4565,test_50_14,test_runner,50,14,700,8,1616.0
4566,test_35_20,test_runner,35,20,700,9,1616.0
4567,test_50_14,test_runner,50,14,700,9,1615.0
4568,test_35_20,test_runner,35,20,700,10,1611.0
4569,test_50_14,test_runner,50,14,700,10,1611.0
4570,test_35_20,test_runner,35,20,700,11,1628.0
4571,test_50_14,test_runner,50,14,700,11,1592.0
4572,test_35_20,test_runner,35,20,700,12,1623.0
4573,test_50_14,test_runner,50,14,700,12,1617.0
4574,test_35_20,test_runner,35,20,700,13,1619.0
4575,test_50_14,test_runner,50,14,700,13,1592.0
4576,test_35_20,test_runner,35,20,700,14,1607.0
4577,test_50_14,test_runner,50,14,700,14,1616.0
4578,test_35_20,test_runner,35,20,700,15,1612.0
4579,test_50_14,test_runner,50,14,700,15,1603.0
4580,test_35_20,test_runner,35,20,700,16,1624.0
4581,test_50_14,test_runner,50,14,700,16,1587.0
4582,test_35_20,test_runner,35,20,700,17,1619.0
4583,test_50_14,test_runner,50,14,700,17,1577.0
4584,test_35_20,test_runner,35,20,700,18,1607.0
4585,test_50_14,test_runner,50,14,700,18,1584.0
4586,test_35_20,test_runner,35,20,700,19,1611.0
4587,test_50_14,test_runner,50,14,700,19,1589.0
4588,test_35_20,test_runner,35,20,700,20,1615.0
4589,test_50_14,test_runner,50,14,700,20,1596.0
4590,test_35_20,test_runner,35,20,700,21,1603.0
4591,test_50_14,test_runner,50,14,700,21,1597.0
4592,test_35_20,test_runner,35,20,700,22,1613.0
4593,test_50_14,test_runner,50,14,700,22,1575.0
4594,test_35_20,test_runner,35,20,700,23,1611.0
4595,test_50_14,test_runner,50,14,700,23,1574.0
4596,test_35_20,test_runner,35,20,700,24,1609.0
4597,test_50_14,test_runner,50,14,700,24,1596.0
4598,test_35_20,test_runner,35,20,700,25,1607.0
4599,test_50_14,test_runner,50,14,700,25,1612.0
4600,test_35_20,test_runner,35,20,700,26,1623.0
4601,test_50_14,test_runner,50,14,700,26,1617.0
4602,test_35_20,test_runner,35,20,700,27,1607.0
4603,test_50_14,test_runner,50,14,700,27,1592.0
4604,test_35_20,test_runner,35,20,700,28,1609.0
4605,test_50_14,test_runner,50,14,700,28,1587.0
4606,test_35_20,test_runner,35,20,700,29,1603.0
4607,test_50_14,test_runner,50,14,700,29,1588.0
4608,test_35_20,test_runner,35,20,700,30,1606.0
4609,test_50_14,test_runner,50,14,700,30,1584.0
4610,test_35_20,test_runner,35,20,700,31,1617.0
4611,test_50_14,test_runner,50,14,700,31,1586.0
4612,test_35_20,test_runner,35,20,700,32,1609.0
4613,test_50_14,test_runner,50,14,700,32,1600.0
4614,test_35_20,test_runner,35,20,700,33,1626.0
4615,test_50_14,test_runner,50,14,700,33,1585.0
4616,test_35_20,test_runner,35,20,700,34,1608.0
4617,test_50_14,test_runner,50,14,700,34,1585.0
4618,test_35_20,test_runner,35,20,700,35,1613.0
4619,test_50_14,test_runner,50,14,700,35,1584.0
4620,test_35_20,test_runner,35,20,700,36,1623.0
4621,test_50_14,test_runner,50,14,700,36,1616.0
4622,test_35_20,test_runner,35,20,700,37,1616.0
4623,test_50_14,test_runner,50,14,700,37,1599.0
4624,test_35_20,test_runner,35,20,700,38,1614.0
4625,test_50_14,test_runner,50,14,700,38,1586.0
4626,test_35_20,test_runner,35,20,700,39,1615.0
4627,test_50_14,test_runner,50,14,700,39,1575.0
4628,test_35_20,test_runner,35,20,700,40,1613.0
4629,test_50_14,test_runner,50,14,700,40,1572.0
4630,test_35_20,test_runner,35,20,700,41,1627.0
4631,test_50_14,test_runner,50,14,700,41,1591.0
4632,test_35_20,test_runner,35,20,700,42,1607.0
4633,test_50_14,test_runner,50,14,700,42,1593.0
4634,test_35_20,test_runner,35,20,700,43,1604.0
4635,test_50_14,test_runner,50,14,700,43,1605.0
4636,test_35_20,test_runner,35,20,700,44,1601.0
4637,test_50_14,test_runner,50,14,700,44,1582.0
4638,test_35_20,test_runner,35,20,700,45,1607.0
4639,test_50_14,test_runner,50,14,700,45,1589.0
4640,test_35_20,test_runner,35,20,700,46,1607.0
4641,test_50_14,test_runner,50,14,700,46,1579.0
4642,test_35_20,test_runner,35,20,700,47,1608.0
4643,test_50_14,test_runner,50,14,700,47,1599.0
4644,test_35_20,test_runner,35,20,700,48,1608.0
4645,test_50_14,test_runner,50,14,700,48,1563.0
4646,test_35_20,test_runner,35,20,700,49,1609.0
4647,test_50_14,test_runner,50,14,700,49,1595.0
4648,test_35_20,test_runner,35,20,700,50,1615.0
4649,test_50_14,test_runner,50,14,700,50,1585.0
4650,test_40_18,test_runner,40,18,720,1,2475.0
4651,test_45_16,test_runner,45,16,720,1,2323.0
4652,test_60_12,test_runner,60,12,720,1,2273.0
4653,test_40_18,test_runner,40,18,720,2,1836.0
4654,test_45_16,test_runner,45,16,720,2,1877.0
4655,test_60_12,test_runner,60,12,720,2,1847.0
4656,test_40_18,test_runner,40,18,720,3,1754.0
4657,test_45_16,test_runner,45,16,720,3,1754.0
4658,test_60_12,test_runner,60,12,720,3,1759.0
4659,test_40_18,test_runner,40,18,720,4,1740.0
4660,test_45_16,test_runner,45,16,720,4,1761.0
4661,test_60_12,test_runner,60,12,720,4,1714.0
4662,test_40_18,test_runner,40,18,720,5,1739.0
4663,test_45_16,test_runner,45,16,720,5,1751.0
4664,test_60_12,test_runner,60,12,720,5,1715.0
4665,test_40_18,test_runner,40,18,720,6,1720.0
4666,test_45_16,test_runner,45,16,720,6,1708.0
4667,test_60_12,test_runner,60,12,720,6,1704.0
4668,test_40_18,test_runner,40,18,720,7,1718.0
4669,test_45_16,test_runner,45,16,720,7,1724.0
4670,test_60_12,test_runner,60,12,720,7,1714.0
4671,test_40_18,test_runner,40,18,720,8,1730.0
4672,test_45_16,test_runner,45,16,720,8,1743.0
4673,test_60_12,test_runner,60,12,720,8,1700.0
4674,test_40_18,test_runner,40,18,720,9,1719.0
4675,test_45_16,test_runner,45,16,720,9,1724.0
4676,test_60_12,test_runner,60,12,720,9,1698.0
4677,test_40_18,test_runner,40,18,720,10,1731.0
4678,test_45_16,test_runner,45,16,720,10,1718.0
4679,test_60_12,test_runner,60,12,720,10,1692.0
4680,test_40_18,test_runner,40,18,720,11,1733.0
4681,test_45_16,test_runner,45,16,720,11,1722.0
4682,test_60_12,test_runner,60,12,720,11,1682.0
4683,test_40_18,test_runner,40,18,720,12,1725.0
4684,test_45_16,test_runner,45,16,720,12,1714.0
4685,test_60_12,test_runner,60,12,720,12,1689.0
4686,test_40_18,test_runner,40,18,720,13,1714.0
4687,test_45_16,test_runner,45,16,720,13,1728.0
4688,test_60_12,test_runner,60,12,720,13,1689.0
4689,test_40_18,test_runner,40,18,720,14,1705.0
4690,test_45_16,test_runner,45,16,720,14,1746.0
4691,test_60_12,test_runner,60,12,720,14,1693.0
4692,test_40_18,test_runner,40,18,720,15,1709.0
4693,test_45_16,test_runner,45,16,720,15,1728.0
4694,test_60_12,test_runner,60,12,720,15,1685.0
4695,test_40_18,test_runner,40,18,720,16,1709.0
4696,test_45_16,test_runner,45,16,720,16,1726.0
4697,test_60_12,test_runner,60,12,720,16,1694.0
4698,test_40_18,test_runner,40,18,720,17,1703.0
4699,test_45_16,test_runner,45,16,720,17,1740.0
4700,test_60_12,test_runner,60,12,720,17,1698.0
4701,test_40_18,test_runner,40,18,720,18,1702.0
4702,test_45_16,test_runner,45,16,720,18,1729.0
4703,test_60_12,test_runner,60,12,720,18,1684.0
4704,test_40_18,test_runner,40,18,720,19,1713.0
4705,test_45_16,test_runner,45,16,720,19,1710.0
4706,test_60_12,test_runner,60,12,720,19,1685.0
4707,test_40_18,test_runner,40,18,720,20,1723.0
4708,test_45_16,test_runner,45,16,720,20,1723.0
4709,test_60_12,test_runner,60,12,720,20,1691.0
4710,test_40_18,test_runner,40,18,720,21,1713.0
4711,test_45_16,test_runner,45,16,720,21,1710.0
4712,test_60_12,test_runner,60,12,720,21,1675.0
4713,test_40_18,test_runner,40,18,720,22,1739.0
4714,test_45_16,test_runner,45,16,720,22,1717.0
4715,test_60_12,test_runner,60,12,720,22,1672.0
4716,test_40_18,test_runner,40,18,720,23,1706.0
4717,test_45_16,test_runner,45,16,720,23,1723.0
4718,test_60_12,test_runner,60,12,720,23,1675.0
4719,test_40_18,test_runner,40,18,720,24,1713.0
4720,test_45_16,test_runner,45,16,720,24,1716.0
4721,test_60_12,test_runner,60,12,720,24,1665.0
4722,test_40_18,test_runner,40,18,720,25,1703.0
4723,test_45_16,test_runner,45,16,720,25,1704.0
4724,test_60_12,test_runner,60,12,720,25,1675.0
4725,test_40_18,test_runner,40,18,720,26,1742.0
4726,test_45_16,test_runner,45,16,720,26,1761.0
4727,test_60_12,test_runner,60,12,720,26,1704.0
4728,test_40_18,test_runner,40,18,720,27,1706.0
4729,test_45_16,test_runner,45,16,720,27,1711.0
4730,test_60_12,test_runner,60,12,720,27,1672.0
4731,test_40_18,test_runner,40,18,720,28,1692.0
4732,test_45_16,test_runner,45,16,720,28,1714.0
4733,test_60_12,test_runner,60,12,720,28,1659.0
4734,test_40_18,test_runner,40,18,720,29,1686.0
4735,test_45_16,test_runner,45,16,720,29,1706.0
4736,test_60_12,test_runner,60,12,720,29,1676.0
4737,test_40_18,test_runner,40,18,720,30,1703.0
4738,test_45_16,test_runner,45,16,720,30,1718.0
4739,test_60_12,test_runner,60,12,720,30,1674.0
4740,test_40_18,test_runner,40,18,720,31,1702.0
4741,test_45_16,test_runner,45,16,720,31,1725.0
4742,test_60_12,test_runner,60,12,720,31,1669.0
4743,test_40_18,test_runner,40,18,720,32,1695.0
4744,test_45_16,test_runner,45,16,720,32,1703.0
4745,test_60_12,test_runner,60,12,720,32,1685.0
4746,test_40_18,test_runner,40,18,720,33,1711.0
4747,test_45_16,test_runner,45,16,720,33,1701.0
4748,test_60_12,test_runner,60,12,720,33,1660.0
4749,test_40_18,test_runner,40,18,720,34,1697.0
4750,test_45_16,test_runner,45,16,720,34,1721.0
4751,test_60_12,test_runner,60,12,720,34,1663.0
4752,test_40_18,test_runner,40,18,720,35,1680.0
4753,test_45_16,test_runner,45,16,720,35,1708.0
4754,test_60_12,test_runner,60,12,720,35,1679.0
4755,test_40_18,test_runner,40,18,720,36,1683.0
4756,test_45_16,test_runner,45,16,720,36,1706.0
4757,test_60_12,test_runner,60,12,720,36,1670.0
4758,test_40_18,test_runner,40,18,720,37,1698.0
4759,test_45_16,test_runner,45,16,720,37,1718.0
4760,test_60_12,test_runner,60,12,720,37,1670.0
4761,test_40_18,test_runner,40,18,720,38,1704.0
4762,test_45_16,test_runner,45,16,720,38,1707.0
4763,test_60_12,test_runner,60,12,720,38,1670.0
4764,test_40_18,test_runner,40,18,720,39,1688.0
4765,test_45_16,test_runner,45,16,720,39,1713.0
4766,test_60_12,test_runner,60,12,720,39,1665.0
4767,test_40_18,test_runner,40,18,720,40,1704.0
4768,test_45_16,test_runner,45,16,720,40,1722.0
4769,test_60_12,test_runner,60,12,720,40,1668.0
4770,test_40_18,test_runner,40,18,720,41,1700.0
4771,test_45_16,test_runner,45,16,720,41,1710.0
4772,test_60_12,test_runner,60,12,720,41,1673.0
4773,test_40_18,test_runner,40,18,720,42,1697.0
4774,test_45_16,test_runner,45,16,720,42,1709.0
4775,test_60_12,test_runner,60,12,720,42,1669.0
4776,test_40_18,test_runner,40,18,720,43,1715.0
4777,test_45_16,test_runner,45,16,720,43,1712.0
4778,test_60_12,test_runner,60,12,720,43,1664.0
4779,test_40_18,test_runner,40,18,720,44,1705.0
4780,test_45_16,test_runner,45,16,720,44,1714.0
4781,test_60_12,test_runner,60,12,720,44,1669.0
4782,test_40_18,test_runner,40,18,720,45,1714.0
4783,test_45_16,test_runner,45,16,720,45,1698.0
4784,test_60_12,test_runner,60,12,720,45,1656.0
4785,test_40_18,test_runner,40,18,720,46,1719.0
4786,test_45_16,test_runner,45,16,720,46,1715.0
4787,test_60_12,test_runner,60,12,720,46,1659.0
4788,test_40_18,test_runner,40,18,720,47,1705.0
4789,test_45_16,test_runner,45,16,720,47,1716.0
4790,test_60_12,test_runner,60,12,720,47,1661.0
4791,test_40_18,test_runner,40,18,720,48,1693.0
4792,test_45_16,test_runner,45,16,720,48,1716.0
4793,test_60_12,test_runner,60,12,720,48,1655.0
4794,test_40_18,test_runner,40,18,720,49,1709.0
4795,test_45_16,test_runner,45,16,720,49,1718.0
4796,test_60_12,test_runner,60,12,720,49,1661.0
4797,test_40_18,test_runner,40,18,720,50,1703.0
4798,test_45_16,test_runner,45,16,720,50,1713.0
4799,test_60_12,test_runner,60,12,720,50,1673.0
4800,test_55_14,test_runner,55,14,770,1,2857.0
4801,test_55_14,test_runner,55,14,770,2,2373.0
4802,test_55_14,test_runner,55,14,770,3,2241.0
4803,test_55_14,test_runner,55,14,770,4,2228.0
4804,test_55_14,test_runner,55,14,770,5,2238.0
4805,test_55_14,test_runner,55,14,770,6,2191.0
4806,test_55_14,test_runner,55,14,770,7,2222.0
4807,test_55_14,test_runner,55,14,770,8,2218.0
4808,test_55_14,test_runner,55,14,770,9,2219.0
4809,test_55_14,test_runner,55,14,770,10,2218.0
4810,test_55_14,test_runner,55,14,770,11,2220.0
4811,test_55_14,test_runner,55,14,770,12,2242.0
4812,test_55_14,test_runner,55,14,770,13,2216.0
4813,test_55_14,test_runner,55,14,770,14,2223.0
4814,test_55_14,test_runner,55,14,770,15,2199.0
4815,test_55_14,test_runner,55,14,770,16,2219.0
4816,test_55_14,test_runner,55,14,770,17,2161.0
4817,test_55_14,test_runner,55,14,770,18,2191.0
4818,test_55_14,test_runner,55,14,770,19,2193.0
4819,test_55_14,test_runner,55,14,770,20,2152.0
4820,test_55_14,test_runner,55,14,770,21,2205.0
4821,test_55_14,test_runner,55,14,770,22,2198.0
4822,test_55_14,test_runner,55,14,770,23,2146.0
4823,test_55_14,test_runner,55,14,770,24,2202.0
4824,test_55_14,test_runner,55,14,770,25,2151.0
4825,test_55_14,test_runner,55,14,770,26,2138.0
4826,test_55_14,test_runner,55,14,770,27,2188.0
4827,test_55_14,test_runner,55,14,770,28,2159.0
4828,test_55_14,test_runner,55,14,770,29,2135.0
4829,test_55_14,test_runner,55,14,770,30,2187.0
4830,test_55_14,test_runner,55,14,770,31,2147.0
4831,test_55_14,test_runner,55,14,770,32,2144.0
4832,test_55_14,test_runner,55,14,770,33,2179.0
4833,test_55_14,test_runner,55,14,770,34,2146.0
4834,test_55_14,test_runner,55,14,770,35,2138.0
4835,test_55_14,test_runner,55,14,770,36,2152.0
4836,test_55_14,test_runner,55,14,770,37,2140.0
4837,test_55_14,test_runner,55,14,770,38,2151.0
4838,test_55_14,test_runner,55,14,770,39,2127.0
4839,test_55_14,test_runner,55,14,770,40,2177.0
4840,test_55_14,test_runner,55,14,770,41,2127.0
4841,test_55_14,test_runner,55,14,770,42,2149.0
4842,test_55_14,test_runner,55,14,770,43,2170.0
4843,test_55_14,test_runner,55,14,770,44,2161.0
4844,test_55_14,test_runner,55,14,770,45,2150.0
4845,test_55_14,test_runner,55,14,770,46,2193.0
4846,test_55_14,test_runner,55,14,770,47,2134.0
4847,test_55_14,test_runner,55,14,770,48,2140.0
4848,test_55_14,test_runner,55,14,770,49,2206.0
4849,test_55_14,test_runner,55,14,770,50,2154.0
4850,test_40_20,test_runner,40,20,800,1,3320.0
4851,test_50_16,test_runner,50,16,800,1,3116.0
4852,test_40_20,test_runner,40,20,800,2,2552.0
4853,test_50_16,test_runner,50,16,800,2,2580.0
4854,test_40_20,test_runner,40,20,800,3,2496.0
4855,test_50_16,test_runner,50,16,800,3,2470.0
4856,test_40_20,test_runner,40,20,800,4,2462.0
4857,test_50_16,test_runner,50,16,800,4,2457.0
4858,test_40_20,test_runner,40,20,800,5,2444.0
4859,test_50_16,test_runner,50,16,800,5,2447.0
4860,test_40_20,test_runner,40,20,800,6,2424.0
4861,test_50_16,test_runner,50,16,800,6,2428.0
4862,test_40_20,test_runner,40,20,800,7,2440.0
4863,test_50_16,test_runner,50,16,800,7,2452.0
4864,test_40_20,test_runner,40,20,800,8,2478.0
4865,test_50_16,test_runner,50,16,800,8,2467.0
4866,test_40_20,test_runner,40,20,800,9,2477.0
4867,test_50_16,test_runner,50,16,800,9,2454.0
4868,test_40_20,test_runner,40,20,800,10,2468.0
4869,test_50_16,test_runner,50,16,800,10,2443.0
4870,test_40_20,test_runner,40,20,800,11,2483.0
4871,test_50_16,test_runner,50,16,800,11,2432.0
4872,test_40_20,test_runner,40,20,800,12,2489.0
4873,test_50_16,test_runner,50,16,800,12,2423.0
4874,test_40_20,test_runner,40,20,800,13,2495.0
4875,test_50_16,test_runner,50,16,800,13,2411.0
4876,test_40_20,test_runner,40,20,800,14,2488.0
4877,test_50_16,test_runner,50,16,800,14,2396.0
4878,test_40_20,test_runner,40,20,800,15,2475.0
4879,test_50_16,test_runner,50,16,800,15,2388.0
4880,test_40_20,test_runner,40,20,800,16,2457.0
4881,test_50_16,test_runner,50,16,800,16,2442.0
4882,test_40_20,test_runner,40,20,800,17,2468.0
4883,test_50_16,test_runner,50,16,800,17,2409.0
4884,test_40_20,test_runner,40,20,800,18,2477.0
4885,test_50_16,test_runner,50,16,800,18,2404.0
4886,test_40_20,test_runner,40,20,800,19,2465.0
4887,test_50_16,test_runner,50,16,800,19,2400.0
4888,test_40_20,test_runner,40,20,800,20,2468.0
4889,test_50_16,test_runner,50,16,800,20,2414.0
4890,test_40_20,test_runner,40,20,800,21,2452.0
4891,test_50_16,test_runner,50,16,800,21,2384.0
4892,test_40_20,test_runner,40,20,800,22,2466.0
4893,test_50_16,test_runner,50,16,800,22,2431.0
4894,test_40_20,test_runner,40,20,800,23,2473.0
4895,test_50_16,test_runner,50,16,800,23,2428.0
4896,test_40_20,test_runner,40,20,800,24,2437.0
4897,test_50_16,test_runner,50,16,800,24,2430.0
4898,test_40_20,test_runner,40,20,800,25,2448.0
4899,test_50_16,test_runner,50,16,800,25,2421.0
4900,test_40_20,test_runner,40,20,800,26,2409.0
4901,test_50_16,test_runner,50,16,800,26,2431.0
4902,test_40_20,test_runner,40,20,800,27,2428.0
4903,test_50_16,test_runner,50,16,800,27,2418.0
4904,test_40_20,test_runner,40,20,800,28,2470.0
4905,test_50_16,test_runner,50,16,800,28,2385.0
4906,test_40_20,test_runner,40,20,800,29,2467.0
4907,test_50_16,test_runner,50,16,800,29,2420.0
4908,test_40_20,test_runner,40,20,800,30,2466.0
4909,test_50_16,test_runner,50,16,800,30,2420.0
4910,test_40_20,test_runner,40,20,800,31,2482.0
4911,test_50_16,test_runner,50,16,800,31,2419.0
4912,test_40_20,test_runner,40,20,800,32,2474.0
4913,test_50_16,test_runner,50,16,800,32,2408.0
4914,test_40_20,test_runner,40,20,800,33,2465.0
4915,test_50_16,test_runner,50,16,800,33,2409.0
4916,test_40_20,test_runner,40,20,800,34,2455.0
4917,test_50_16,test_runner,50,16,800,34,2437.0
4918,test_40_20,test_runner,40,20,800,35,2455.0
4919,test_50_16,test_runner,50,16,800,35,2430.0
4920,test_40_20,test_runner,40,20,800,36,2450.0
4921,test_50_16,test_runner,50,16,800,36,2427.0
4922,test_40_20,test_runner,40,20,800,37,2454.0
4923,test_50_16,test_runner,50,16,800,37,2425.0
4924,test_40_20,test_runner,40,20,800,38,2452.0
4925,test_50_16,test_runner,50,16,800,38,2419.0
4926,test_40_20,test_runner,40,20,800,39,2452.0
4927,test_50_16,test_runner,50,16,800,39,2405.0
4928,test_40_20,test_runner,40,20,800,40,2492.0
4929,test_50_16,test_runner,50,16,800,40,2415.0
4930,test_40_20,test_runner,40,20,800,41,2454.0
4931,test_50_16,test_runner,50,16,800,41,2371.0
4932,test_40_20,test_runner,40,20,800,42,2463.0
4933,test_50_16,test_runner,50,16,800,42,2417.0
4934,test_40_20,test_runner,40,20,800,43,2473.0
4935,test_50_16,test_runner,50,16,800,43,2414.0
4936,test_40_20,test_runner,40,20,800,44,2461.0
4937,test_50_16,test_runner,50,16,800,44,2421.0
4938,test_40_20,test_runner,40,20,800,45,2453.0
4939,test_50_16,test_runner,50,16,800,45,2394.0
4940,test_40_20,test_runner,40,20,800,46,2436.0
4941,test_50_16,test_runner,50,16,800,46,2367.0
4942,test_40_20,test_runner,40,20,800,47,2433.0
4943,test_50_16,test_runner,50,16,800,47,2360.0
4944,test_40_20,test_runner,40,20,800,48,2451.0
4945,test_50_16,test_runner,50,16,800,48,2420.0
4946,test_40_20,test_runner,40,20,800,49,2447.0
4947,test_50_16,test_runner,50,16,800,49,2394.0
4948,test_40_20,test_runner,40,20,800,50,2446.0
4949,test_50_16,test_runner,50,16,800,50,2404.0
4950,test_45_18,test_runner,45,18,810,1,3406.0
4951,test_45_18,test_runner,45,18,810,2,2758.0
4952,test_45_18,test_runner,45,18,810,3,2589.0
4953,test_45_18,test_runner,45,18,810,4,2595.0
4954,test_45_18,test_runner,45,18,810,5,2553.0
4955,test_45_18,test_runner,45,18,810,6,2564.0
4956,test_45_18,test_runner,45,18,810,7,2570.0
4957,test_45_18,test_runner,45,18,810,8,2563.0
4958,test_45_18,test_runner,45,18,810,9,2540.0
4959,test_45_18,test_runner,45,18,810,10,2530.0
4960,test_45_18,test_runner,45,18,810,11,2534.0
4961,test_45_18,test_runner,45,18,810,12,2549.0
4962,test_45_18,test_runner,45,18,810,13,2543.0
4963,test_45_18,test_runner,45,18,810,14,2553.0
4964,test_45_18,test_runner,45,18,810,15,2571.0
4965,test_45_18,test_runner,45,18,810,16,2549.0
4966,test_45_18,test_runner,45,18,810,17,2546.0
4967,test_45_18,test_runner,45,18,810,18,2555.0
4968,test_45_18,test_runner,45,18,810,19,2545.0
4969,test_45_18,test_runner,45,18,810,20,2542.0
4970,test_45_18,test_runner,45,18,810,21,2543.0
4971,test_45_18,test_runner,45,18,810,22,2537.0
4972,test_45_18,test_runner,45,18,810,23,2523.0
4973,test_45_18,test_runner,45,18,810,24,2524.0
4974,test_45_18,test_runner,45,18,810,25,2530.0
4975,test_45_18,test_runner,45,18,810,26,2526.0
4976,test_45_18,test_runner,45,18,810,27,2525.0
4977,test_45_18,test_runner,45,18,810,28,2528.0
4978,test_45_18,test_runner,45,18,810,29,2537.0
4979,test_45_18,test_runner,45,18,810,30,2525.0
4980,test_45_18,test_runner,45,18,810,31,2509.0
4981,test_45_18,test_runner,45,18,810,32,2509.0
4982,test_45_18,test_runner,45,18,810,33,2521.0
4983,test_45_18,test_runner,45,18,810,34,2524.0
4984,test_45_18,test_runner,45,18,810,35,2506.0
4985,test_45_18,test_runner,45,18,810,36,2508.0
4986,test_45_18,test_runner,45,18,810,37,2513.0
4987,test_45_18,test_runner,45,18,810,38,2534.0
4988,test_45_18,test_runner,45,18,810,39,2528.0
4989,test_45_18,test_runner,45,18,810,40,2523.0
4990,test_45_18,test_runner,45,18,810,41,2535.0
4991,test_45_18,test_runner,45,18,810,42,2540.0
4992,test_45_18,test_runner,45,18,810,43,2541.0
4993,test_45_18,test_runner,45,18,810,44,2539.0
4994,test_45_18,test_runner,45,18,810,45,2528.0
4995,test_45_18,test_runner,45,18,810,46,2500.0
4996,test_45_18,test_runner,45,18,810,47,2489.0
4997,test_45_18,test_runner,45,18,810,48,2498.0
4998,test_45_18,test_runner,45,18,810,49,2512.0
4999,test_45_18,test_runner,45,18,810,50,2525.0
5000,test_60_14,test_runner,60,14,840,1,3406.0
5001,test_60_14,test_runner,60,14,840,2,2885.0
5002,test_60_14,test_runner,60,14,840,3,2840.0
5003,test_60_14,test_runner,60,14,840,4,2835.0
5004,test_60_14,test_runner,60,14,840,5,2812.0
5005,test_60_14,test_runner,60,14,840,6,2817.0
5006,test_60_14,test_runner,60,14,840,7,2809.0
5007,test_60_14,test_runner,60,14,840,8,2809.0
5008,test_60_14,test_runner,60,14,840,9,2834.0
5009,test_60_14,test_runner,60,14,840,10,2833.0
5010,test_60_14,test_runner,60,14,840,11,2805.0
5011,test_60_14,test_runner,60,14,840,12,2810.0
5012,test_60_14,test_runner,60,14,840,13,2843.0
5013,test_60_14,test_runner,60,14,840,14,2815.0
5014,test_60_14,test_runner,60,14,840,15,2808.0
5015,test_60_14,test_runner,60,14,840,16,2818.0
5016,test_60_14,test_runner,60,14,840,17,2827.0
5017,test_60_14,test_runner,60,14,840,18,2830.0
5018,test_60_14,test_runner,60,14,840,19,2825.0
5019,test_60_14,test_runner,60,14,840,20,2812.0
5020,test_60_14,test_runner,60,14,840,21,2832.0
5021,test_60_14,test_runner,60,14,840,22,2808.0
5022,test_60_14,test_runner,60,14,840,23,2792.0
5023,test_60_14,test_runner,60,14,840,24,2818.0
5024,test_60_14,test_runner,60,14,840,25,2807.0
5025,test_60_14,test_runner,60,14,840,26,2783.0
5026,test_60_14,test_runner,60,14,840,27,2784.0
5027,test_60_14,test_runner,60,14,840,28,2798.0
5028,test_60_14,test_runner,60,14,840,29,2794.0
5029,test_60_14,test_runner,60,14,840,30,2816.0
5030,test_60_14,test_runner,60,14,840,31,2797.0
5031,test_60_14,test_runner,60,14,840,32,2820.0
5032,test_60_14,test_runner,60,14,840,33,2806.0
5033,test_60_14,test_runner,60,14,840,34,2784.0
5034,test_60_14,test_runner,60,14,840,35,2795.0
5035,test_60_14,test_runner,60,14,840,36,2795.0
5036,test_60_14,test_runner,60,14,840,37,2790.0
5037,test_60_14,test_runner,60,14,840,38,2768.0
5038,test_60_14,test_runner,60,14,840,39,2783.0
5039,test_60_14,test_runner,60,14,840,40,2794.0
5040,test_60_14,test_runner,60,14,840,41,2798.0
5041,test_60_14,test_runner,60,14,840,42,2802.0
5042,test_60_14,test_runner,60,14,840,43,2806.0
5043,test_60_14,test_runner,60,14,840,44,2785.0
5044,test_60_14,test_runner,60,14,840,45,2801.0
5045,test_60_14,test_runner,60,14,840,46,2787.0
5046,test_60_14,test_runner,60,14,840,47,2796.0
5047,test_60_14,test_runner,60,14,840,48,2813.0
5048,test_60_14,test_runner,60,14,840,49,2781.0
5049,test_60_14,test_runner,60,14,840,50,2795.0
5050,test_55_16,test_runner,55,16,880,1,3780.0
5051,test_55_16,test_runner,55,16,880,2,3246.0
5052,test_55_16,test_runner,55,16,880,3,3162.0
5053,test_55_16,test_runner,55,16,880,4,3137.0
5054,test_55_16,test_runner,55,16,880,5,3107.0
5055,test_55_16,test_runner,55,16,880,6,3117.0
5056,test_55_16,test_runner,55,16,880,7,3114.0
5057,test_55_16,test_runner,55,16,880,8,3099.0
5058,test_55_16,test_runner,55,16,880,9,3098.0
5059,test_55_16,test_runner,55,16,880,10,3067.0
5060,test_55_16,test_runner,55,16,880,11,3084.0
5061,test_55_16,test_runner,55,16,880,12,3077.0
5062,test_55_16,test_runner,55,16,880,13,3076.0
5063,test_55_16,test_runner,55,16,880,14,3083.0
5064,test_55_16,test_runner,55,16,880,15,3071.0
5065,test_55_16,test_runner,55,16,880,16,3095.0
5066,test_55_16,test_runner,55,16,880,17,3072.0
5067,test_55_16,test_runner,55,16,880,18,3067.0
5068,test_55_16,test_runner,55,16,880,19,3078.0
5069,test_55_16,test_runner,55,16,880,20,3103.0
5070,test_55_16,test_runner,55,16,880,21,3092.0
5071,test_55_16,test_runner,55,16,880,22,3078.0
5072,test_55_16,test_runner,55,16,880,23,3053.0
5073,test_55_16,test_runner,55,16,880,24,3060.0
5074,test_55_16,test_runner,55,16,880,25,3062.0
5075,test_55_16,test_runner,55,16,880,26,3062.0
5076,test_55_16,test_runner,55,16,880,27,3083.0
5077,test_55_16,test_runner,55,16,880,28,3077.0
5078,test_55_16,test_runner,55,16,880,29,3086.0
5079,test_55_16,test_runner,55,16,880,30,3079.0
5080,test_55_16,test_runner,55,16,880,31,3049.0
5081,test_55_16,test_runner,55,16,880,32,3049.0
5082,test_55_16,test_runner,55,16,880,33,3065.0
5083,test_55_16,test_runner,55,16,880,34,3066.0
5084,test_55_16,test_runner,55,16,880,35,3066.0
5085,test_55_16,test_runner,55,16,880,36,3067.0
5086,test_55_16,test_runner,55,16,880,37,3068.0
5087,test_55_16,test_runner,55,16,880,38,3079.0
5088,test_55_16,test_runner,55,16,880,39,3057.0
5089,test_55_16,test_runner,55,16,880,40,3066.0
5090,test_55_16,test_runner,55,16,880,41,3080.0
5091,test_55_16,test_runner,55,16,880,42,3082.0
5092,test_55_16,test_runner,55,16,880,43,3087.0
5093,test_55_16,test_runner,55,16,880,44,3065.0
5094,test_55_16,test_runner,55,16,880,45,3050.0
5095,test_55_16,test_runner,55,16,880,46,3044.0
5096,test_55_16,test_runner,55,16,880,47,3048.0
5097,test_55_16,test_runner,55,16,880,48,3084.0
5098,test_55_16,test_runner,55,16,880,49,3068.0
5099,test_55_16,test_runner,55,16,880,50,3071.0
5100,test_45_20,test_runner,45,20,900,1,4108.0
5101,test_50_18,test_runner,50,18,900,1,4068.0
5102,test_45_20,test_runner,45,20,900,2,3382.0
5103,test_50_18,test_runner,50,18,900,2,3256.0
5104,test_45_20,test_runner,45,20,900,3,3315.0
5105,test_50_18,test_runner,50,18,900,3,3235.0
5106,test_45_20,test_runner,45,20,900,4,3301.0
5107,test_50_18,test_runner,50,18,900,4,3210.0
5108,test_45_20,test_runner,45,20,900,5,3312.0
5109,test_50_18,test_runner,50,18,900,5,3208.0
5110,test_45_20,test_runner,45,20,900,6,3276.0
5111,test_50_18,test_runner,50,18,900,6,3200.0
5112,test_45_20,test_runner,45,20,900,7,3297.0
5113,test_50_18,test_runner,50,18,900,7,3227.0
5114,test_45_20,test_runner,45,20,900,8,3288.0
5115,test_50_18,test_runner,50,18,900,8,3196.0
5116,test_45_20,test_runner,45,20,900,9,3281.0
5117,test_50_18,test_runner,50,18,900,9,3223.0
5118,test_45_20,test_runner,45,20,900,10,3291.0
5119,test_50_18,test_runner,50,18,900,10,3173.0
5120,test_45_20,test_runner,45,20,900,11,3277.0
5121,test_50_18,test_runner,50,18,900,11,3168.0
5122,test_45_20,test_runner,45,20,900,12,3254.0
5123,test_50_18,test_runner,50,18,900,12,3180.0
5124,test_45_20,test_runner,45,20,900,13,3275.0
5125,test_50_18,test_runner,50,18,900,13,3190.0
5126,test_45_20,test_runner,45,20,900,14,3276.0
5127,test_50_18,test_runner,50,18,900,14,3210.0
5128,test_45_20,test_runner,45,20,900,15,3295.0
5129,test_50_18,test_runner,50,18,900,15,3214.0
5130,test_45_20,test_runner,45,20,900,16,3301.0
5131,test_50_18,test_runner,50,18,900,16,3191.0
5132,test_45_20,test_runner,45,20,900,17,3311.0
5133,test_50_18,test_runner,50,18,900,17,3177.0
5134,test_45_20,test_runner,45,20,900,18,3269.0
5135,test_50_18,test_runner,50,18,900,18,3188.0
5136,test_45_20,test_runner,45,20,900,19,3256.0
5137,test_50_18,test_runner,50,18,900,19,3171.0
5138,test_45_20,test_runner,45,20,900,20,3269.0
5139,test_50_18,test_runner,50,18,900,20,3192.0
5140,test_45_20,test_runner,45,20,900,21,3275.0
5141,test_50_18,test_runner,50,18,900,21,3178.0
5142,test_45_20,test_runner,45,20,900,22,3282.0
5143,test_50_18,test_runner,50,18,900,22,3184.0
5144,test_45_20,test_runner,45,20,900,23,3230.0
5145,test_50_18,test_runner,50,18,900,23,3183.0
5146,test_45_20,test_runner,45,20,900,24,3216.0
5147,test_50_18,test_runner,50,18,900,24,3192.0
5148,test_45_20,test_runner,45,20,900,25,3223.0
5149,test_50_18,test_runner,50,18,900,25,3162.0
5150,test_45_20,test_runner,45,20,900,26,3204.0
5151,test_50_18,test_runner,50,18,900,26,3147.0
5152,test_45_20,test_runner,45,20,900,27,3231.0
5153,test_50_18,test_runner,50,18,900,27,3169.0
5154,test_45_20,test_runner,45,20,900,28,3253.0
5155,test_50_18,test_runner,50,18,900,28,3194.0
5156,test_45_20,test_runner,45,20,900,29,3257.0
5157,test_50_18,test_runner,50,18,900,29,3150.0
5158,test_45_20,test_runner,45,20,900,30,3218.0
5159,test_50_18,test_runner,50,18,900,30,3172.0
5160,test_45_20,test_runner,45,20,900,31,3281.0
5161,test_50_18,test_runner,50,18,900,31,3184.0
5162,test_45_20,test_runner,45,20,900,32,3233.0
5163,test_50_18,test_runner,50,18,900,32,3177.0
5164,test_45_20,test_runner,45,20,900,33,3195.0
5165,test_50_18,test_runner,50,18,900,33,3159.0
5166,test_45_20,test_runner,45,20,900,34,3214.0
5167,test_50_18,test_runner,50,18,900,34,3202.0
5168,test_45_20,test_runner,45,20,900,35,3235.0
5169,test_50_18,test_runner,50,18,900,35,3181.0
5170,test_45_20,test_runner,45,20,900,36,3212.0
5171,test_50_18,test_runner,50,18,900,36,3183.0
5172,test_45_20,test_runner,45,20,900,37,3246.0
5173,test_50_18,test_runner,50,18,900,37,3187.0
5174,test_45_20,test_runner,45,20,900,38,3217.0
5175,test_50_18,test_runner,50,18,900,38,3160.0
5176,test_45_20,test_runner,45,20,900,39,3226.0
5177,test_50_18,test_runner,50,18,900,39,3170.0
5178,test_45_20,test_runner,45,20,900,40,3216.0
5179,test_50_18,test_runner,50,18,900,40,3188.0
5180,test_45_20,test_runner,45,20,900,41,3216.0
5181,test_50_18,test_runner,50,18,900,41,3167.0
5182,test_45_20,test_runner,45,20,900,42,3234.0
5183,test_50_18,test_runner,50,18,900,42,3182.0
5184,test_45_20,test_runner,45,20,900,43,3234.0
5185,test_50_18,test_runner,50,18,900,43,3160.0
5186,test_45_20,test_runner,45,20,900,44,3216.0
5187,test_50_18,test_runner,50,18,900,44,3161.0
5188,test_45_20,test_runner,45,20,900,45,3203.0
5189,test_50_18,test_runner,50,18,900,45,3154.0
5190,test_45_20,test_runner,45,20,900,46,3205.0
5191,test_50_18,test_runner,50,18,900,46,3157.0
5192,test_45_20,test_runner,45,20,900,47,3221.0
5193,test_50_18,test_runner,50,18,900,47,3143.0
5194,test_45_20,test_runner,45,20,900,48,3231.0
5195,test_50_18,test_runner,50,18,900,48,3177.0
5196,test_45_20,test_runner,45,20,900,49,3217.0
5197,test_50_18,test_runner,50,18,900,49,3169.0
5198,test_45_20,test_runner,45,20,900,50,3239.0
5199,test_50_18,test_runner,50,18,900,50,3188.0
5200,test_60_16,test_runner,60,16,960,1,4429.0
5201,test_60_16,test_runner,60,16,960,2,3867.0
5202,test_60_16,test_runner,60,16,960,3,3837.0
5203,test_60_16,test_runner,60,16,960,4,3817.0
5204,test_60_16,test_runner,60,16,960,5,3809.0
5205,test_60_16,test_runner,60,16,960,6,3821.0
5206,test_60_16,test_runner,60,16,960,7,3825.0
5207,test_60_16,test_runner,60,16,960,8,3828.0
5208,test_60_16,test_runner,60,16,960,9,3819.0
5209,test_60_16,test_runner,60,16,960,10,3828.0
5210,test_60_16,test_runner,60,16,960,11,3770.0
5211,test_60_16,test_runner,60,16,960,12,3762.0
5212,test_60_16,test_runner,60,16,960,13,3783.0
5213,test_60_16,test_runner,60,16,960,14,3739.0
5214,test_60_16,test_runner,60,16,960,15,3744.0
5215,test_60_16,test_runner,60,16,960,16,3781.0
5216,test_60_16,test_runner,60,16,960,17,3743.0
5217,test_60_16,test_runner,60,16,960,18,3758.0
5218,test_60_16,test_runner,60,16,960,19,3772.0
5219,test_60_16,test_runner,60,16,960,20,3766.0
5220,test_60_16,test_runner,60,16,960,21,3771.0
5221,test_60_16,test_runner,60,16,960,22,3758.0
5222,test_60_16,test_runner,60,16,960,23,3763.0
5223,test_60_16,test_runner,60,16,960,24,3772.0
5224,test_60_16,test_runner,60,16,960,25,3761.0
5225,test_60_16,test_runner,60,16,960,26,3770.0
5226,test_60_16,test_runner,60,16,960,27,3740.0
5227,test_60_16,test_runner,60,16,960,28,3727.0
5228,test_60_16,test_runner,60,16,960,29,3742.0
5229,test_60_16,test_runner,60,16,960,30,3743.0
5230,test_60_16,test_runner,60,16,960,31,3774.0
5231,test_60_16,test_runner,60,16,960,32,3757.0
5232,test_60_16,test_runner,60,16,960,33,3752.0
5233,test_60_16,test_runner,60,16,960,34,3782.0
5234,test_60_16,test_runner,60,16,960,35,3756.0
5235,test_60_16,test_runner,60,16,960,36,3745.0
5236,test_60_16,test_runner,60,16,960,37,3742.0
5237,test_60_16,test_runner,60,16,960,38,3777.0
5238,test_60_16,test_runner,60,16,960,39,3764.0
5239,test_60_16,test_runner,60,16,960,40,3740.0
5240,test_60_16,test_runner,60,16,960,41,3736.0
5241,test_60_16,test_runner,60,16,960,42,3745.0
5242,test_60_16,test_runner,60,16,960,43,3739.0
5243,test_60_16,test_runner,60,16,960,44,3748.0
5244,test_60_16,test_runner,60,16,960,45,3752.0
5245,test_60_16,test_runner,60,16,960,46,3756.0
5246,test_60_16,test_runner,60,16,960,47,3743.0
5247,test_60_16,test_runner,60,16,960,48,3767.0
5248,test_60_16,test_runner,60,16,960,49,3763.0
5249,test_60_16,test_runner,60,16,960,50,3742.0
5250,test_55_18,test_runner,55,18,990,1,4913.0
5251,test_55_18,test_runner,55,18,990,2,4264.0
5252,test_55_18,test_runner,55,18,990,3,4177.0
5253,test_55_18,test_runner,55,18,990,4,4173.0
5254,test_55_18,test_runner,55,18,990,5,4153.0
5255,test_55_18,test_runner,55,18,990,6,4132.0
5256,test_55_18,test_runner,55,18,990,7,4134.0
5257,test_55_18,test_runner,55,18,990,8,4142.0
5258,test_55_18,test_runner,55,18,990,9,4104.0
5259,test_55_18,test_runner,55,18,990,10,4101.0
5260,test_55_18,test_runner,55,18,990,11,4125.0
5261,test_55_18,test_runner,55,18,990,12,4118.0
5262,test_55_18,test_runner,55,18,990,13,4138.0
5263,test_55_18,test_runner,55,18,990,14,4092.0
5264,test_55_18,test_runner,55,18,990,15,4103.0
5265,test_55_18,test_runner,55,18,990,16,4116.0
5266,test_55_18,test_runner,55,18,990,17,4112.0
5267,test_55_18,test_runner,55,18,990,18,4117.0
5268,test_55_18,test_runner,55,18,990,19,4118.0
5269,test_55_18,test_runner,55,18,990,20,4123.0
5270,test_55_18,test_runner,55,18,990,21,4109.0
5271,test_55_18,test_runner,55,18,990,22,4114.0
5272,test_55_18,test_runner,55,18,990,23,4107.0
5273,test_55_18,test_runner,55,18,990,24,4123.0
5274,test_55_18,test_runner,55,18,990,25,4111.0
5275,test_55_18,test_runner,55,18,990,26,4117.0
5276,test_55_18,test_runner,55,18,990,27,4113.0
5277,test_55_18,test_runner,55,18,990,28,4114.0
5278,test_55_18,test_runner,55,18,990,29,4118.0
5279,test_55_18,test_runner,55,18,990,30,4091.0
5280,test_55_18,test_runner,55,18,990,31,4099.0
5281,test_55_18,test_runner,55,18,990,32,4130.0
5282,test_55_18,test_runner,55,18,990,33,4139.0
5283,test_55_18,test_runner,55,18,990,34,4136.0
5284,test_55_18,test_runner,55,18,990,35,4098.0
5285,test_55_18,test_runner,55,18,990,36,4112.0
5286,test_55_18,test_runner,55,18,990,37,4091.0
5287,test_55_18,test_runner,55,18,990,38,4094.0
5288,test_55_18,test_runner,55,18,990,39,4133.0
5289,test_55_18,test_runner,55,18,990,40,4109.0
5290,test_55_18,test_runner,55,18,990,41,4115.0
5291,test_55_18,test_runner,55,18,990,42,4084.0
5292,test_55_18,test_runner,55,18,990,43,4121.0
5293,test_55_18,test_runner,55,18,990,44,4103.0
5294,test_55_18,test_runner,55,18,990,45,4122.0
5295,test_55_18,test_runner,55,18,990,46,4110.0
5296,test_55_18,test_runner,55,18,990,47,4103.0
5297,test_55_18,test_runner,55,18,990,48,4108.0
5298,test_55_18,test_runner,55,18,990,49,4112.0
5299,test_55_18,test_runner,55,18,990,50,4112.0
5300,test_50_20,test_runner,50,20,1000,1,5179.0
5301,test_50_20,test_runner,50,20,1000,2,4356.0
5302,test_50_20,test_runner,50,20,1000,3,4322.0
5303,test_50_20,test_runner,50,20,1000,4,4315.0
5304,test_50_20,test_runner,50,20,1000,5,4310.0
5305,test_50_20,test_runner,50,20,1000,6,4304.0
5306,test_50_20,test_runner,50,20,1000,7,4279.0
5307,test_50_20,test_runner,50,20,1000,8,4289.0
5308,test_50_20,test_runner,50,20,1000,9,4279.0
5309,test_50_20,test_runner,50,20,1000,10,4261.0
5310,test_50_20,test_runner,50,20,1000,11,4273.0
5311,test_50_20,test_runner,50,20,1000,12,4239.0
5312,test_50_20,test_runner,50,20,1000,13,4231.0
5313,test_50_20,test_runner,50,20,1000,14,4233.0
5314,test_50_20,test_runner,50,20,1000,15,4215.0
5315,test_50_20,test_runner,50,20,1000,16,4239.0
5316,test_50_20,test_runner,50,20,1000,17,4276.0
5317,test_50_20,test_runner,50,20,1000,18,4265.0
5318,test_50_20,test_runner,50,20,1000,19,4225.0
5319,test_50_20,test_runner,50,20,1000,20,4266.0
5320,test_50_20,test_runner,50,20,1000,21,4248.0
5321,test_50_20,test_runner,50,20,1000,22,4222.0
5322,test_50_20,test_runner,50,20,1000,23,4268.0
5323,test_50_20,test_runner,50,20,1000,24,4241.0
5324,test_50_20,test_runner,50,20,1000,25,4240.0
5325,test_50_20,test_runner,50,20,1000,26,4261.0
5326,test_50_20,test_runner,50,20,1000,27,4237.0
5327,test_50_20,test_runner,50,20,1000,28,4260.0
5328,test_50_20,test_runner,50,20,1000,29,4219.0
5329,test_50_20,test_runner,50,20,1000,30,4246.0
5330,test_50_20,test_runner,50,20,1000,31,4246.0
5331,test_50_20,test_runner,50,20,1000,32,4236.0
5332,test_50_20,test_runner,50,20,1000,33,4244.0
5333,test_50_20,test_runner,50,20,1000,34,4234.0
5334,test_50_20,test_runner,50,20,1000,35,4241.0
5335,test_50_20,test_runner,50,20,1000,36,4235.0
5336,test_50_20,test_runner,50,20,1000,37,4259.0
5337,test_50_20,test_runner,50,20,1000,38,4230.0
5338,test_50_20,test_runner,50,20,1000,39,4261.0
5339,test_50_20,test_runner,50,20,1000,40,4247.0
5340,test_50_20,test_runner,50,20,1000,41,4233.0
5341,test_50_20,test_runner,50,20,1000,42,4235.0
5342,test_50_20,test_runner,50,20,1000,43,4248.0
5343,test_50_20,test_runner,50,20,1000,44,4242.0
5344,test_50_20,test_runner,50,20,1000,45,4250.0
5345,test_50_20,test_runner,50,20,1000,46,4224.0
5346,test_50_20,test_runner,50,20,1000,47,4202.0
5347,test_50_20,test_runner,50,20,1000,48,4243.0
5348,test_50_20,test_runner,50,20,1000,49,4256.0
5349,test_50_20,test_runner,50,20,1000,50,4234.0
5350,test_60_18,test_runner,60,18,1080,1,5924.0
5351,test_60_18,test_runner,60,18,1080,2,5194.0
5352,test_60_18,test_runner,60,18,1080,3,5145.0
5353,test_60_18,test_runner,60,18,1080,4,5134.0
5354,test_60_18,test_runner,60,18,1080,5,5133.0
5355,test_60_18,test_runner,60,18,1080,6,5092.0
5356,test_60_18,test_runner,60,18,1080,7,5085.0
5357,test_60_18,test_runner,60,18,1080,8,5068.0
5358,test_60_18,test_runner,60,18,1080,9,5107.0
5359,test_60_18,test_runner,60,18,1080,10,5057.0
5360,test_60_18,test_runner,60,18,1080,11,5030.0
5361,test_60_18,test_runner,60,18,1080,12,5003.0
5362,test_60_18,test_runner,60,18,1080,13,5091.0
5363,test_60_18,test_runner,60,18,1080,14,5034.0
5364,test_60_18,test_runner,60,18,1080,15,5054.0
5365,test_60_18,test_runner,60,18,1080,16,5067.0
5366,test_60_18,test_runner,60,18,1080,17,5062.0
5367,test_60_18,test_runner,60,18,1080,18,5064.0
5368,test_60_18,test_runner,60,18,1080,19,5033.0
5369,test_60_18,test_runner,60,18,1080,20,5043.0
5370,test_60_18,test_runner,60,18,1080,21,5023.0
5371,test_60_18,test_runner,60,18,1080,22,5147.0
5372,test_60_18,test_runner,60,18,1080,23,5288.0
5373,test_60_18,test_runner,60,18,1080,24,5190.0
5374,test_60_18,test_runner,60,18,1080,25,5224.0
5375,test_60_18,test_runner,60,18,1080,26,5225.0
5376,test_60_18,test_runner,60,18,1080,27,5194.0
5377,test_60_18,test_runner,60,18,1080,28,5216.0
5378,test_60_18,test_runner,60,18,1080,29,5122.0
5379,test_60_18,test_runner,60,18,1080,30,5074.0
5380,test_60_18,test_runner,60,18,1080,31,5068.0
5381,test_60_18,test_runner,60,18,1080,32,5057.0
5382,test_60_18,test_runner,60,18,1080,33,5083.0
5383,test_60_18,test_runner,60,18,1080,34,5059.0
5384,test_60_18,test_runner,60,18,1080,35,5050.0
5385,test_60_18,test_runner,60,18,1080,36,5034.0
5386,test_60_18,test_runner,60,18,1080,37,5031.0
5387,test_60_18,test_runner,60,18,1080,38,5044.0
5388,test_60_18,test_runner,60,18,1080,39,5066.0
5389,test_60_18,test_runner,60,18,1080,40,5048.0
5390,test_60_18,test_runner,60,18,1080,41,5044.0
5391,test_60_18,test_runner,60,18,1080,42,5006.0
5392,test_60_18,test_runner,60,18,1080,43,5041.0
5393,test_60_18,test_runner,60,18,1080,44,5049.0
5394,test_60_18,test_runner,60,18,1080,45,5059.0
5395,test_60_18,test_runner,60,18,1080,46,5030.0
5396,test_60_18,test_runner,60,18,1080,47,5048.0
5397,test_60_18,test_runner,60,18,1080,48,5055.0
5398,test_60_18,test_runner,60,18,1080,49,5024.0
5399,test_60_18,test_runner,60,18,1080,50,5029.0
5400,test_55_20,test_runner,55,20,1100,1,6286.0
5401,test_55_20,test_runner,55,20,1100,2,5422.0
5402,test_55_20,test_runner,55,20,1100,3,5402.0
5403,test_55_20,test_runner,55,20,1100,4,5396.0
5404,test_55_20,test_runner,55,20,1100,5,5398.0
5405,test_55_20,test_runner,55,20,1100,6,5370.0
5406,test_55_20,test_runner,55,20,1100,7,5322.0
5407,test_55_20,test_runner,55,20,1100,8,5282.0
5408,test_55_20,test_runner,55,20,1100,9,5281.0
5409,test_55_20,test_runner,55,20,1100,10,5286.0
5410,test_55_20,test_runner,55,20,1100,11,5314.0
5411,test_55_20,test_runner,55,20,1100,12,5278.0
5412,test_55_20,test_runner,55,20,1100,13,5273.0
5413,test_55_20,test_runner,55,20,1100,14,5287.0
5414,test_55_20,test_runner,55,20,1100,15,5308.0
5415,test_55_20,test_runner,55,20,1100,16,5303.0
5416,test_55_20,test_runner,55,20,1100,17,5296.0
5417,test_55_20,test_runner,55,20,1100,18,5295.0
5418,test_55_20,test_runner,55,20,1100,19,5290.0
5419,test_55_20,test_runner,55,20,1100,20,5312.0
5420,test_55_20,test_runner,55,20,1100,21,5297.0
5421,test_55_20,test_runner,55,20,1100,22,5280.0
5422,test_55_20,test_runner,55,20,1100,23,5280.0
5423,test_55_20,test_runner,55,20,1100,24,5284.0
5424,test_55_20,test_runner,55,20,1100,25,5297.0
5425,test_55_20,test_runner,55,20,1100,26,5273.0
5426,test_55_20,test_runner,55,20,1100,27,5249.0
5427,test_55_20,test_runner,55,20,1100,28,5250.0
5428,test_55_20,test_runner,55,20,1100,29,5266.0
5429,test_55_20,test_runner,55,20,1100,30,5257.0
5430,test_55_20,test_runner,55,20,1100,31,5272.0
5431,test_55_20,test_runner,55,20,1100,32,5244.0
5432,test_55_20,test_runner,55,20,1100,33,5267.0
5433,test_55_20,test_runner,55,20,1100,34,5277.0
5434,test_55_20,test_runner,55,20,1100,35,5291.0
5435,test_55_20,test_runner,55,20,1100,36,5286.0
5436,test_55_20,test_runner,55,20,1100,37,5303.0
5437,test_55_20,test_runner,55,20,1100,38,5281.0
5438,test_55_20,test_runner,55,20,1100,39,5276.0
5439,test_55_20,test_runner,55,20,1100,40,5280.0
5440,test_55_20,test_runner,55,20,1100,41,5280.0
5441,test_55_20,test_runner,55,20,1100,42,5311.0
5442,test_55_20,test_runner,55,20,1100,43,5469.0
5443,test_55_20,test_runner,55,20,1100,44,5435.0
5444,test_55_20,test_runner,55,20,1100,45,5393.0
5445,test_55_20,test_runner,55,20,1100,46,5494.0
5446,test_55_20,test_runner,55,20,1100,47,5348.0
5447,test_55_20,test_runner,55,20,1100,48,5304.0
5448,test_55_20,test_runner,55,20,1100,49,5276.0
5449,test_55_20,test_runner,55,20,1100,50,5279.0
5450,test_60_20,test_runner,60,20,1200,1,7845.0
5451,test_60_20,test_runner,60,20,1200,2,7048.0
5452,test_60_20,test_runner,60,20,1200,3,6944.0
5453,test_60_20,test_runner,60,20,1200,4,6844.0
5454,test_60_20,test_runner,60,20,1200,5,6843.0
5455,test_60_20,test_runner,60,20,1200,6,6797.0
5456,test_60_20,test_runner,60,20,1200,7,6896.0
5457,test_60_20,test_runner,60,20,1200,8,6845.0
5458,test_60_20,test_runner,60,20,1200,9,6895.0
5459,test_60_20,test_runner,60,20,1200,10,6868.0
5460,test_60_20,test_runner,60,20,1200,11,6827.0
5461,test_60_20,test_runner,60,20,1200,12,6850.0
5462,test_60_20,test_runner,60,20,1200,13,6885.0
5463,test_60_20,test_runner,60,20,1200,14,6851.0
5464,test_60_20,test_runner,60,20,1200,15,6864.0
5465,test_60_20,test_runner,60,20,1200,16,6818.0
5466,test_60_20,test_runner,60,20,1200,17,6832.0
5467,test_60_20,test_runner,60,20,1200,18,6888.0
5468,test_60_20,test_runner,60,20,1200,19,6846.0
5469,test_60_20,test_runner,60,20,1200,20,6812.0
5470,test_60_20,test_runner,60,20,1200,21,6836.0
5471,test_60_20,test_runner,60,20,1200,22,6820.0
5472,test_60_20,test_runner,60,20,1200,23,6801.0
5473,test_60_20,test_runner,60,20,1200,24,6835.0
5474,test_60_20,test_runner,60,20,1200,25,6894.0
5475,test_60_20,test_runner,60,20,1200,26,6822.0
5476,test_60_20,test_runner,60,20,1200,27,6820.0
5477,test_60_20,test_runner,60,20,1200,28,6822.0
5478,test_60_20,test_runner,60,20,1200,29,6791.0
5479,test_60_20,test_runner,60,20,1200,30,6838.0
5480,test_60_20,test_runner,60,20,1200,31,6799.0
5481,test_60_20,test_runner,60,20,1200,32,6788.0
5482,test_60_20,test_runner,60,20,1200,33,6847.0
5483,test_60_20,test_runner,60,20,1200,34,6849.0
5484,test_60_20,test_runner,60,20,1200,35,6837.0
5485,test_60_20,test_runner,60,20,1200,36,6846.0
5486,test_60_20,test_runner,60,20,1200,37,6832.0
5487,test_60_20,test_runner,60,20,1200,38,6855.0
5488,test_60_20,test_runner,60,20,1200,39,6841.0
5489,test_60_20,test_runner,60,20,1200,40,6827.0
5490,test_60_20,test_runner,60,20,1200,41,6778.0
5491,test_60_20,test_runner,60,20,1200,42,6857.0
5492,test_60_20,test_runner,60,20,1200,43,6831.0
5493,test_60_20,test_runner,60,20,1200,44,6826.0
5494,test_60_20,test_runner,60,20,1200,45,6838.0
5495,test_60_20,test_runner,60,20,1200,46,6824.0
5496,test_60_20,test_runner,60,20,1200,47,6782.0
5497,test_60_20,test_runner,60,20,1200,48,6815.0
5498,test_60_20,test_runner,60,20,1200,49,6825.0
5499,test_60_20,test_runner,60,20,1200,50,6830.0
5500,test_10_2,enforcer,10,2,20,1,98.85
5501,test_10_2,enforcer,10,2,20,2,41.05
5502,test_10_2,enforcer,10,2,20,3,41.86
5503,test_10_2,enforcer,10,2,20,4,40.76
5504,test_10_2,enforcer,10,2,20,5,34.88
5505,test_10_2,enforcer,10,2,20,6,36.69
5506,test_10_2,enforcer,10,2,20,7,53.75
5507,test_10_2,enforcer,10,2,20,8,37.89
5508,test_10_2,enforcer,10,2,20,9,30.54
5509,test_10_2,enforcer,10,2,20,10,28.55
5510,test_10_2,enforcer,10,2,20,11,30.27
5511,test_10_2,enforcer,10,2,20,12,27.8
5512,test_10_2,enforcer,10,2,20,13,28.46
5513,test_10_2,enforcer,10,2,20,14,27.89
5514,test_10_2,enforcer,10,2,20,15,28.01
5515,test_10_2,enforcer,10,2,20,16,33.38
5516,test_10_2,enforcer,10,2,20,17,27.0
5517,test_10_2,enforcer,10,2,20,18,27.43
5518,test_10_2,enforcer,10,2,20,19,29.17
5519,test_10_2,enforcer,10,2,20,20,25.79
5520,test_10_2,enforcer,10,2,20,21,26.6
5521,test_10_2,enforcer,10,2,20,22,25.33
5522,test_10_2,enforcer,10,2,20,23,32.41
5523,test_10_2,enforcer,10,2,20,24,26.01
5524,test_10_2,enforcer,10,2,20,25,31.55
5525,test_10_2,enforcer,10,2,20,26,24.07
5526,test_10_2,enforcer,10,2,20,27,26.12
5527,test_10_2,enforcer,10,2,20,28,25.73
5528,test_10_2,enforcer,10,2,20,29,25.47
5529,test_10_2,enforcer,10,2,20,30,26.68
5530,test_10_2,enforcer,10,2,20,31,25.79
5531,test_10_2,enforcer,10,2,20,32,24.39
5532,test_10_2,enforcer,10,2,20,33,26.49
5533,test_10_2,enforcer,10,2,20,34,29.94
5534,test_10_2,enforcer,10,2,20,35,23.53
5535,test_10_2,enforcer,10,2,20,36,22.68
5536,test_10_2,enforcer,10,2,20,37,24.54
5537,test_10_2,enforcer,10,2,20,38,27.22
5538,test_10_2,enforcer,10,2,20,39,20.82
5539,test_10_2,enforcer,10,2,20,40,22.16
5540,test_10_2,enforcer,10,2,20,41,19.83
5541,test_10_2,enforcer,10,2,20,42,21.24
5542,test_10_2,enforcer,10,2,20,43,26.1
5543,test_10_2,enforcer,10,2,20,44,19.48
5544,test_10_2,enforcer,10,2,20,45,20.5
5545,test_10_2,enforcer,10,2,20,46,20.09
5546,test_10_2,enforcer,10,2,20,47,19.34
5547,test_10_2,enforcer,10,2,20,48,19.32
5548,test_10_2,enforcer,10,2,20,49,18.85
5549,test_10_2,enforcer,10,2,20,50,19.79
5550,test_15_2,enforcer,15,2,30,1,98.67
5551,test_15_2,enforcer,15,2,30,2,43.62
5552,test_15_2,enforcer,15,2,30,3,41.98
5553,test_15_2,enforcer,15,2,30,4,39.01
5554,test_15_2,enforcer,15,2,30,5,42.5
5555,test_15_2,enforcer,15,2,30,6,48.08
5556,test_15_2,enforcer,15,2,30,7,35.23
5557,test_15_2,enforcer,15,2,30,8,38.9
5558,test_15_2,enforcer,15,2,30,9,32.4
5559,test_15_2,enforcer,15,2,30,10,32.08
5560,test_15_2,enforcer,15,2,30,11,29.54
5561,test_15_2,enforcer,15,2,30,12,28.76
5562,test_15_2,enforcer,15,2,30,13,37.91
5563,test_15_2,enforcer,15,2,30,14,28.4
5564,test_15_2,enforcer,15,2,30,15,36.37
5565,test_15_2,enforcer,15,2,30,16,41.19
5566,test_15_2,enforcer,15,2,30,17,36.36
5567,test_15_2,enforcer,15,2,30,18,39.97
5568,test_15_2,enforcer,15,2,30,19,33.63
5569,test_15_2,enforcer,15,2,30,20,31.61
5570,test_15_2,enforcer,15,2,30,21,30.56
5571,test_15_2,enforcer,15,2,30,22,34.19
5572,test_15_2,enforcer,15,2,30,23,31.11
5573,test_15_2,enforcer,15,2,30,24,29.76
5574,test_15_2,enforcer,15,2,30,25,32.26
5575,test_15_2,enforcer,15,2,30,26,31.61
5576,test_15_2,enforcer,15,2,30,27,32.09
5577,test_15_2,enforcer,15,2,30,28,31.24
5578,test_15_2,enforcer,15,2,30,29,28.25
5579,test_15_2,enforcer,15,2,30,30,28.69
5580,test_15_2,enforcer,15,2,30,31,29.63
5581,test_15_2,enforcer,15,2,30,32,30.03
5582,test_15_2,enforcer,15,2,30,33,30.04
5583,test_15_2,enforcer,15,2,30,34,30.64
5584,test_15_2,enforcer,15,2,30,35,28.28
5585,test_15_2,enforcer,15,2,30,36,27.1
5586,test_15_2,enforcer,15,2,30,37,28.82
5587,test_15_2,enforcer,15,2,30,38,26.81
5588,test_15_2,enforcer,15,2,30,39,27.2
5589,test_15_2,enforcer,15,2,30,40,29.83
5590,test_15_2,enforcer,15,2,30,41,28.12
5591,test_15_2,enforcer,15,2,30,42,27.14
5592,test_15_2,enforcer,15,2,30,43,27.97
5593,test_15_2,enforcer,15,2,30,44,26.73
5594,test_15_2,enforcer,15,2,30,45,26.37
5595,test_15_2,enforcer,15,2,30,46,28.61
5596,test_15_2,enforcer,15,2,30,47,24.09
5597,test_15_2,enforcer,15,2,30,48,24.82
5598,test_15_2,enforcer,15,2,30,49,25.11
5599,test_15_2,enforcer,15,2,30,50,25.28
5600,test_10_4,enforcer,10,4,40,1,114.78
5601,test_20_2,enforcer,20,2,40,1,108.46
5602,test_10_4,enforcer,10,4,40,2,53.31
5603,test_20_2,enforcer,20,2,40,2,54.5
5604,test_10_4,enforcer,10,4,40,3,53.05
5605,test_20_2,enforcer,20,2,40,3,43.71
5606,test_10_4,enforcer,10,4,40,4,59.67
5607,test_20_2,enforcer,20,2,40,4,47.57
5608,test_10_4,enforcer,10,4,40,5,43.72
5609,test_20_2,enforcer,20,2,40,5,43.98
5610,test_10_4,enforcer,10,4,40,6,41.88
5611,test_20_2,enforcer,20,2,40,6,42.66
5612,test_10_4,enforcer,10,4,40,7,38.24
5613,test_20_2,enforcer,20,2,40,7,36.38
5614,test_10_4,enforcer,10,4,40,8,36.37
5615,test_20_2,enforcer,20,2,40,8,36.31
5616,test_10_4,enforcer,10,4,40,9,35.03
5617,test_20_2,enforcer,20,2,40,9,35.86
5618,test_10_4,enforcer,10,4,40,10,34.37
5619,test_20_2,enforcer,20,2,40,10,32.41
5620,test_10_4,enforcer,10,4,40,11,37.39
5621,test_20_2,enforcer,20,2,40,11,33.81
5622,test_10_4,enforcer,10,4,40,12,38.35
5623,test_20_2,enforcer,20,2,40,12,31.66
5624,test_10_4,enforcer,10,4,40,13,49.94
5625,test_20_2,enforcer,20,2,40,13,26.92
5626,test_10_4,enforcer,10,4,40,14,29.38
5627,test_20_2,enforcer,20,2,40,14,28.86
5628,test_10_4,enforcer,10,4,40,15,29.07
5629,test_20_2,enforcer,20,2,40,15,24.9
5630,test_10_4,enforcer,10,4,40,16,33.47
5631,test_20_2,enforcer,20,2,40,16,32.36
5632,test_10_4,enforcer,10,4,40,17,29.9
5633,test_20_2,enforcer,20,2,40,17,30.46
5634,test_10_4,enforcer,10,4,40,18,32.78
5635,test_20_2,enforcer,20,2,40,18,29.17
5636,test_10_4,enforcer,10,4,40,19,29.69
5637,test_20_2,enforcer,20,2,40,19,28.0
5638,test_10_4,enforcer,10,4,40,20,27.89
5639,test_20_2,enforcer,20,2,40,20,27.86
5640,test_10_4,enforcer,10,4,40,21,28.62
5641,test_20_2,enforcer,20,2,40,21,30.31
5642,test_10_4,enforcer,10,4,40,22,28.71
5643,test_20_2,enforcer,20,2,40,22,30.71
5644,test_10_4,enforcer,10,4,40,23,29.77
5645,test_20_2,enforcer,20,2,40,23,27.87
5646,test_10_4,enforcer,10,4,40,24,34.69
5647,test_20_2,enforcer,20,2,40,24,28.42
5648,test_10_4,enforcer,10,4,40,25,31.04
5649,test_20_2,enforcer,20,2,40,25,26.84
5650,test_10_4,enforcer,10,4,40,26,27.37
5651,test_20_2,enforcer,20,2,40,26,27.74
5652,test_10_4,enforcer,10,4,40,27,28.71
5653,test_20_2,enforcer,20,2,40,27,26.1
5654,test_10_4,enforcer,10,4,40,28,29.57
5655,test_20_2,enforcer,20,2,40,28,29.74
5656,test_10_4,enforcer,10,4,40,29,33.75
5657,test_20_2,enforcer,20,2,40,29,26.21
5658,test_10_4,enforcer,10,4,40,30,33.32
5659,test_20_2,enforcer,20,2,40,30,26.58
5660,test_10_4,enforcer,10,4,40,31,32.37
5661,test_20_2,enforcer,20,2,40,31,29.13
5662,test_10_4,enforcer,10,4,40,32,34.04
5663,test_20_2,enforcer,20,2,40,32,30.35
5664,test_10_4,enforcer,10,4,40,33,35.91
5665,test_20_2,enforcer,20,2,40,33,28.5
5666,test_10_4,enforcer,10,4,40,34,31.64
5667,test_20_2,enforcer,20,2,40,34,28.18
5668,test_10_4,enforcer,10,4,40,35,33.03
5669,test_20_2,enforcer,20,2,40,35,28.37
5670,test_10_4,enforcer,10,4,40,36,33.31
5671,test_20_2,enforcer,20,2,40,36,27.81
5672,test_10_4,enforcer,10,4,40,37,33.82
5673,test_20_2,enforcer,20,2,40,37,30.59
5674,test_10_4,enforcer,10,4,40,38,36.18
5675,test_20_2,enforcer,20,2,40,38,27.81
5676,test_10_4,enforcer,10,4,40,39,31.28
5677,test_20_2,enforcer,20,2,40,39,22.95
5678,test_10_4,enforcer,10,4,40,40,34.43
5679,test_20_2,enforcer,20,2,40,40,24.17
5680,test_10_4,enforcer,10,4,40,41,33.42
5681,test_20_2,enforcer,20,2,40,41,24.67
5682,test_10_4,enforcer,10,4,40,42,32.46
5683,test_20_2,enforcer,20,2,40,42,22.85
5684,test_10_4,enforcer,10,4,40,43,32.47
5685,test_20_2,enforcer,20,2,40,43,22.15
5686,test_10_4,enforcer,10,4,40,44,31.58
5687,test_20_2,enforcer,20,2,40,44,24.17
5688,test_10_4,enforcer,10,4,40,45,33.53
5689,test_20_2,enforcer,20,2,40,45,23.5
5690,test_10_4,enforcer,10,4,40,46,31.72
5691,test_20_2,enforcer,20,2,40,46,22.04
5692,test_10_4,enforcer,10,4,40,47,31.91
5693,test_20_2,enforcer,20,2,40,47,21.25
5694,test_10_4,enforcer,10,4,40,48,31.8
5695,test_20_2,enforcer,20,2,40,48,22.03
5696,test_10_4,enforcer,10,4,40,49,31.2
5697,test_20_2,enforcer,20,2,40,49,23.93
5698,test_10_4,enforcer,10,4,40,50,32.71
5699,test_20_2,enforcer,20,2,40,50,21.23
5700,test_25_2,enforcer,25,2,50,1,112.95
5701,test_25_2,enforcer,25,2,50,2,52.81
5702,test_25_2,enforcer,25,2,50,3,51.16
5703,test_25_2,enforcer,25,2,50,4,44.32
5704,test_25_2,enforcer,25,2,50,5,39.59
5705,test_25_2,enforcer,25,2,50,6,54.67
5706,test_25_2,enforcer,25,2,50,7,35.7
5707,test_25_2,enforcer,25,2,50,8,31.83
5708,test_25_2,enforcer,25,2,50,9,30.17
5709,test_25_2,enforcer,25,2,50,10,40.2
5710,test_25_2,enforcer,25,2,50,11,34.02
5711,test_25_2,enforcer,25,2,50,12,35.98
5712,test_25_2,enforcer,25,2,50,13,32.15
5713,test_25_2,enforcer,25,2,50,14,35.3
5714,test_25_2,enforcer,25,2,50,15,32.54
5715,test_25_2,enforcer,25,2,50,16,37.27
5716,test_25_2,enforcer,25,2,50,17,30.99
5717,test_25_2,enforcer,25,2,50,18,31.38
5718,test_25_2,enforcer,25,2,50,19,33.08
5719,test_25_2,enforcer,25,2,50,20,32.71
5720,test_25_2,enforcer,25,2,50,21,35.2
5721,test_25_2,enforcer,25,2,50,22,33.53
5722,test_25_2,enforcer,25,2,50,23,31.92
5723,test_25_2,enforcer,25,2,50,24,32.44
5724,test_25_2,enforcer,25,2,50,25,31.45
5725,test_25_2,enforcer,25,2,50,26,31.57
5726,test_25_2,enforcer,25,2,50,27,35.82
5727,test_25_2,enforcer,25,2,50,28,25.18
5728,test_25_2,enforcer,25,2,50,29,24.73
5729,test_25_2,enforcer,25,2,50,30,26.76
5730,test_25_2,enforcer,25,2,50,31,25.82
5731,test_25_2,enforcer,25,2,50,32,25.6
5732,test_25_2,enforcer,25,2,50,33,23.93
5733,test_25_2,enforcer,25,2,50,34,27.38
5734,test_25_2,enforcer,25,2,50,35,24.49
5735,test_25_2,enforcer,25,2,50,36,26.3
5736,test_25_2,enforcer,25,2,50,37,27.29
5737,test_25_2,enforcer,25,2,50,38,25.22
5738,test_25_2,enforcer,25,2,50,39,26.32
5739,test_25_2,enforcer,25,2,50,40,25.25
5740,test_25_2,enforcer,25,2,50,41,25.45
5741,test_25_2,enforcer,25,2,50,42,23.54
5742,test_25_2,enforcer,25,2,50,43,23.69
5743,test_25_2,enforcer,25,2,50,44,24.88
5744,test_25_2,enforcer,25,2,50,45,28.26
5745,test_25_2,enforcer,25,2,50,46,24.88
5746,test_25_2,enforcer,25,2,50,47,23.83
5747,test_25_2,enforcer,25,2,50,48,22.92
5748,test_25_2,enforcer,25,2,50,49,23.61
5749,test_25_2,enforcer,25,2,50,50,24.67
5750,test_10_6,enforcer,10,6,60,1,152.76
5751,test_15_4,enforcer,15,4,60,1,129.74
5752,test_30_2,enforcer,30,2,60,1,120.44
5753,test_10_6,enforcer,10,6,60,2,72.37
5754,test_15_4,enforcer,15,4,60,2,61.96
5755,test_30_2,enforcer,30,2,60,2,72.12
5756,test_10_6,enforcer,10,6,60,3,58.95
5757,test_15_4,enforcer,15,4,60,3,50.4
5758,test_30_2,enforcer,30,2,60,3,59.83
5759,test_10_6,enforcer,10,6,60,4,61.32
5760,test_15_4,enforcer,15,4,60,4,46.05
5761,test_30_2,enforcer,30,2,60,4,43.95
5762,test_10_6,enforcer,10,6,60,5,58.69
5763,test_15_4,enforcer,15,4,60,5,49.9
5764,test_30_2,enforcer,30,2,60,5,51.8
5765,test_10_6,enforcer,10,6,60,6,54.76
5766,test_15_4,enforcer,15,4,60,6,43.26
5767,test_30_2,enforcer,30,2,60,6,42.35
5768,test_10_6,enforcer,10,6,60,7,58.67
5769,test_15_4,enforcer,15,4,60,7,45.03
5770,test_30_2,enforcer,30,2,60,7,38.43
5771,test_10_6,enforcer,10,6,60,8,40.4
5772,test_15_4,enforcer,15,4,60,8,45.0
5773,test_30_2,enforcer,30,2,60,8,47.28
5774,test_10_6,enforcer,10,6,60,9,41.6
5775,test_15_4,enforcer,15,4,60,9,50.09
5776,test_30_2,enforcer,30,2,60,9,38.29
5777,test_10_6,enforcer,10,6,60,10,43.31
5778,test_15_4,enforcer,15,4,60,10,45.3
5779,test_30_2,enforcer,30,2,60,10,34.48
5780,test_10_6,enforcer,10,6,60,11,37.91
5781,test_15_4,enforcer,15,4,60,11,35.86
5782,test_30_2,enforcer,30,2,60,11,47.95
5783,test_10_6,enforcer,10,6,60,12,35.16
5784,test_15_4,enforcer,15,4,60,12,36.95
5785,test_30_2,enforcer,30,2,60,12,41.73
5786,test_10_6,enforcer,10,6,60,13,39.17
5787,test_15_4,enforcer,15,4,60,13,38.5
5788,test_30_2,enforcer,30,2,60,13,42.6
5789,test_10_6,enforcer,10,6,60,14,35.75
5790,test_15_4,enforcer,15,4,60,14,39.78
5791,test_30_2,enforcer,30,2,60,14,43.66
5792,test_10_6,enforcer,10,6,60,15,38.73
5793,test_15_4,enforcer,15,4,60,15,47.55
5794,test_30_2,enforcer,30,2,60,15,45.29
5795,test_10_6,enforcer,10,6,60,16,41.94
5796,test_15_4,enforcer,15,4,60,16,45.36
5797,test_30_2,enforcer,30,2,60,16,46.64
5798,test_10_6,enforcer,10,6,60,17,39.49
5799,test_15_4,enforcer,15,4,60,17,45.5
5800,test_30_2,enforcer,30,2,60,17,42.69
5801,test_10_6,enforcer,10,6,60,18,38.07
5802,test_15_4,enforcer,15,4,60,18,45.45
5803,test_30_2,enforcer,30,2,60,18,40.96
5804,test_10_6,enforcer,10,6,60,19,40.75
5805,test_15_4,enforcer,15,4,60,19,43.92
5806,test_30_2,enforcer,30,2,60,19,40.84
5807,test_10_6,enforcer,10,6,60,20,39.85
5808,test_15_4,enforcer,15,4,60,20,45.77
5809,test_30_2,enforcer,30,2,60,20,42.46
5810,test_10_6,enforcer,10,6,60,21,40.22
5811,test_15_4,enforcer,15,4,60,21,39.96
5812,test_30_2,enforcer,30,2,60,21,39.43
5813,test_10_6,enforcer,10,6,60,22,39.32
5814,test_15_4,enforcer,15,4,60,22,40.34
5815,test_30_2,enforcer,30,2,60,22,39.66
5816,test_10_6,enforcer,10,6,60,23,42.43
5817,test_15_4,enforcer,15,4,60,23,39.95
5818,test_30_2,enforcer,30,2,60,23,43.31
5819,test_10_6,enforcer,10,6,60,24,40.05
5820,test_15_4,enforcer,15,4,60,24,45.8
5821,test_30_2,enforcer,30,2,60,24,42.48
5822,test_10_6,enforcer,10,6,60,25,38.02
5823,test_15_4,enforcer,15,4,60,25,42.28
5824,test_30_2,enforcer,30,2,60,25,44.85
5825,test_10_6,enforcer,10,6,60,26,38.64
5826,test_15_4,enforcer,15,4,60,26,42.14
5827,test_30_2,enforcer,30,2,60,26,33.39
5828,test_10_6,enforcer,10,6,60,27,40.49
5829,test_15_4,enforcer,15,4,60,27,41.63
5830,test_30_2,enforcer,30,2,60,27,33.62
5831,test_10_6,enforcer,10,6,60,28,34.69
5832,test_15_4,enforcer,15,4,60,28,40.84
5833,test_30_2,enforcer,30,2,60,28,37.81
5834,test_10_6,enforcer,10,6,60,29,32.04
5835,test_15_4,enforcer,15,4,60,29,32.73
5836,test_30_2,enforcer,30,2,60,29,35.25
5837,test_10_6,enforcer,10,6,60,30,31.15
5838,test_15_4,enforcer,15,4,60,30,31.34
5839,test_30_2,enforcer,30,2,60,30,31.88
5840,test_10_6,enforcer,10,6,60,31,31.05
5841,test_15_4,enforcer,15,4,60,31,34.07
5842,test_30_2,enforcer,30,2,60,31,31.88
5843,test_10_6,enforcer,10,6,60,32,33.97
5844,test_15_4,enforcer,15,4,60,32,38.29
5845,test_30_2,enforcer,30,2,60,32,31.42
5846,test_10_6,enforcer,10,6,60,33,32.59
5847,test_15_4,enforcer,15,4,60,33,35.43
5848,test_30_2,enforcer,30,2,60,33,31.2
5849,test_10_6,enforcer,10,6,60,34,32.58
5850,test_15_4,enforcer,15,4,60,34,30.25
5851,test_30_2,enforcer,30,2,60,34,34.73
5852,test_10_6,enforcer,10,6,60,35,31.53
5853,test_15_4,enforcer,15,4,60,35,32.57
5854,test_30_2,enforcer,30,2,60,35,30.87
5855,test_10_6,enforcer,10,6,60,36,32.97
5856,test_15_4,enforcer,15,4,60,36,30.38
5857,test_30_2,enforcer,30,2,60,36,29.66
5858,test_10_6,enforcer,10,6,60,37,30.93
5859,test_15_4,enforcer,15,4,60,37,29.21
5860,test_30_2,enforcer,30,2,60,37,32.6
5861,test_10_6,enforcer,10,6,60,38,30.45
5862,test_15_4,enforcer,15,4,60,38,30.53
5863,test_30_2,enforcer,30,2,60,38,33.0
5864,test_10_6,enforcer,10,6,60,39,31.94
5865,test_15_4,enforcer,15,4,60,39,33.94
5866,test_30_2,enforcer,30,2,60,39,34.0
5867,test_10_6,enforcer,10,6,60,40,30.97
5868,test_15_4,enforcer,15,4,60,40,30.02
5869,test_30_2,enforcer,30,2,60,40,43.98
5870,test_10_6,enforcer,10,6,60,41,30.08
5871,test_15_4,enforcer,15,4,60,41,32.38
5872,test_30_2,enforcer,30,2,60,41,30.91
5873,test_10_6,enforcer,10,6,60,42,36.29
5874,test_15_4,enforcer,15,4,60,42,39.99
5875,test_30_2,enforcer,30,2,60,42,31.89
5876,test_10_6,enforcer,10,6,60,43,30.05
5877,test_15_4,enforcer,15,4,60,43,35.73
5878,test_30_2,enforcer,30,2,60,43,32.82
5879,test_10_6,enforcer,10,6,60,44,30.73
5880,test_15_4,enforcer,15,4,60,44,31.99
5881,test_30_2,enforcer,30,2,60,44,31.08
5882,test_10_6,enforcer,10,6,60,45,29.32
5883,test_15_4,enforcer,15,4,60,45,30.81
5884,test_30_2,enforcer,30,2,60,45,30.25
5885,test_10_6,enforcer,10,6,60,46,29.19
5886,test_15_4,enforcer,15,4,60,46,31.76
5887,test_30_2,enforcer,30,2,60,46,30.63
5888,test_10_6,enforcer,10,6,60,47,29.22
5889,test_15_4,enforcer,15,4,60,47,31.02
5890,test_30_2,enforcer,30,2,60,47,30.13
5891,test_10_6,enforcer,10,6,60,48,28.89
5892,test_15_4,enforcer,15,4,60,48,28.58
5893,test_30_2,enforcer,30,2,60,48,29.64
5894,test_10_6,enforcer,10,6,60,49,27.97
5895,test_15_4,enforcer,15,4,60,49,29.67
5896,test_30_2,enforcer,30,2,60,49,28.47
5897,test_10_6,enforcer,10,6,60,50,30.23
5898,test_15_4,enforcer,15,4,60,50,28.68
5899,test_30_2,enforcer,30,2,60,50,28.69
5900,test_35_2,enforcer,35,2,70,1,138.46
5901,test_35_2,enforcer,35,2,70,2,76.32
5902,test_35_2,enforcer,35,2,70,3,49.73
5903,test_35_2,enforcer,35,2,70,4,58.21
5904,test_35_2,enforcer,35,2,70,5,49.46
5905,test_35_2,enforcer,35,2,70,6,54.37
5906,test_35_2,enforcer,35,2,70,7,42.72
5907,test_35_2,enforcer,35,2,70,8,38.16
5908,test_35_2,enforcer,35,2,70,9,42.45
5909,test_35_2,enforcer,35,2,70,10,42.15
5910,test_35_2,enforcer,35,2,70,11,46.73
5911,test_35_2,enforcer,35,2,70,12,43.48
5912,test_35_2,enforcer,35,2,70,13,42.25
5913,test_35_2,enforcer,35,2,70,14,42.57
5914,test_35_2,enforcer,35,2,70,15,42.32
5915,test_35_2,enforcer,35,2,70,16,40.95
5916,test_35_2,enforcer,35,2,70,17,40.12
5917,test_35_2,enforcer,35,2,70,18,40.8
5918,test_35_2,enforcer,35,2,70,19,43.26
5919,test_35_2,enforcer,35,2,70,20,35.63
5920,test_35_2,enforcer,35,2,70,21,34.05
5921,test_35_2,enforcer,35,2,70,22,31.22
5922,test_35_2,enforcer,35,2,70,23,31.36
5923,test_35_2,enforcer,35,2,70,24,30.74
5924,test_35_2,enforcer,35,2,70,25,32.83
5925,test_35_2,enforcer,35,2,70,26,30.87
5926,test_35_2,enforcer,35,2,70,27,31.38
5927,test_35_2,enforcer,35,2,70,28,31.14
5928,test_35_2,enforcer,35,2,70,29,32.83
5929,test_35_2,enforcer,35,2,70,30,30.57
5930,test_35_2,enforcer,35,2,70,31,34.8
5931,test_35_2,enforcer,35,2,70,32,30.4
5932,test_35_2,enforcer,35,2,70,33,29.59
5933,test_35_2,enforcer,35,2,70,34,36.25
5934,test_35_2,enforcer,35,2,70,35,28.62
5935,test_35_2,enforcer,35,2,70,36,31.06
5936,test_35_2,enforcer,35,2,70,37,29.08
5937,test_35_2,enforcer,35,2,70,38,30.1
5938,test_35_2,enforcer,35,2,70,39,30.34
5939,test_35_2,enforcer,35,2,70,40,30.6
5940,test_35_2,enforcer,35,2,70,41,29.08
5941,test_35_2,enforcer,35,2,70,42,32.66
5942,test_35_2,enforcer,35,2,70,43,28.5
5943,test_35_2,enforcer,35,2,70,44,30.49
5944,test_35_2,enforcer,35,2,70,45,26.99
5945,test_35_2,enforcer,35,2,70,46,30.17
5946,test_35_2,enforcer,35,2,70,47,29.81
5947,test_35_2,enforcer,35,2,70,48,29.93
5948,test_35_2,enforcer,35,2,70,49,28.3
5949,test_35_2,enforcer,35,2,70,50,29.18
5950,test_10_8,enforcer,10,8,80,1,184.62
5951,test_20_4,enforcer,20,4,80,1,160.77
5952,test_40_2,enforcer,40,2,80,1,138.21
5953,test_10_8,enforcer,10,8,80,2,68.18
5954,test_20_4,enforcer,20,4,80,2,63.12
5955,test_40_2,enforcer,40,2,80,2,69.36
5956,test_10_8,enforcer,10,8,80,3,73.11
5957,test_20_4,enforcer,20,4,80,3,66.19
5958,test_40_2,enforcer,40,2,80,3,71.86
5959,test_10_8,enforcer,10,8,80,4,73.31
5960,test_20_4,enforcer,20,4,80,4,58.43
5961,test_40_2,enforcer,40,2,80,4,57.11
5962,test_10_8,enforcer,10,8,80,5,67.79
5963,test_20_4,enforcer,20,4,80,5,55.83
5964,test_40_2,enforcer,40,2,80,5,50.35
5965,test_10_8,enforcer,10,8,80,6,67.85
5966,test_20_4,enforcer,20,4,80,6,54.33
5967,test_40_2,enforcer,40,2,80,6,46.68
5968,test_10_8,enforcer,10,8,80,7,69.31
5969,test_20_4,enforcer,20,4,80,7,49.9
5970,test_40_2,enforcer,40,2,80,7,49.51
5971,test_10_8,enforcer,10,8,80,8,61.42
5972,test_20_4,enforcer,20,4,80,8,46.01
5973,test_40_2,enforcer,40,2,80,8,41.9
5974,test_10_8,enforcer,10,8,80,9,59.38
5975,test_20_4,enforcer,20,4,80,9,51.94
5976,test_40_2,enforcer,40,2,80,9,43.69
5977,test_10_8,enforcer,10,8,80,10,55.8
5978,test_20_4,enforcer,20,4,80,10,52.52
5979,test_40_2,enforcer,40,2,80,10,45.93
5980,test_10_8,enforcer,10,8,80,11,53.93
5981,test_20_4,enforcer,20,4,80,11,50.89
5982,test_40_2,enforcer,40,2,80,11,46.43
5983,test_10_8,enforcer,10,8,80,12,54.48
5984,test_20_4,enforcer,20,4,80,12,49.24
5985,test_40_2,enforcer,40,2,80,12,50.16
5986,test_10_8,enforcer,10,8,80,13,49.54
5987,test_20_4,enforcer,20,4,80,13,52.74
5988,test_40_2,enforcer,40,2,80,13,44.76
5989,test_10_8,enforcer,10,8,80,14,44.3
5990,test_20_4,enforcer,20,4,80,14,47.25
5991,test_40_2,enforcer,40,2,80,14,46.02
5992,test_10_8,enforcer,10,8,80,15,39.97
5993,test_20_4,enforcer,20,4,80,15,53.02
5994,test_40_2,enforcer,40,2,80,15,45.68
5995,test_10_8,enforcer,10,8,80,16,41.5
5996,test_20_4,enforcer,20,4,80,16,47.34
5997,test_40_2,enforcer,40,2,80,16,53.07
5998,test_10_8,enforcer,10,8,80,17,39.01
5999,test_20_4,enforcer,20,4,80,17,44.47
6000,test_40_2,enforcer,40,2,80,17,48.62
6001,test_10_8,enforcer,10,8,80,18,44.01
6002,test_20_4,enforcer,20,4,80,18,45.12
6003,test_40_2,enforcer,40,2,80,18,49.61
6004,test_10_8,enforcer,10,8,80,19,39.14
6005,test_20_4,enforcer,20,4,80,19,39.67
6006,test_40_2,enforcer,40,2,80,19,33.44
6007,test_10_8,enforcer,10,8,80,20,39.88
6008,test_20_4,enforcer,20,4,80,20,33.74
6009,test_40_2,enforcer,40,2,80,20,33.48
6010,test_10_8,enforcer,10,8,80,21,39.97
6011,test_20_4,enforcer,20,4,80,21,32.92
6012,test_40_2,enforcer,40,2,80,21,33.53
6013,test_10_8,enforcer,10,8,80,22,43.76
6014,test_20_4,enforcer,20,4,80,22,33.23
6015,test_40_2,enforcer,40,2,80,22,36.27
6016,test_10_8,enforcer,10,8,80,23,39.93
6017,test_20_4,enforcer,20,4,80,23,35.62
6018,test_40_2,enforcer,40,2,80,23,35.33
6019,test_10_8,enforcer,10,8,80,24,40.76
6020,test_20_4,enforcer,20,4,80,24,36.66
6021,test_40_2,enforcer,40,2,80,24,35.79
6022,test_10_8,enforcer,10,8,80,25,42.37
6023,test_20_4,enforcer,20,4,80,25,36.01
6024,test_40_2,enforcer,40,2,80,25,35.31
6025,test_10_8,enforcer,10,8,80,26,39.77
6026,test_20_4,enforcer,20,4,80,26,33.91
6027,test_40_2,enforcer,40,2,80,26,39.45
6028,test_10_8,enforcer,10,8,80,27,37.71
6029,test_20_4,enforcer,20,4,80,27,39.2
6030,test_40_2,enforcer,40,2,80,27,34.44
6031,test_10_8,enforcer,10,8,80,28,36.88
6032,test_20_4,enforcer,20,4,80,28,39.33
6033,test_40_2,enforcer,40,2,80,28,39.48
6034,test_10_8,enforcer,10,8,80,29,39.61
6035,test_20_4,enforcer,20,4,80,29,33.75
6036,test_40_2,enforcer,40,2,80,29,32.88
6037,test_10_8,enforcer,10,8,80,30,37.13
6038,test_20_4,enforcer,20,4,80,30,33.79
6039,test_40_2,enforcer,40,2,80,30,35.23
6040,test_10_8,enforcer,10,8,80,31,41.41
6041,test_20_4,enforcer,20,4,80,31,36.05
6042,test_40_2,enforcer,40,2,80,31,39.75
6043,test_10_8,enforcer,10,8,80,32,41.31
6044,test_20_4,enforcer,20,4,80,32,34.91
6045,test_40_2,enforcer,40,2,80,32,37.26
6046,test_10_8,enforcer,10,8,80,33,44.54
6047,test_20_4,enforcer,20,4,80,33,34.11
6048,test_40_2,enforcer,40,2,80,33,33.77
6049,test_10_8,enforcer,10,8,80,34,40.75
6050,test_20_4,enforcer,20,4,80,34,33.75
6051,test_40_2,enforcer,40,2,80,34,35.0
6052,test_10_8,enforcer,10,8,80,35,38.11
6053,test_20_4,enforcer,20,4,80,35,34.75
6054,test_40_2,enforcer,40,2,80,35,32.28
6055,test_10_8,enforcer,10,8,80,36,39.37
6056,test_20_4,enforcer,20,4,80,36,32.62
6057,test_40_2,enforcer,40,2,80,36,33.53
6058,test_10_8,enforcer,10,8,80,37,40.96
6059,test_20_4,enforcer,20,4,80,37,36.19
6060,test_40_2,enforcer,40,2,80,37,35.67
6061,test_10_8,enforcer,10,8,80,38,39.35
6062,test_20_4,enforcer,20,4,80,38,34.6
6063,test_40_2,enforcer,40,2,80,38,33.61
6064,test_10_8,enforcer,10,8,80,39,36.36
6065,test_20_4,enforcer,20,4,80,39,33.44
6066,test_40_2,enforcer,40,2,80,39,32.58
6067,test_10_8,enforcer,10,8,80,40,39.81
6068,test_20_4,enforcer,20,4,80,40,34.23
6069,test_40_2,enforcer,40,2,80,40,31.97
6070,test_10_8,enforcer,10,8,80,41,35.02
6071,test_20_4,enforcer,20,4,80,41,35.52
6072,test_40_2,enforcer,40,2,80,41,32.52
6073,test_10_8,enforcer,10,8,80,42,38.17
6074,test_20_4,enforcer,20,4,80,42,32.51
6075,test_40_2,enforcer,40,2,80,42,33.25
6076,test_10_8,enforcer,10,8,80,43,37.64
6077,test_20_4,enforcer,20,4,80,43,37.1
6078,test_40_2,enforcer,40,2,80,43,34.21
6079,test_10_8,enforcer,10,8,80,44,36.65
6080,test_20_4,enforcer,20,4,80,44,34.04
6081,test_40_2,enforcer,40,2,80,44,32.26
6082,test_10_8,enforcer,10,8,80,45,35.5
6083,test_20_4,enforcer,20,4,80,45,35.14
6084,test_40_2,enforcer,40,2,80,45,30.69
6085,test_10_8,enforcer,10,8,80,46,36.85
6086,test_20_4,enforcer,20,4,80,46,37.79
6087,test_40_2,enforcer,40,2,80,46,34.29
6088,test_10_8,enforcer,10,8,80,47,37.88
6089,test_20_4,enforcer,20,4,80,47,32.63
6090,test_40_2,enforcer,40,2,80,47,31.98
6091,test_10_8,enforcer,10,8,80,48,36.87
6092,test_20_4,enforcer,20,4,80,48,35.13
6093,test_40_2,enforcer,40,2,80,48,30.86
6094,test_10_8,enforcer,10,8,80,49,39.83
6095,test_20_4,enforcer,20,4,80,49,36.48
6096,test_40_2,enforcer,40,2,80,49,32.53
6097,test_10_8,enforcer,10,8,80,50,36.66
6098,test_20_4,enforcer,20,4,80,50,30.75
6099,test_40_2,enforcer,40,2,80,50,31.03
6100,test_15_6,enforcer,15,6,90,1,193.07
6101,test_45_2,enforcer,45,2,90,1,151.9
6102,test_15_6,enforcer,15,6,90,2,71.39
6103,test_45_2,enforcer,45,2,90,2,80.63
6104,test_15_6,enforcer,15,6,90,3,68.65
6105,test_45_2,enforcer,45,2,90,3,73.14
6106,test_15_6,enforcer,15,6,90,4,95.92
6107,test_45_2,enforcer,45,2,90,4,73.8
6108,test_15_6,enforcer,15,6,90,5,76.69
6109,test_45_2,enforcer,45,2,90,5,62.24
6110,test_15_6,enforcer,15,6,90,6,73.84
6111,test_45_2,enforcer,45,2,90,6,62.62
6112,test_15_6,enforcer,15,6,90,7,61.05
6113,test_45_2,enforcer,45,2,90,7,62.63
6114,test_15_6,enforcer,15,6,90,8,63.96
6115,test_45_2,enforcer,45,2,90,8,68.76
6116,test_15_6,enforcer,15,6,90,9,61.47
6117,test_45_2,enforcer,45,2,90,9,61.75
6118,test_15_6,enforcer,15,6,90,10,61.83
6119,test_45_2,enforcer,45,2,90,10,58.56
6120,test_15_6,enforcer,15,6,90,11,42.21
6121,test_45_2,enforcer,45,2,90,11,50.16
6122,test_15_6,enforcer,15,6,90,12,43.69
6123,test_45_2,enforcer,45,2,90,12,51.53
6124,test_15_6,enforcer,15,6,90,13,41.09
6125,test_45_2,enforcer,45,2,90,13,41.24
6126,test_15_6,enforcer,15,6,90,14,41.75
6127,test_45_2,enforcer,45,2,90,14,40.45
6128,test_15_6,enforcer,15,6,90,15,42.49
6129,test_45_2,enforcer,45,2,90,15,41.67
6130,test_15_6,enforcer,15,6,90,16,42.15
6131,test_45_2,enforcer,45,2,90,16,41.22
6132,test_15_6,enforcer,15,6,90,17,39.18
6133,test_45_2,enforcer,45,2,90,17,39.51
6134,test_15_6,enforcer,15,6,90,18,43.09
6135,test_45_2,enforcer,45,2,90,18,37.71
6136,test_15_6,enforcer,15,6,90,19,39.62
6137,test_45_2,enforcer,45,2,90,19,39.37
6138,test_15_6,enforcer,15,6,90,20,39.01
6139,test_45_2,enforcer,45,2,90,20,43.83
6140,test_15_6,enforcer,15,6,90,21,37.72
6141,test_45_2,enforcer,45,2,90,21,38.66
6142,test_15_6,enforcer,15,6,90,22,40.79
6143,test_45_2,enforcer,45,2,90,22,37.99
6144,test_15_6,enforcer,15,6,90,23,39.79
6145,test_45_2,enforcer,45,2,90,23,38.75
6146,test_15_6,enforcer,15,6,90,24,42.15
6147,test_45_2,enforcer,45,2,90,24,37.1
6148,test_15_6,enforcer,15,6,90,25,39.17
6149,test_45_2,enforcer,45,2,90,25,36.57
6150,test_15_6,enforcer,15,6,90,26,39.9
6151,test_45_2,enforcer,45,2,90,26,36.3
6152,test_15_6,enforcer,15,6,90,27,38.33
6153,test_45_2,enforcer,45,2,90,27,37.46
6154,test_15_6,enforcer,15,6,90,28,38.16
6155,test_45_2,enforcer,45,2,90,28,41.3
6156,test_15_6,enforcer,15,6,90,29,38.15
6157,test_45_2,enforcer,45,2,90,29,38.71
6158,test_15_6,enforcer,15,6,90,30,40.24
6159,test_45_2,enforcer,45,2,90,30,37.15
6160,test_15_6,enforcer,15,6,90,31,38.99
6161,test_45_2,enforcer,45,2,90,31,38.41
6162,test_15_6,enforcer,15,6,90,32,39.49
6163,test_45_2,enforcer,45,2,90,32,41.32
6164,test_15_6,enforcer,15,6,90,33,38.66
6165,test_45_2,enforcer,45,2,90,33,38.97
6166,test_15_6,enforcer,15,6,90,34,39.73
6167,test_45_2,enforcer,45,2,90,34,36.7
6168,test_15_6,enforcer,15,6,90,35,37.16
6169,test_45_2,enforcer,45,2,90,35,40.89
6170,test_15_6,enforcer,15,6,90,36,37.24
6171,test_45_2,enforcer,45,2,90,36,35.25
6172,test_15_6,enforcer,15,6,90,37,36.51
6173,test_45_2,enforcer,45,2,90,37,35.25
6174,test_15_6,enforcer,15,6,90,38,37.64
6175,test_45_2,enforcer,45,2,90,38,34.7
6176,test_15_6,enforcer,15,6,90,39,35.99
6177,test_45_2,enforcer,45,2,90,39,36.24
6178,test_15_6,enforcer,15,6,90,40,40.01
6179,test_45_2,enforcer,45,2,90,40,36.5
6180,test_15_6,enforcer,15,6,90,41,40.24
6181,test_45_2,enforcer,45,2,90,41,38.19
6182,test_15_6,enforcer,15,6,90,42,35.28
6183,test_45_2,enforcer,45,2,90,42,34.71
6184,test_15_6,enforcer,15,6,90,43,35.13
6185,test_45_2,enforcer,45,2,90,43,36.99
6186,test_15_6,enforcer,15,6,90,44,36.4
6187,test_45_2,enforcer,45,2,90,44,38.08
6188,test_15_6,enforcer,15,6,90,45,34.89
6189,test_45_2,enforcer,45,2,90,45,33.95
6190,test_15_6,enforcer,15,6,90,46,36.24
6191,test_45_2,enforcer,45,2,90,46,37.3
6192,test_15_6,enforcer,15,6,90,47,36.2
6193,test_45_2,enforcer,45,2,90,47,34.41
6194,test_15_6,enforcer,15,6,90,48,35.69
6195,test_45_2,enforcer,45,2,90,48,33.98
6196,test_15_6,enforcer,15,6,90,49,38.57
6197,test_45_2,enforcer,45,2,90,49,35.33
6198,test_15_6,enforcer,15,6,90,50,36.69
6199,test_45_2,enforcer,45,2,90,50,34.26
6200,test_10_10,enforcer,10,10,100,1,217.65
6201,test_25_4,enforcer,25,4,100,1,176.74
6202,test_50_2,enforcer,50,2,100,1,164.07
6203,test_10_10,enforcer,10,10,100,2,95.98
6204,test_25_4,enforcer,25,4,100,2,95.96
6205,test_50_2,enforcer,50,2,100,2,68.64
6206,test_10_10,enforcer,10,10,100,3,95.56
6207,test_25_4,enforcer,25,4,100,3,75.56
6208,test_50_2,enforcer,50,2,100,3,77.07
6209,test_10_10,enforcer,10,10,100,4,98.18
6210,test_25_4,enforcer,25,4,100,4,78.95
6211,test_50_2,enforcer,50,2,100,4,69.81
6212,test_10_10,enforcer,10,10,100,5,90.61
6213,test_25_4,enforcer,25,4,100,5,75.63
6214,test_50_2,enforcer,50,2,100,5,62.48
6215,test_10_10,enforcer,10,10,100,6,79.57
6216,test_25_4,enforcer,25,4,100,6,76.03
6217,test_50_2,enforcer,50,2,100,6,67.03
6218,test_10_10,enforcer,10,10,100,7,70.57
6219,test_25_4,enforcer,25,4,100,7,78.79
6220,test_50_2,enforcer,50,2,100,7,79.91
6221,test_10_10,enforcer,10,10,100,8,75.1
6222,test_25_4,enforcer,25,4,100,8,68.11
6223,test_50_2,enforcer,50,2,100,8,62.11
6224,test_10_10,enforcer,10,10,100,9,68.67
6225,test_25_4,enforcer,25,4,100,9,66.02
6226,test_50_2,enforcer,50,2,100,9,62.49
6227,test_10_10,enforcer,10,10,100,10,54.71
6228,test_25_4,enforcer,25,4,100,10,59.68
6229,test_50_2,enforcer,50,2,100,10,57.9
6230,test_10_10,enforcer,10,10,100,11,55.56
6231,test_25_4,enforcer,25,4,100,11,63.2
6232,test_50_2,enforcer,50,2,100,11,56.17
6233,test_10_10,enforcer,10,10,100,12,57.97
6234,test_25_4,enforcer,25,4,100,12,51.58
6235,test_50_2,enforcer,50,2,100,12,52.19
6236,test_10_10,enforcer,10,10,100,13,53.52
6237,test_25_4,enforcer,25,4,100,13,44.34
6238,test_50_2,enforcer,50,2,100,13,46.47
6239,test_10_10,enforcer,10,10,100,14,51.2
6240,test_25_4,enforcer,25,4,100,14,43.77
6241,test_50_2,enforcer,50,2,100,14,41.09
6242,test_10_10,enforcer,10,10,100,15,53.6
6243,test_25_4,enforcer,25,4,100,15,44.11
6244,test_50_2,enforcer,50,2,100,15,43.04
6245,test_10_10,enforcer,10,10,100,16,51.94
6246,test_25_4,enforcer,25,4,100,16,44.14
6247,test_50_2,enforcer,50,2,100,16,42.96
6248,test_10_10,enforcer,10,10,100,17,54.93
6249,test_25_4,enforcer,25,4,100,17,43.14
6250,test_50_2,enforcer,50,2,100,17,42.7
6251,test_10_10,enforcer,10,10,100,18,54.13
6252,test_25_4,enforcer,25,4,100,18,44.8
6253,test_50_2,enforcer,50,2,100,18,46.04
6254,test_10_10,enforcer,10,10,100,19,51.12
6255,test_25_4,enforcer,25,4,100,19,44.1
6256,test_50_2,enforcer,50,2,100,19,42.78
6257,test_10_10,enforcer,10,10,100,20,52.82
6258,test_25_4,enforcer,25,4,100,20,42.66
6259,test_50_2,enforcer,50,2,100,20,42.94
6260,test_10_10,enforcer,10,10,100,21,48.44
6261,test_25_4,enforcer,25,4,100,21,40.54
6262,test_50_2,enforcer,50,2,100,21,41.54
6263,test_10_10,enforcer,10,10,100,22,56.09
6264,test_25_4,enforcer,25,4,100,22,41.7
6265,test_50_2,enforcer,50,2,100,22,42.35
6266,test_10_10,enforcer,10,10,100,23,51.21
6267,test_25_4,enforcer,25,4,100,23,43.72
6268,test_50_2,enforcer,50,2,100,23,41.4
6269,test_10_10,enforcer,10,10,100,24,49.0
6270,test_25_4,enforcer,25,4,100,24,44.13
6271,test_50_2,enforcer,50,2,100,24,41.12
6272,test_10_10,enforcer,10,10,100,25,50.93
6273,test_25_4,enforcer,25,4,100,25,48.13
6274,test_50_2,enforcer,50,2,100,25,44.78
6275,test_10_10,enforcer,10,10,100,26,50.64
6276,test_25_4,enforcer,25,4,100,26,41.73
6277,test_50_2,enforcer,50,2,100,26,42.05
6278,test_10_10,enforcer,10,10,100,27,50.77
6279,test_25_4,enforcer,25,4,100,27,42.93
6280,test_50_2,enforcer,50,2,100,27,40.55
6281,test_10_10,enforcer,10,10,100,28,67.06
6282,test_25_4,enforcer,25,4,100,28,44.11
6283,test_50_2,enforcer,50,2,100,28,42.71
6284,test_10_10,enforcer,10,10,100,29,50.82
6285,test_25_4,enforcer,25,4,100,29,44.96
6286,test_50_2,enforcer,50,2,100,29,45.48
6287,test_10_10,enforcer,10,10,100,30,49.34
6288,test_25_4,enforcer,25,4,100,30,40.91
6289,test_50_2,enforcer,50,2,100,30,40.26
6290,test_10_10,enforcer,10,10,100,31,50.66
6291,test_25_4,enforcer,25,4,100,31,47.08
6292,test_50_2,enforcer,50,2,100,31,42.85
6293,test_10_10,enforcer,10,10,100,32,50.66
6294,test_25_4,enforcer,25,4,100,32,40.93
6295,test_50_2,enforcer,50,2,100,32,44.43
6296,test_10_10,enforcer,10,10,100,33,48.81
6297,test_25_4,enforcer,25,4,100,33,40.24
6298,test_50_2,enforcer,50,2,100,33,39.09
6299,test_10_10,enforcer,10,10,100,34,51.07
6300,test_25_4,enforcer,25,4,100,34,38.32
6301,test_50_2,enforcer,50,2,100,34,39.07
6302,test_10_10,enforcer,10,10,100,35,48.65
6303,test_25_4,enforcer,25,4,100,35,38.76
6304,test_50_2,enforcer,50,2,100,35,38.24
6305,test_10_10,enforcer,10,10,100,36,48.86
6306,test_25_4,enforcer,25,4,100,36,38.56
6307,test_50_2,enforcer,50,2,100,36,38.29
6308,test_10_10,enforcer,10,10,100,37,47.81
6309,test_25_4,enforcer,25,4,100,37,37.89
6310,test_50_2,enforcer,50,2,100,37,38.16
6311,test_10_10,enforcer,10,10,100,38,49.05
6312,test_25_4,enforcer,25,4,100,38,42.7
6313,test_50_2,enforcer,50,2,100,38,41.62
6314,test_10_10,enforcer,10,10,100,39,49.87
6315,test_25_4,enforcer,25,4,100,39,40.51
6316,test_50_2,enforcer,50,2,100,39,38.84
6317,test_10_10,enforcer,10,10,100,40,45.05
6318,test_25_4,enforcer,25,4,100,40,39.77
6319,test_50_2,enforcer,50,2,100,40,40.65
6320,test_10_10,enforcer,10,10,100,41,58.91
6321,test_25_4,enforcer,25,4,100,41,39.06
6322,test_50_2,enforcer,50,2,100,41,39.27
6323,test_10_10,enforcer,10,10,100,42,46.95
6324,test_25_4,enforcer,25,4,100,42,37.82
6325,test_50_2,enforcer,50,2,100,42,38.09
6326,test_10_10,enforcer,10,10,100,43,52.0
6327,test_25_4,enforcer,25,4,100,43,39.63
6328,test_50_2,enforcer,50,2,100,43,38.16
6329,test_10_10,enforcer,10,10,100,44,45.96
6330,test_25_4,enforcer,25,4,100,44,45.4
6331,test_50_2,enforcer,50,2,100,44,38.05
6332,test_10_10,enforcer,10,10,100,45,45.18
6333,test_25_4,enforcer,25,4,100,45,43.47
6334,test_50_2,enforcer,50,2,100,45,43.86
6335,test_10_10,enforcer,10,10,100,46,48.57
6336,test_25_4,enforcer,25,4,100,46,41.03
6337,test_50_2,enforcer,50,2,100,46,40.82
6338,test_10_10,enforcer,10,10,100,47,51.33
6339,test_25_4,enforcer,25,4,100,47,38.17
6340,test_50_2,enforcer,50,2,100,47,37.58
6341,test_10_10,enforcer,10,10,100,48,47.53
6342,test_25_4,enforcer,25,4,100,48,38.73
6343,test_50_2,enforcer,50,2,100,48,37.66
6344,test_10_10,enforcer,10,10,100,49,47.86
6345,test_25_4,enforcer,25,4,100,49,39.15
6346,test_50_2,enforcer,50,2,100,49,39.61
6347,test_10_10,enforcer,10,10,100,50,47.26
6348,test_25_4,enforcer,25,4,100,50,38.76
6349,test_50_2,enforcer,50,2,100,50,40.32
6350,test_55_2,enforcer,55,2,110,1,169.8
6351,test_55_2,enforcer,55,2,110,2,85.69
6352,test_55_2,enforcer,55,2,110,3,88.52
6353,test_55_2,enforcer,55,2,110,4,77.01
6354,test_55_2,enforcer,55,2,110,5,79.09
6355,test_55_2,enforcer,55,2,110,6,75.74
6356,test_55_2,enforcer,55,2,110,7,80.3
6357,test_55_2,enforcer,55,2,110,8,67.59
6358,test_55_2,enforcer,55,2,110,9,66.75
6359,test_55_2,enforcer,55,2,110,10,61.71
6360,test_55_2,enforcer,55,2,110,11,47.67
6361,test_55_2,enforcer,55,2,110,12,48.2
6362,test_55_2,enforcer,55,2,110,13,48.73
6363,test_55_2,enforcer,55,2,110,14,45.85
6364,test_55_2,enforcer,55,2,110,15,47.55
6365,test_55_2,enforcer,55,2,110,16,51.02
6366,test_55_2,enforcer,55,2,110,17,51.86
6367,test_55_2,enforcer,55,2,110,18,44.53
6368,test_55_2,enforcer,55,2,110,19,46.86
6369,test_55_2,enforcer,55,2,110,20,44.45
6370,test_55_2,enforcer,55,2,110,21,49.61
6371,test_55_2,enforcer,55,2,110,22,46.12
6372,test_55_2,enforcer,55,2,110,23,46.95
6373,test_55_2,enforcer,55,2,110,24,46.17
6374,test_55_2,enforcer,55,2,110,25,47.11
6375,test_55_2,enforcer,55,2,110,26,47.61
6376,test_55_2,enforcer,55,2,110,27,49.53
6377,test_55_2,enforcer,55,2,110,28,47.36
6378,test_55_2,enforcer,55,2,110,29,49.68
6379,test_55_2,enforcer,55,2,110,30,45.19
6380,test_55_2,enforcer,55,2,110,31,44.45
6381,test_55_2,enforcer,55,2,110,32,46.67
6382,test_55_2,enforcer,55,2,110,33,54.06
6383,test_55_2,enforcer,55,2,110,34,47.64
6384,test_55_2,enforcer,55,2,110,35,43.93
6385,test_55_2,enforcer,55,2,110,36,41.31
6386,test_55_2,enforcer,55,2,110,37,41.69
6387,test_55_2,enforcer,55,2,110,38,47.65
6388,test_55_2,enforcer,55,2,110,39,43.79
6389,test_55_2,enforcer,55,2,110,40,43.52
6390,test_55_2,enforcer,55,2,110,41,43.05
6391,test_55_2,enforcer,55,2,110,42,42.23
6392,test_55_2,enforcer,55,2,110,43,42.9
6393,test_55_2,enforcer,55,2,110,44,48.36
6394,test_55_2,enforcer,55,2,110,45,42.03
6395,test_55_2,enforcer,55,2,110,46,45.39
6396,test_55_2,enforcer,55,2,110,47,42.13
6397,test_55_2,enforcer,55,2,110,48,42.63
6398,test_55_2,enforcer,55,2,110,49,42.73
6399,test_55_2,enforcer,55,2,110,50,45.49
6400,test_10_12,enforcer,10,12,120,1,242.65
6401,test_15_8,enforcer,15,8,120,1,215.76
6402,test_20_6,enforcer,20,6,120,1,206.48
6403,test_30_4,enforcer,30,4,120,1,197.41
6404,test_60_2,enforcer,60,2,120,1,201.05
6405,test_10_12,enforcer,10,12,120,2,110.35
6406,test_15_8,enforcer,15,8,120,2,113.59
6407,test_20_6,enforcer,20,6,120,2,98.94
6408,test_30_4,enforcer,30,4,120,2,100.07
6409,test_60_2,enforcer,60,2,120,2,104.07
6410,test_10_12,enforcer,10,12,120,3,125.13
6411,test_15_8,enforcer,15,8,120,3,109.43
6412,test_20_6,enforcer,20,6,120,3,116.72
6413,test_30_4,enforcer,30,4,120,3,101.41
6414,test_60_2,enforcer,60,2,120,3,100.82
6415,test_10_12,enforcer,10,12,120,4,121.67
6416,test_15_8,enforcer,15,8,120,4,111.44
6417,test_20_6,enforcer,20,6,120,4,104.17
6418,test_30_4,enforcer,30,4,120,4,108.21
6419,test_60_2,enforcer,60,2,120,4,95.31
6420,test_10_12,enforcer,10,12,120,5,109.7
6421,test_15_8,enforcer,15,8,120,5,97.28
6422,test_20_6,enforcer,20,6,120,5,92.86
6423,test_30_4,enforcer,30,4,120,5,96.05
6424,test_60_2,enforcer,60,2,120,5,95.52
6425,test_10_12,enforcer,10,12,120,6,93.19
6426,test_15_8,enforcer,15,8,120,6,90.45
6427,test_20_6,enforcer,20,6,120,6,90.2
6428,test_30_4,enforcer,30,4,120,6,89.33
6429,test_60_2,enforcer,60,2,120,6,85.75
6430,test_10_12,enforcer,10,12,120,7,88.68
6431,test_15_8,enforcer,15,8,120,7,78.01
6432,test_20_6,enforcer,20,6,120,7,84.15
6433,test_30_4,enforcer,30,4,120,7,77.29
6434,test_60_2,enforcer,60,2,120,7,89.53
6435,test_10_12,enforcer,10,12,120,8,70.0
6436,test_15_8,enforcer,15,8,120,8,60.94
6437,test_20_6,enforcer,20,6,120,8,56.46
6438,test_30_4,enforcer,30,4,120,8,64.72
6439,test_60_2,enforcer,60,2,120,8,80.44
6440,test_10_12,enforcer,10,12,120,9,68.79
6441,test_15_8,enforcer,15,8,120,9,58.12
6442,test_20_6,enforcer,20,6,120,9,56.92
6443,test_30_4,enforcer,30,4,120,9,57.35
6444,test_60_2,enforcer,60,2,120,9,60.03
6445,test_10_12,enforcer,10,12,120,10,69.04
6446,test_15_8,enforcer,15,8,120,10,62.03
6447,test_20_6,enforcer,20,6,120,10,55.81
6448,test_30_4,enforcer,30,4,120,10,54.2
6449,test_60_2,enforcer,60,2,120,10,59.69
6450,test_10_12,enforcer,10,12,120,11,68.78
6451,test_15_8,enforcer,15,8,120,11,53.41
6452,test_20_6,enforcer,20,6,120,11,54.11
6453,test_30_4,enforcer,30,4,120,11,54.25
6454,test_60_2,enforcer,60,2,120,11,57.07
6455,test_10_12,enforcer,10,12,120,12,70.0
6456,test_15_8,enforcer,15,8,120,12,57.05
6457,test_20_6,enforcer,20,6,120,12,59.03
6458,test_30_4,enforcer,30,4,120,12,53.79
6459,test_60_2,enforcer,60,2,120,12,57.78
6460,test_10_12,enforcer,10,12,120,13,70.11
6461,test_15_8,enforcer,15,8,120,13,59.09
6462,test_20_6,enforcer,20,6,120,13,52.27
6463,test_30_4,enforcer,30,4,120,13,56.22
6464,test_60_2,enforcer,60,2,120,13,64.03
6465,test_10_12,enforcer,10,12,120,14,62.3
6466,test_15_8,enforcer,15,8,120,14,55.89
6467,test_20_6,enforcer,20,6,120,14,54.63
6468,test_30_4,enforcer,30,4,120,14,49.73
6469,test_60_2,enforcer,60,2,120,14,57.33
6470,test_10_12,enforcer,10,12,120,15,62.02
6471,test_15_8,enforcer,15,8,120,15,54.22
6472,test_20_6,enforcer,20,6,120,15,52.05
6473,test_30_4,enforcer,30,4,120,15,51.13
6474,test_60_2,enforcer,60,2,120,15,55.72
6475,test_10_12,enforcer,10,12,120,16,71.42
6476,test_15_8,enforcer,15,8,120,16,60.42
6477,test_20_6,enforcer,20,6,120,16,52.54
6478,test_30_4,enforcer,30,4,120,16,53.63
6479,test_60_2,enforcer,60,2,120,16,59.88
6480,test_10_12,enforcer,10,12,120,17,64.01
6481,test_15_8,enforcer,15,8,120,17,64.29
6482,test_20_6,enforcer,20,6,120,17,58.58
6483,test_30_4,enforcer,30,4,120,17,50.6
6484,test_60_2,enforcer,60,2,120,17,57.68
6485,test_10_12,enforcer,10,12,120,18,62.21
6486,test_15_8,enforcer,15,8,120,18,54.59
6487,test_20_6,enforcer,20,6,120,18,54.83
6488,test_30_4,enforcer,30,4,120,18,53.53
6489,test_60_2,enforcer,60,2,120,18,58.32
6490,test_10_12,enforcer,10,12,120,19,64.89
6491,test_15_8,enforcer,15,8,120,19,53.1
6492,test_20_6,enforcer,20,6,120,19,53.99
6493,test_30_4,enforcer,30,4,120,19,50.32
6494,test_60_2,enforcer,60,2,120,19,52.44
6495,test_10_12,enforcer,10,12,120,20,62.38
6496,test_15_8,enforcer,15,8,120,20,53.73
6497,test_20_6,enforcer,20,6,120,20,53.68
6498,test_30_4,enforcer,30,4,120,20,49.72
6499,test_60_2,enforcer,60,2,120,20,57.38
6500,test_10_12,enforcer,10,12,120,21,67.13
6501,test_15_8,enforcer,15,8,120,21,54.05
6502,test_20_6,enforcer,20,6,120,21,50.77
6503,test_30_4,enforcer,30,4,120,21,49.51
6504,test_60_2,enforcer,60,2,120,21,53.03
6505,test_10_12,enforcer,10,12,120,22,60.65
6506,test_15_8,enforcer,15,8,120,22,56.61
6507,test_20_6,enforcer,20,6,120,22,54.86
6508,test_30_4,enforcer,30,4,120,22,53.82
6509,test_60_2,enforcer,60,2,120,22,55.71
6510,test_10_12,enforcer,10,12,120,23,68.49
6511,test_15_8,enforcer,15,8,120,23,56.39
6512,test_20_6,enforcer,20,6,120,23,61.43
6513,test_30_4,enforcer,30,4,120,23,53.76
6514,test_60_2,enforcer,60,2,120,23,65.09
6515,test_10_12,enforcer,10,12,120,24,61.0
6516,test_15_8,enforcer,15,8,120,24,52.0
6517,test_20_6,enforcer,20,6,120,24,50.16
6518,test_30_4,enforcer,30,4,120,24,49.81
6519,test_60_2,enforcer,60,2,120,24,54.77
6520,test_10_12,enforcer,10,12,120,25,62.78
6521,test_15_8,enforcer,15,8,120,25,51.88
6522,test_20_6,enforcer,20,6,120,25,49.76
6523,test_30_4,enforcer,30,4,120,25,49.49
6524,test_60_2,enforcer,60,2,120,25,55.06
6525,test_10_12,enforcer,10,12,120,26,75.33
6526,test_15_8,enforcer,15,8,120,26,53.5
6527,test_20_6,enforcer,20,6,120,26,52.79
6528,test_30_4,enforcer,30,4,120,26,48.72
6529,test_60_2,enforcer,60,2,120,26,51.81
6530,test_10_12,enforcer,10,12,120,27,61.85
6531,test_15_8,enforcer,15,8,120,27,57.62
6532,test_20_6,enforcer,20,6,120,27,53.96
6533,test_30_4,enforcer,30,4,120,27,52.84
6534,test_60_2,enforcer,60,2,120,27,53.49
6535,test_10_12,enforcer,10,12,120,28,62.56
6536,test_15_8,enforcer,15,8,120,28,50.44
6537,test_20_6,enforcer,20,6,120,28,51.42
6538,test_30_4,enforcer,30,4,120,28,50.25
6539,test_60_2,enforcer,60,2,120,28,57.6
6540,test_10_12,enforcer,10,12,120,29,58.48
6541,test_15_8,enforcer,15,8,120,29,53.28
6542,test_20_6,enforcer,20,6,120,29,48.98
6543,test_30_4,enforcer,30,4,120,29,49.21
6544,test_60_2,enforcer,60,2,120,29,52.64
6545,test_10_12,enforcer,10,12,120,30,63.79
6546,test_15_8,enforcer,15,8,120,30,55.78
6547,test_20_6,enforcer,20,6,120,30,49.81
6548,test_30_4,enforcer,30,4,120,30,47.97
6549,test_60_2,enforcer,60,2,120,30,54.41
6550,test_10_12,enforcer,10,12,120,31,59.68
6551,test_15_8,enforcer,15,8,120,31,55.43
6552,test_20_6,enforcer,20,6,120,31,49.45
6553,test_30_4,enforcer,30,4,120,31,48.85
6554,test_60_2,enforcer,60,2,120,31,51.31
6555,test_10_12,enforcer,10,12,120,32,61.2
6556,test_15_8,enforcer,15,8,120,32,54.38
6557,test_20_6,enforcer,20,6,120,32,52.38
6558,test_30_4,enforcer,30,4,120,32,53.27
6559,test_60_2,enforcer,60,2,120,32,52.4
6560,test_10_12,enforcer,10,12,120,33,63.25
6561,test_15_8,enforcer,15,8,120,33,50.11
6562,test_20_6,enforcer,20,6,120,33,52.24
6563,test_30_4,enforcer,30,4,120,33,49.09
6564,test_60_2,enforcer,60,2,120,33,55.11
6565,test_10_12,enforcer,10,12,120,34,60.89
6566,test_15_8,enforcer,15,8,120,34,49.25
6567,test_20_6,enforcer,20,6,120,34,49.73
6568,test_30_4,enforcer,30,4,120,34,49.85
6569,test_60_2,enforcer,60,2,120,34,52.99
6570,test_10_12,enforcer,10,12,120,35,64.66
6571,test_15_8,enforcer,15,8,120,35,51.07
6572,test_20_6,enforcer,20,6,120,35,49.82
6573,test_30_4,enforcer,30,4,120,35,49.63
6574,test_60_2,enforcer,60,2,120,35,51.11
6575,test_10_12,enforcer,10,12,120,36,63.06
6576,test_15_8,enforcer,15,8,120,36,53.89
6577,test_20_6,enforcer,20,6,120,36,48.34
6578,test_30_4,enforcer,30,4,120,36,47.47
6579,test_60_2,enforcer,60,2,120,36,49.9
6580,test_10_12,enforcer,10,12,120,37,59.23
6581,test_15_8,enforcer,15,8,120,37,51.42
6582,test_20_6,enforcer,20,6,120,37,52.3
6583,test_30_4,enforcer,30,4,120,37,50.69
6584,test_60_2,enforcer,60,2,120,37,52.85
6585,test_10_12,enforcer,10,12,120,38,62.31
6586,test_15_8,enforcer,15,8,120,38,52.01
6587,test_20_6,enforcer,20,6,120,38,49.47
6588,test_30_4,enforcer,30,4,120,38,47.21
6589,test_60_2,enforcer,60,2,120,38,53.59
6590,test_10_12,enforcer,10,12,120,39,64.18
6591,test_15_8,enforcer,15,8,120,39,51.37
6592,test_20_6,enforcer,20,6,120,39,48.67
6593,test_30_4,enforcer,30,4,120,39,49.55
6594,test_60_2,enforcer,60,2,120,39,50.89
6595,test_10_12,enforcer,10,12,120,40,57.16
6596,test_15_8,enforcer,15,8,120,40,50.59
6597,test_20_6,enforcer,20,6,120,40,50.99
6598,test_30_4,enforcer,30,4,120,40,48.33
6599,test_60_2,enforcer,60,2,120,40,51.47
6600,test_10_12,enforcer,10,12,120,41,62.24
6601,test_15_8,enforcer,15,8,120,41,54.86
6602,test_20_6,enforcer,20,6,120,41,47.67
6603,test_30_4,enforcer,30,4,120,41,46.5
6604,test_60_2,enforcer,60,2,120,41,49.75
6605,test_10_12,enforcer,10,12,120,42,60.91
6606,test_15_8,enforcer,15,8,120,42,50.33
6607,test_20_6,enforcer,20,6,120,42,52.07
6608,test_30_4,enforcer,30,4,120,42,50.29
6609,test_60_2,enforcer,60,2,120,42,50.88
6610,test_10_12,enforcer,10,12,120,43,58.8
6611,test_15_8,enforcer,15,8,120,43,59.65
6612,test_20_6,enforcer,20,6,120,43,49.99
6613,test_30_4,enforcer,30,4,120,43,55.39
6614,test_60_2,enforcer,60,2,120,43,54.97
6615,test_10_12,enforcer,10,12,120,44,64.87
6616,test_15_8,enforcer,15,8,120,44,50.55
6617,test_20_6,enforcer,20,6,120,44,49.45
6618,test_30_4,enforcer,30,4,120,44,55.32
6619,test_60_2,enforcer,60,2,120,44,50.61
6620,test_10_12,enforcer,10,12,120,45,58.83
6621,test_15_8,enforcer,15,8,120,45,51.01
6622,test_20_6,enforcer,20,6,120,45,51.43
6623,test_30_4,enforcer,30,4,120,45,47.9
6624,test_60_2,enforcer,60,2,120,45,50.92
6625,test_10_12,enforcer,10,12,120,46,62.18
6626,test_15_8,enforcer,15,8,120,46,55.87
6627,test_20_6,enforcer,20,6,120,46,52.51
6628,test_30_4,enforcer,30,4,120,46,51.96
6629,test_60_2,enforcer,60,2,120,46,52.08
6630,test_10_12,enforcer,10,12,120,47,63.39
6631,test_15_8,enforcer,15,8,120,47,50.24
6632,test_20_6,enforcer,20,6,120,47,50.69
6633,test_30_4,enforcer,30,4,120,47,54.49
6634,test_60_2,enforcer,60,2,120,47,51.62
6635,test_10_12,enforcer,10,12,120,48,63.47
6636,test_15_8,enforcer,15,8,120,48,51.0
6637,test_20_6,enforcer,20,6,120,48,53.83
6638,test_30_4,enforcer,30,4,120,48,52.73
6639,test_60_2,enforcer,60,2,120,48,58.78
6640,test_10_12,enforcer,10,12,120,49,61.6
6641,test_15_8,enforcer,15,8,120,49,49.44
6642,test_20_6,enforcer,20,6,120,49,47.6
6643,test_30_4,enforcer,30,4,120,49,46.58
6644,test_60_2,enforcer,60,2,120,49,50.67
6645,test_10_12,enforcer,10,12,120,50,63.87
6646,test_15_8,enforcer,15,8,120,50,50.1
6647,test_20_6,enforcer,20,6,120,50,47.49
6648,test_30_4,enforcer,30,4,120,50,46.26
6649,test_60_2,enforcer,60,2,120,50,48.19
6650,test_10_14,enforcer,10,14,140,1,302.73
6651,test_35_4,enforcer,35,4,140,1,225.91
6652,test_10_14,enforcer,10,14,140,2,137.13
6653,test_35_4,enforcer,35,4,140,2,112.71
6654,test_10_14,enforcer,10,14,140,3,147.66
6655,test_35_4,enforcer,35,4,140,3,127.94
6656,test_10_14,enforcer,10,14,140,4,142.66
6657,test_35_4,enforcer,35,4,140,4,114.43
6658,test_10_14,enforcer,10,14,140,5,128.44
6659,test_35_4,enforcer,35,4,140,5,99.56
6660,test_10_14,enforcer,10,14,140,6,99.79
6661,test_35_4,enforcer,35,4,140,6,82.2
6662,test_10_14,enforcer,10,14,140,7,89.86
6663,test_35_4,enforcer,35,4,140,7,67.86
6664,test_10_14,enforcer,10,14,140,8,89.7
6665,test_35_4,enforcer,35,4,140,8,65.36
6666,test_10_14,enforcer,10,14,140,9,88.87
6667,test_35_4,enforcer,35,4,140,9,69.43
6668,test_10_14,enforcer,10,14,140,10,88.52
6669,test_35_4,enforcer,35,4,140,10,65.45
6670,test_10_14,enforcer,10,14,140,11,84.53
6671,test_35_4,enforcer,35,4,140,11,62.31
6672,test_10_14,enforcer,10,14,140,12,90.53
6673,test_35_4,enforcer,35,4,140,12,62.88
6674,test_10_14,enforcer,10,14,140,13,86.28
6675,test_35_4,enforcer,35,4,140,13,63.91
6676,test_10_14,enforcer,10,14,140,14,86.0
6677,test_35_4,enforcer,35,4,140,14,63.02
6678,test_10_14,enforcer,10,14,140,15,96.42
6679,test_35_4,enforcer,35,4,140,15,60.36
6680,test_10_14,enforcer,10,14,140,16,89.83
6681,test_35_4,enforcer,35,4,140,16,66.22
6682,test_10_14,enforcer,10,14,140,17,85.0
6683,test_35_4,enforcer,35,4,140,17,58.51
6684,test_10_14,enforcer,10,14,140,18,83.45
6685,test_35_4,enforcer,35,4,140,18,58.13
6686,test_10_14,enforcer,10,14,140,19,91.23
6687,test_35_4,enforcer,35,4,140,19,60.23
6688,test_10_14,enforcer,10,14,140,20,84.25
6689,test_35_4,enforcer,35,4,140,20,64.32
6690,test_10_14,enforcer,10,14,140,21,77.07
6691,test_35_4,enforcer,35,4,140,21,58.23
6692,test_10_14,enforcer,10,14,140,22,86.65
6693,test_35_4,enforcer,35,4,140,22,60.46
6694,test_10_14,enforcer,10,14,140,23,105.42
6695,test_35_4,enforcer,35,4,140,23,58.36
6696,test_10_14,enforcer,10,14,140,24,96.71
6697,test_35_4,enforcer,35,4,140,24,61.57
6698,test_10_14,enforcer,10,14,140,25,82.23
6699,test_35_4,enforcer,35,4,140,25,57.57
6700,test_10_14,enforcer,10,14,140,26,77.92
6701,test_35_4,enforcer,35,4,140,26,59.8
6702,test_10_14,enforcer,10,14,140,27,86.76
6703,test_35_4,enforcer,35,4,140,27,64.84
6704,test_10_14,enforcer,10,14,140,28,80.88
6705,test_35_4,enforcer,35,4,140,28,63.63
6706,test_10_14,enforcer,10,14,140,29,78.39
6707,test_35_4,enforcer,35,4,140,29,58.12
6708,test_10_14,enforcer,10,14,140,30,78.83
6709,test_35_4,enforcer,35,4,140,30,58.77
6710,test_10_14,enforcer,10,14,140,31,86.78
6711,test_35_4,enforcer,35,4,140,31,63.26
6712,test_10_14,enforcer,10,14,140,32,80.33
6713,test_35_4,enforcer,35,4,140,32,61.49
6714,test_10_14,enforcer,10,14,140,33,76.34
6715,test_35_4,enforcer,35,4,140,33,61.59
6716,test_10_14,enforcer,10,14,140,34,77.85
6717,test_35_4,enforcer,35,4,140,34,64.66
6718,test_10_14,enforcer,10,14,140,35,83.23
6719,test_35_4,enforcer,35,4,140,35,58.0
6720,test_10_14,enforcer,10,14,140,36,76.19
6721,test_35_4,enforcer,35,4,140,36,56.09
6722,test_10_14,enforcer,10,14,140,37,77.37
6723,test_35_4,enforcer,35,4,140,37,56.66
6724,test_10_14,enforcer,10,14,140,38,76.54
6725,test_35_4,enforcer,35,4,140,38,61.15
6726,test_10_14,enforcer,10,14,140,39,84.16
6727,test_35_4,enforcer,35,4,140,39,59.54
6728,test_10_14,enforcer,10,14,140,40,75.53
6729,test_35_4,enforcer,35,4,140,40,59.0
6730,test_10_14,enforcer,10,14,140,41,78.57
6731,test_35_4,enforcer,35,4,140,41,56.27
6732,test_10_14,enforcer,10,14,140,42,81.78
6733,test_35_4,enforcer,35,4,140,42,76.04
6734,test_10_14,enforcer,10,14,140,43,82.83
6735,test_35_4,enforcer,35,4,140,43,72.1
6736,test_10_14,enforcer,10,14,140,44,77.4
6737,test_35_4,enforcer,35,4,140,44,57.58
6738,test_10_14,enforcer,10,14,140,45,76.92
6739,test_35_4,enforcer,35,4,140,45,58.3
6740,test_10_14,enforcer,10,14,140,46,81.31
6741,test_35_4,enforcer,35,4,140,46,59.65
6742,test_10_14,enforcer,10,14,140,47,82.72
6743,test_35_4,enforcer,35,4,140,47,56.21
6744,test_10_14,enforcer,10,14,140,48,77.06
6745,test_35_4,enforcer,35,4,140,48,60.21
6746,test_10_14,enforcer,10,14,140,49,74.41
6747,test_35_4,enforcer,35,4,140,49,57.44
6748,test_10_14,enforcer,10,14,140,50,73.77
6749,test_35_4,enforcer,35,4,140,50,58.27
6750,test_15_10,enforcer,15,10,150,1,298.1
6751,test_25_6,enforcer,25,6,150,1,255.04
6752,test_15_10,enforcer,15,10,150,2,154.79
6753,test_25_6,enforcer,25,6,150,2,148.17
6754,test_15_10,enforcer,15,10,150,3,151.84
6755,test_25_6,enforcer,25,6,150,3,132.1
6756,test_15_10,enforcer,15,10,150,4,141.31
6757,test_25_6,enforcer,25,6,150,4,130.03
6758,test_15_10,enforcer,15,10,150,5,104.74
6759,test_25_6,enforcer,25,6,150,5,107.71
6760,test_15_10,enforcer,15,10,150,6,88.46
6761,test_25_6,enforcer,25,6,150,6,77.05
6762,test_15_10,enforcer,15,10,150,7,92.3
6763,test_25_6,enforcer,25,6,150,7,82.26
6764,test_15_10,enforcer,15,10,150,8,93.52
6765,test_25_6,enforcer,25,6,150,8,82.0
6766,test_15_10,enforcer,15,10,150,9,87.93
6767,test_25_6,enforcer,25,6,150,9,77.07
6768,test_15_10,enforcer,15,10,150,10,80.39
6769,test_25_6,enforcer,25,6,150,10,69.62
6770,test_15_10,enforcer,15,10,150,11,84.64
6771,test_25_6,enforcer,25,6,150,11,74.1
6772,test_15_10,enforcer,15,10,150,12,82.92
6773,test_25_6,enforcer,25,6,150,12,69.26
6774,test_15_10,enforcer,15,10,150,13,77.56
6775,test_25_6,enforcer,25,6,150,13,69.03
6776,test_15_10,enforcer,15,10,150,14,82.47
6777,test_25_6,enforcer,25,6,150,14,72.17
6778,test_15_10,enforcer,15,10,150,15,84.07
6779,test_25_6,enforcer,25,6,150,15,71.74
6780,test_15_10,enforcer,15,10,150,16,78.22
6781,test_25_6,enforcer,25,6,150,16,70.79
6782,test_15_10,enforcer,15,10,150,17,84.85
6783,test_25_6,enforcer,25,6,150,17,68.18
6784,test_15_10,enforcer,15,10,150,18,78.67
6785,test_25_6,enforcer,25,6,150,18,88.68
6786,test_15_10,enforcer,15,10,150,19,80.83
6787,test_25_6,enforcer,25,6,150,19,81.69
6788,test_15_10,enforcer,15,10,150,20,81.27
6789,test_25_6,enforcer,25,6,150,20,65.87
6790,test_15_10,enforcer,15,10,150,21,77.76
6791,test_25_6,enforcer,25,6,150,21,65.68
6792,test_15_10,enforcer,15,10,150,22,82.64
6793,test_25_6,enforcer,25,6,150,22,71.3
6794,test_15_10,enforcer,15,10,150,23,75.41
6795,test_25_6,enforcer,25,6,150,23,65.44
6796,test_15_10,enforcer,15,10,150,24,84.82
6797,test_25_6,enforcer,25,6,150,24,71.38
6798,test_15_10,enforcer,15,10,150,25,75.61
6799,test_25_6,enforcer,25,6,150,25,72.67
6800,test_15_10,enforcer,15,10,150,26,79.47
6801,test_25_6,enforcer,25,6,150,26,65.48
6802,test_15_10,enforcer,15,10,150,27,81.16
6803,test_25_6,enforcer,25,6,150,27,65.81
6804,test_15_10,enforcer,15,10,150,28,82.33
6805,test_25_6,enforcer,25,6,150,28,66.32
6806,test_15_10,enforcer,15,10,150,29,83.95
6807,test_25_6,enforcer,25,6,150,29,68.83
6808,test_15_10,enforcer,15,10,150,30,94.17
6809,test_25_6,enforcer,25,6,150,30,66.85
6810,test_15_10,enforcer,15,10,150,31,101.97
6811,test_25_6,enforcer,25,6,150,31,64.57
6812,test_15_10,enforcer,15,10,150,32,74.33
6813,test_25_6,enforcer,25,6,150,32,64.06
6814,test_15_10,enforcer,15,10,150,33,73.23
6815,test_25_6,enforcer,25,6,150,33,68.67
6816,test_15_10,enforcer,15,10,150,34,82.16
6817,test_25_6,enforcer,25,6,150,34,64.31
6818,test_15_10,enforcer,15,10,150,35,72.55
6819,test_25_6,enforcer,25,6,150,35,67.13
6820,test_15_10,enforcer,15,10,150,36,74.21
6821,test_25_6,enforcer,25,6,150,36,65.33
6822,test_15_10,enforcer,15,10,150,37,73.8
6823,test_25_6,enforcer,25,6,150,37,68.72
6824,test_15_10,enforcer,15,10,150,38,78.07
6825,test_25_6,enforcer,25,6,150,38,65.62
6826,test_15_10,enforcer,15,10,150,39,73.65
6827,test_25_6,enforcer,25,6,150,39,63.95
6828,test_15_10,enforcer,15,10,150,40,74.99
6829,test_25_6,enforcer,25,6,150,40,65.48
6830,test_15_10,enforcer,15,10,150,41,76.22
6831,test_25_6,enforcer,25,6,150,41,69.62
6832,test_15_10,enforcer,15,10,150,42,71.31
6833,test_25_6,enforcer,25,6,150,42,63.52
6834,test_15_10,enforcer,15,10,150,43,72.02
6835,test_25_6,enforcer,25,6,150,43,66.12
6836,test_15_10,enforcer,15,10,150,44,75.9
6837,test_25_6,enforcer,25,6,150,44,63.17
6838,test_15_10,enforcer,15,10,150,45,75.64
6839,test_25_6,enforcer,25,6,150,45,67.92
6840,test_15_10,enforcer,15,10,150,46,74.98
6841,test_25_6,enforcer,25,6,150,46,63.89
6842,test_15_10,enforcer,15,10,150,47,73.5
6843,test_25_6,enforcer,25,6,150,47,65.12
6844,test_15_10,enforcer,15,10,150,48,73.5
6845,test_25_6,enforcer,25,6,150,48,62.57
6846,test_15_10,enforcer,15,10,150,49,74.5
6847,test_25_6,enforcer,25,6,150,49,66.28
6848,test_15_10,enforcer,15,10,150,50,71.05
6849,test_25_6,enforcer,25,6,150,50,64.07
6850,test_10_16,enforcer,10,16,160,1,396.65
6851,test_20_8,enforcer,20,8,160,1,284.31
6852,test_40_4,enforcer,40,4,160,1,256.57
6853,test_10_16,enforcer,10,16,160,2,195.68
6854,test_20_8,enforcer,20,8,160,2,157.24
6855,test_40_4,enforcer,40,4,160,2,142.87
6856,test_10_16,enforcer,10,16,160,3,161.36
6857,test_20_8,enforcer,20,8,160,3,157.96
6858,test_40_4,enforcer,40,4,160,3,133.27
6859,test_10_16,enforcer,10,16,160,4,119.81
6860,test_20_8,enforcer,20,8,160,4,133.02
6861,test_40_4,enforcer,40,4,160,4,122.37
6862,test_10_16,enforcer,10,16,160,5,104.6
6863,test_20_8,enforcer,20,8,160,5,97.92
6864,test_40_4,enforcer,40,4,160,5,115.72
6865,test_10_16,enforcer,10,16,160,6,106.12
6866,test_20_8,enforcer,20,8,160,6,96.44
6867,test_40_4,enforcer,40,4,160,6,83.69
6868,test_10_16,enforcer,10,16,160,7,110.58
6869,test_20_8,enforcer,20,8,160,7,98.84
6870,test_40_4,enforcer,40,4,160,7,90.83
6871,test_10_16,enforcer,10,16,160,8,110.64
6872,test_20_8,enforcer,20,8,160,8,98.51
6873,test_40_4,enforcer,40,4,160,8,84.19
6874,test_10_16,enforcer,10,16,160,9,106.57
6875,test_20_8,enforcer,20,8,160,9,90.66
6876,test_40_4,enforcer,40,4,160,9,77.4
6877,test_10_16,enforcer,10,16,160,10,102.58
6878,test_20_8,enforcer,20,8,160,10,89.33
6879,test_40_4,enforcer,40,4,160,10,75.24
6880,test_10_16,enforcer,10,16,160,11,100.16
6881,test_20_8,enforcer,20,8,160,11,82.28
6882,test_40_4,enforcer,40,4,160,11,76.88
6883,test_10_16,enforcer,10,16,160,12,99.51
6884,test_20_8,enforcer,20,8,160,12,82.47
6885,test_40_4,enforcer,40,4,160,12,74.24
6886,test_10_16,enforcer,10,16,160,13,100.38
6887,test_20_8,enforcer,20,8,160,13,84.01
6888,test_40_4,enforcer,40,4,160,13,75.67
6889,test_10_16,enforcer,10,16,160,14,100.99
6890,test_20_8,enforcer,20,8,160,14,80.27
6891,test_40_4,enforcer,40,4,160,14,77.49
6892,test_10_16,enforcer,10,16,160,15,99.45
6893,test_20_8,enforcer,20,8,160,15,77.69
6894,test_40_4,enforcer,40,4,160,15,72.61
6895,test_10_16,enforcer,10,16,160,16,103.17
6896,test_20_8,enforcer,20,8,160,16,105.99
6897,test_40_4,enforcer,40,4,160,16,75.5
6898,test_10_16,enforcer,10,16,160,17,97.82
6899,test_20_8,enforcer,20,8,160,17,98.89
6900,test_40_4,enforcer,40,4,160,17,76.92
6901,test_10_16,enforcer,10,16,160,18,96.22
6902,test_20_8,enforcer,20,8,160,18,78.98
6903,test_40_4,enforcer,40,4,160,18,72.95
6904,test_10_16,enforcer,10,16,160,19,98.61
6905,test_20_8,enforcer,20,8,160,19,83.6
6906,test_40_4,enforcer,40,4,160,19,76.04
6907,test_10_16,enforcer,10,16,160,20,94.31
6908,test_20_8,enforcer,20,8,160,20,82.08
6909,test_40_4,enforcer,40,4,160,20,74.29
6910,test_10_16,enforcer,10,16,160,21,98.47
6911,test_20_8,enforcer,20,8,160,21,83.96
6912,test_40_4,enforcer,40,4,160,21,71.05
6913,test_10_16,enforcer,10,16,160,22,97.0
6914,test_20_8,enforcer,20,8,160,22,80.25
6915,test_40_4,enforcer,40,4,160,22,71.4
6916,test_10_16,enforcer,10,16,160,23,93.2
6917,test_20_8,enforcer,20,8,160,23,83.84
6918,test_40_4,enforcer,40,4,160,23,78.61
6919,test_10_16,enforcer,10,16,160,24,99.72
6920,test_20_8,enforcer,20,8,160,24,80.05
6921,test_40_4,enforcer,40,4,160,24,68.34
6922,test_10_16,enforcer,10,16,160,25,92.91
6923,test_20_8,enforcer,20,8,160,25,76.76
6924,test_40_4,enforcer,40,4,160,25,69.27
6925,test_10_16,enforcer,10,16,160,26,96.0
6926,test_20_8,enforcer,20,8,160,26,89.51
6927,test_40_4,enforcer,40,4,160,26,75.44
6928,test_10_16,enforcer,10,16,160,27,97.41
6929,test_20_8,enforcer,20,8,160,27,80.88
6930,test_40_4,enforcer,40,4,160,27,69.24
6931,test_10_16,enforcer,10,16,160,28,92.81
6932,test_20_8,enforcer,20,8,160,28,83.55
6933,test_40_4,enforcer,40,4,160,28,68.98
6934,test_10_16,enforcer,10,16,160,29,95.94
6935,test_20_8,enforcer,20,8,160,29,82.62
6936,test_40_4,enforcer,40,4,160,29,96.86
6937,test_10_16,enforcer,10,16,160,30,97.11
6938,test_20_8,enforcer,20,8,160,30,88.43
6939,test_40_4,enforcer,40,4,160,30,84.03
6940,test_10_16,enforcer,10,16,160,31,94.03
6941,test_20_8,enforcer,20,8,160,31,77.97
6942,test_40_4,enforcer,40,4,160,31,68.78
6943,test_10_16,enforcer,10,16,160,32,95.53
6944,test_20_8,enforcer,20,8,160,32,80.51
6945,test_40_4,enforcer,40,4,160,32,74.02
6946,test_10_16,enforcer,10,16,160,33,94.34
6947,test_20_8,enforcer,20,8,160,33,84.84
6948,test_40_4,enforcer,40,4,160,33,68.54
6949,test_10_16,enforcer,10,16,160,34,97.65
6950,test_20_8,enforcer,20,8,160,34,79.87
6951,test_40_4,enforcer,40,4,160,34,69.89
6952,test_10_16,enforcer,10,16,160,35,95.12
6953,test_20_8,enforcer,20,8,160,35,80.13
6954,test_40_4,enforcer,40,4,160,35,71.98
6955,test_10_16,enforcer,10,16,160,36,95.38
6956,test_20_8,enforcer,20,8,160,36,81.79
6957,test_40_4,enforcer,40,4,160,36,71.19
6958,test_10_16,enforcer,10,16,160,37,91.83
6959,test_20_8,enforcer,20,8,160,37,106.51
6960,test_40_4,enforcer,40,4,160,37,70.79
6961,test_10_16,enforcer,10,16,160,38,95.76
6962,test_20_8,enforcer,20,8,160,38,95.3
6963,test_40_4,enforcer,40,4,160,38,71.55
6964,test_10_16,enforcer,10,16,160,39,93.75
6965,test_20_8,enforcer,20,8,160,39,75.87
6966,test_40_4,enforcer,40,4,160,39,74.75
6967,test_10_16,enforcer,10,16,160,40,91.09
6968,test_20_8,enforcer,20,8,160,40,77.19
6969,test_40_4,enforcer,40,4,160,40,71.29
6970,test_10_16,enforcer,10,16,160,41,94.8
6971,test_20_8,enforcer,20,8,160,41,81.5
6972,test_40_4,enforcer,40,4,160,41,72.55
6973,test_10_16,enforcer,10,16,160,42,90.96
6974,test_20_8,enforcer,20,8,160,42,74.6
6975,test_40_4,enforcer,40,4,160,42,70.31
6976,test_10_16,enforcer,10,16,160,43,95.03
6977,test_20_8,enforcer,20,8,160,43,75.15
6978,test_40_4,enforcer,40,4,160,43,71.82
6979,test_10_16,enforcer,10,16,160,44,93.17
6980,test_20_8,enforcer,20,8,160,44,77.33
6981,test_40_4,enforcer,40,4,160,44,68.64
6982,test_10_16,enforcer,10,16,160,45,98.36
6983,test_20_8,enforcer,20,8,160,45,78.8
6984,test_40_4,enforcer,40,4,160,45,71.44
6985,test_10_16,enforcer,10,16,160,46,95.65
6986,test_20_8,enforcer,20,8,160,46,73.74
6987,test_40_4,enforcer,40,4,160,46,72.29
6988,test_10_16,enforcer,10,16,160,47,92.06
6989,test_20_8,enforcer,20,8,160,47,74.48
6990,test_40_4,enforcer,40,4,160,47,67.39
6991,test_10_16,enforcer,10,16,160,48,90.96
6992,test_20_8,enforcer,20,8,160,48,74.4
6993,test_40_4,enforcer,40,4,160,48,68.74
6994,test_10_16,enforcer,10,16,160,49,93.81
6995,test_20_8,enforcer,20,8,160,49,80.61
6996,test_40_4,enforcer,40,4,160,49,69.59
6997,test_10_16,enforcer,10,16,160,50,89.78
6998,test_20_8,enforcer,20,8,160,50,73.67
6999,test_40_4,enforcer,40,4,160,50,69.94
7000,test_10_18,enforcer,10,18,180,1,483.07
7001,test_15_12,enforcer,15,12,180,1,337.46
7002,test_30_6,enforcer,30,6,180,1,293.66
7003,test_45_4,enforcer,45,4,180,1,279.08
7004,test_10_18,enforcer,10,18,180,2,220.26
7005,test_15_12,enforcer,15,12,180,2,193.73
7006,test_30_6,enforcer,30,6,180,2,181.18
7007,test_45_4,enforcer,45,4,180,2,153.64
7008,test_10_18,enforcer,10,18,180,3,167.19
7009,test_15_12,enforcer,15,12,180,3,185.54
7010,test_30_6,enforcer,30,6,180,3,173.45
7011,test_45_4,enforcer,45,4,180,3,166.19
7012,test_10_18,enforcer,10,18,180,4,140.79
7013,test_15_12,enforcer,15,12,180,4,156.2
7014,test_30_6,enforcer,30,6,180,4,147.17
7015,test_45_4,enforcer,45,4,180,4,144.48
7016,test_10_18,enforcer,10,18,180,5,132.33
7017,test_15_12,enforcer,15,12,180,5,119.24
7018,test_30_6,enforcer,30,6,180,5,109.22
7019,test_45_4,enforcer,45,4,180,5,96.61
7020,test_10_18,enforcer,10,18,180,6,141.74
7021,test_15_12,enforcer,15,12,180,6,108.52
7022,test_30_6,enforcer,30,6,180,6,93.97
7023,test_45_4,enforcer,45,4,180,6,100.85
7024,test_10_18,enforcer,10,18,180,7,128.62
7025,test_15_12,enforcer,15,12,180,7,107.85
7026,test_30_6,enforcer,30,6,180,7,99.91
7027,test_45_4,enforcer,45,4,180,7,103.52
7028,test_10_18,enforcer,10,18,180,8,132.91
7029,test_15_12,enforcer,15,12,180,8,108.79
7030,test_30_6,enforcer,30,6,180,8,92.87
7031,test_45_4,enforcer,45,4,180,8,94.05
7032,test_10_18,enforcer,10,18,180,9,130.85
7033,test_15_12,enforcer,15,12,180,9,112.45
7034,test_30_6,enforcer,30,6,180,9,95.53
7035,test_45_4,enforcer,45,4,180,9,90.02
7036,test_10_18,enforcer,10,18,180,10,123.97
7037,test_15_12,enforcer,15,12,180,10,104.25
7038,test_30_6,enforcer,30,6,180,10,89.53
7039,test_45_4,enforcer,45,4,180,10,90.63
7040,test_10_18,enforcer,10,18,180,11,130.07
7041,test_15_12,enforcer,15,12,180,11,104.84
7042,test_30_6,enforcer,30,6,180,11,88.22
7043,test_45_4,enforcer,45,4,180,11,88.13
7044,test_10_18,enforcer,10,18,180,12,122.49
7045,test_15_12,enforcer,15,12,180,12,96.17
7046,test_30_6,enforcer,30,6,180,12,87.33
7047,test_45_4,enforcer,45,4,180,12,93.96
7048,test_10_18,enforcer,10,18,180,13,127.63
7049,test_15_12,enforcer,15,12,180,13,106.89
7050,test_30_6,enforcer,30,6,180,13,85.8
7051,test_45_4,enforcer,45,4,180,13,85.63
7052,test_10_18,enforcer,10,18,180,14,121.14
7053,test_15_12,enforcer,15,12,180,14,101.8
7054,test_30_6,enforcer,30,6,180,14,92.34
7055,test_45_4,enforcer,45,4,180,14,92.49
7056,test_10_18,enforcer,10,18,180,15,142.04
7057,test_15_12,enforcer,15,12,180,15,100.5
7058,test_30_6,enforcer,30,6,180,15,86.2
7059,test_45_4,enforcer,45,4,180,15,88.63
7060,test_10_18,enforcer,10,18,180,16,157.77
7061,test_15_12,enforcer,15,12,180,16,127.3
7062,test_30_6,enforcer,30,6,180,16,105.58
7063,test_45_4,enforcer,45,4,180,16,95.15
7064,test_10_18,enforcer,10,18,180,17,120.97
7065,test_15_12,enforcer,15,12,180,17,96.66
7066,test_30_6,enforcer,30,6,180,17,112.47
7067,test_45_4,enforcer,45,4,180,17,119.24
7068,test_10_18,enforcer,10,18,180,18,128.77
7069,test_15_12,enforcer,15,12,180,18,102.28
7070,test_30_6,enforcer,30,6,180,18,84.39
7071,test_45_4,enforcer,45,4,180,18,93.41
7072,test_10_18,enforcer,10,18,180,19,122.04
7073,test_15_12,enforcer,15,12,180,19,94.72
7074,test_30_6,enforcer,30,6,180,19,90.56
7075,test_45_4,enforcer,45,4,180,19,81.18
7076,test_10_18,enforcer,10,18,180,20,118.93
7077,test_15_12,enforcer,15,12,180,20,91.38
7078,test_30_6,enforcer,30,6,180,20,84.31
7079,test_45_4,enforcer,45,4,180,20,84.98
7080,test_10_18,enforcer,10,18,180,21,122.32
7081,test_15_12,enforcer,15,12,180,21,97.62
7082,test_30_6,enforcer,30,6,180,21,90.58
7083,test_45_4,enforcer,45,4,180,21,85.58
7084,test_10_18,enforcer,10,18,180,22,114.96
7085,test_15_12,enforcer,15,12,180,22,95.96
7086,test_30_6,enforcer,30,6,180,22,91.37
7087,test_45_4,enforcer,45,4,180,22,80.81
7088,test_10_18,enforcer,10,18,180,23,125.88
7089,test_15_12,enforcer,15,12,180,23,95.06
7090,test_30_6,enforcer,30,6,180,23,83.64
7091,test_45_4,enforcer,45,4,180,23,84.45
7092,test_10_18,enforcer,10,18,180,24,121.39
7093,test_15_12,enforcer,15,12,180,24,100.6
7094,test_30_6,enforcer,30,6,180,24,86.16
7095,test_45_4,enforcer,45,4,180,24,83.98
7096,test_10_18,enforcer,10,18,180,25,117.38
7097,test_15_12,enforcer,15,12,180,25,90.98
7098,test_30_6,enforcer,30,6,180,25,88.33
7099,test_45_4,enforcer,45,4,180,25,84.27
7100,test_10_18,enforcer,10,18,180,26,116.92
7101,test_15_12,enforcer,15,12,180,26,95.6
7102,test_30_6,enforcer,30,6,180,26,86.29
7103,test_45_4,enforcer,45,4,180,26,85.64
7104,test_10_18,enforcer,10,18,180,27,120.82
7105,test_15_12,enforcer,15,12,180,27,96.55
7106,test_30_6,enforcer,30,6,180,27,85.24
7107,test_45_4,enforcer,45,4,180,27,82.58
7108,test_10_18,enforcer,10,18,180,28,117.01
7109,test_15_12,enforcer,15,12,180,28,93.61
7110,test_30_6,enforcer,30,6,180,28,85.88
7111,test_45_4,enforcer,45,4,180,28,80.27
7112,test_10_18,enforcer,10,18,180,29,115.21
7113,test_15_12,enforcer,15,12,180,29,92.23
7114,test_30_6,enforcer,30,6,180,29,83.34
7115,test_45_4,enforcer,45,4,180,29,84.61
7116,test_10_18,enforcer,10,18,180,30,115.0
7117,test_15_12,enforcer,15,12,180,30,93.91
7118,test_30_6,enforcer,30,6,180,30,82.73
7119,test_45_4,enforcer,45,4,180,30,83.4
7120,test_10_18,enforcer,10,18,180,31,115.0
7121,test_15_12,enforcer,15,12,180,31,92.35
7122,test_30_6,enforcer,30,6,180,31,87.32
7123,test_45_4,enforcer,45,4,180,31,81.3
7124,test_10_18,enforcer,10,18,180,32,118.39
7125,test_15_12,enforcer,15,12,180,32,93.45
7126,test_30_6,enforcer,30,6,180,32,82.67
7127,test_45_4,enforcer,45,4,180,32,82.26
7128,test_10_18,enforcer,10,18,180,33,122.07
7129,test_15_12,enforcer,15,12,180,33,96.5
7130,test_30_6,enforcer,30,6,180,33,86.55
7131,test_45_4,enforcer,45,4,180,33,79.8
7132,test_10_18,enforcer,10,18,180,34,118.34
7133,test_15_12,enforcer,15,12,180,34,94.02
7134,test_30_6,enforcer,30,6,180,34,81.72
7135,test_45_4,enforcer,45,4,180,34,81.89
7136,test_10_18,enforcer,10,18,180,35,116.95
7137,test_15_12,enforcer,15,12,180,35,100.41
7138,test_30_6,enforcer,30,6,180,35,83.38
7139,test_45_4,enforcer,45,4,180,35,82.49
7140,test_10_18,enforcer,10,18,180,36,120.41
7141,test_15_12,enforcer,15,12,180,36,93.73
7142,test_30_6,enforcer,30,6,180,36,84.49
7143,test_45_4,enforcer,45,4,180,36,81.84
7144,test_10_18,enforcer,10,18,180,37,123.34
7145,test_15_12,enforcer,15,12,180,37,93.43
7146,test_30_6,enforcer,30,6,180,37,84.08
7147,test_45_4,enforcer,45,4,180,37,82.94
7148,test_10_18,enforcer,10,18,180,38,120.39
7149,test_15_12,enforcer,15,12,180,38,98.05
7150,test_30_6,enforcer,30,6,180,38,90.36
7151,test_45_4,enforcer,45,4,180,38,85.84
7152,test_10_18,enforcer,10,18,180,39,120.3
7153,test_15_12,enforcer,15,12,180,39,94.39
7154,test_30_6,enforcer,30,6,180,39,89.87
7155,test_45_4,enforcer,45,4,180,39,81.98
7156,test_10_18,enforcer,10,18,180,40,113.73
7157,test_15_12,enforcer,15,12,180,40,89.6
7158,test_30_6,enforcer,30,6,180,40,81.91
7159,test_45_4,enforcer,45,4,180,40,80.54
7160,test_10_18,enforcer,10,18,180,41,114.58
7161,test_15_12,enforcer,15,12,180,41,92.17
7162,test_30_6,enforcer,30,6,180,41,80.84
7163,test_45_4,enforcer,45,4,180,41,84.08
7164,test_10_18,enforcer,10,18,180,42,117.14
7165,test_15_12,enforcer,15,12,180,42,90.42
7166,test_30_6,enforcer,30,6,180,42,82.91
7167,test_45_4,enforcer,45,4,180,42,79.18
7168,test_10_18,enforcer,10,18,180,43,115.17
7169,test_15_12,enforcer,15,12,180,43,91.21
7170,test_30_6,enforcer,30,6,180,43,83.51
7171,test_45_4,enforcer,45,4,180,43,79.08
7172,test_10_18,enforcer,10,18,180,44,124.37
7173,test_15_12,enforcer,15,12,180,44,93.24
7174,test_30_6,enforcer,30,6,180,44,84.26
7175,test_45_4,enforcer,45,4,180,44,81.16
7176,test_10_18,enforcer,10,18,180,45,127.89
7177,test_15_12,enforcer,15,12,180,45,90.06
7178,test_30_6,enforcer,30,6,180,45,84.24
7179,test_45_4,enforcer,45,4,180,45,77.51
7180,test_10_18,enforcer,10,18,180,46,114.4
7181,test_15_12,enforcer,15,12,180,46,91.43
7182,test_30_6,enforcer,30,6,180,46,82.35
7183,test_45_4,enforcer,45,4,180,46,78.01
7184,test_10_18,enforcer,10,18,180,47,113.4
7185,test_15_12,enforcer,15,12,180,47,92.83
7186,test_30_6,enforcer,30,6,180,47,81.56
7187,test_45_4,enforcer,45,4,180,47,81.35
7188,test_10_18,enforcer,10,18,180,48,124.81
7189,test_15_12,enforcer,15,12,180,48,89.06
7190,test_30_6,enforcer,30,6,180,48,83.38
7191,test_45_4,enforcer,45,4,180,48,80.02
7192,test_10_18,enforcer,10,18,180,49,116.53
7193,test_15_12,enforcer,15,12,180,49,91.65
7194,test_30_6,enforcer,30,6,180,49,79.33
7195,test_45_4,enforcer,45,4,180,49,81.05
7196,test_10_18,enforcer,10,18,180,50,121.27
7197,test_15_12,enforcer,15,12,180,50,89.58
7198,test_30_6,enforcer,30,6,180,50,80.55
7199,test_45_4,enforcer,45,4,180,50,82.0
7200,test_10_20,enforcer,10,20,200,1,577.22
7201,test_20_10,enforcer,20,10,200,1,356.93
7202,test_25_8,enforcer,25,8,200,1,306.76
7203,test_50_4,enforcer,50,4,200,1,312.49
7204,test_10_20,enforcer,10,20,200,2,232.36
7205,test_20_10,enforcer,20,10,200,2,241.38
7206,test_25_8,enforcer,25,8,200,2,214.82
7207,test_50_4,enforcer,50,4,200,2,186.74
7208,test_10_20,enforcer,10,20,200,3,185.04
7209,test_20_10,enforcer,20,10,200,3,155.47
7210,test_25_8,enforcer,25,8,200,3,182.3
7211,test_50_4,enforcer,50,4,200,3,179.0
7212,test_10_20,enforcer,10,20,200,4,163.17
7213,test_20_10,enforcer,20,10,200,4,136.22
7214,test_25_8,enforcer,25,8,200,4,145.32
7215,test_50_4,enforcer,50,4,200,4,149.91
7216,test_10_20,enforcer,10,20,200,5,164.91
7217,test_20_10,enforcer,20,10,200,5,133.87
7218,test_25_8,enforcer,25,8,200,5,117.1
7219,test_50_4,enforcer,50,4,200,5,115.25
7220,test_10_20,enforcer,10,20,200,6,162.61
7221,test_20_10,enforcer,20,10,200,6,124.58
7222,test_25_8,enforcer,25,8,200,6,127.62
7223,test_50_4,enforcer,50,4,200,6,116.32
7224,test_10_20,enforcer,10,20,200,7,158.12
7225,test_20_10,enforcer,20,10,200,7,125.96
7226,test_25_8,enforcer,25,8,200,7,113.22
7227,test_50_4,enforcer,50,4,200,7,106.44
7228,test_10_20,enforcer,10,20,200,8,155.78
7229,test_20_10,enforcer,20,10,200,8,119.46
7230,test_25_8,enforcer,25,8,200,8,109.3
7231,test_50_4,enforcer,50,4,200,8,116.68
7232,test_10_20,enforcer,10,20,200,9,149.7
7233,test_20_10,enforcer,20,10,200,9,112.24
7234,test_25_8,enforcer,25,8,200,9,109.45
7235,test_50_4,enforcer,50,4,200,9,112.32
7236,test_10_20,enforcer,10,20,200,10,159.94
7237,test_20_10,enforcer,20,10,200,10,119.04
7238,test_25_8,enforcer,25,8,200,10,109.24
7239,test_50_4,enforcer,50,4,200,10,107.26
7240,test_10_20,enforcer,10,20,200,11,152.97
7241,test_20_10,enforcer,20,10,200,11,155.62
7242,test_25_8,enforcer,25,8,200,11,104.2
7243,test_50_4,enforcer,50,4,200,11,102.28
7244,test_10_20,enforcer,10,20,200,12,196.76
7245,test_20_10,enforcer,20,10,200,12,107.86
7246,test_25_8,enforcer,25,8,200,12,131.23
7247,test_50_4,enforcer,50,4,200,12,119.08
7248,test_10_20,enforcer,10,20,200,13,179.31
7249,test_20_10,enforcer,20,10,200,13,114.34
7250,test_25_8,enforcer,25,8,200,13,109.38
7251,test_50_4,enforcer,50,4,200,13,140.5
7252,test_10_20,enforcer,10,20,200,14,148.11
7253,test_20_10,enforcer,20,10,200,14,114.9
7254,test_25_8,enforcer,25,8,200,14,105.93
7255,test_50_4,enforcer,50,4,200,14,102.59
7256,test_10_20,enforcer,10,20,200,15,144.56
7257,test_20_10,enforcer,20,10,200,15,116.85
7258,test_25_8,enforcer,25,8,200,15,102.76
7259,test_50_4,enforcer,50,4,200,15,104.65
7260,test_10_20,enforcer,10,20,200,16,152.03
7261,test_20_10,enforcer,20,10,200,16,115.39
7262,test_25_8,enforcer,25,8,200,16,106.4
7263,test_50_4,enforcer,50,4,200,16,103.47
7264,test_10_20,enforcer,10,20,200,17,152.61
7265,test_20_10,enforcer,20,10,200,17,107.53
7266,test_25_8,enforcer,25,8,200,17,106.07
7267,test_50_4,enforcer,50,4,200,17,116.9
7268,test_10_20,enforcer,10,20,200,18,146.89
7269,test_20_10,enforcer,20,10,200,18,117.72
7270,test_25_8,enforcer,25,8,200,18,101.76
7271,test_50_4,enforcer,50,4,200,18,96.49
7272,test_10_20,enforcer,10,20,200,19,151.67
7273,test_20_10,enforcer,20,10,200,19,109.16
7274,test_25_8,enforcer,25,8,200,19,103.46
7275,test_50_4,enforcer,50,4,200,19,97.6
7276,test_10_20,enforcer,10,20,200,20,144.32
7277,test_20_10,enforcer,20,10,200,20,126.53
7278,test_25_8,enforcer,25,8,200,20,101.32
7279,test_50_4,enforcer,50,4,200,20,102.07
7280,test_10_20,enforcer,10,20,200,21,144.27
7281,test_20_10,enforcer,20,10,200,21,136.89
7282,test_25_8,enforcer,25,8,200,21,104.3
7283,test_50_4,enforcer,50,4,200,21,102.52
7284,test_10_20,enforcer,10,20,200,22,144.43
7285,test_20_10,enforcer,20,10,200,22,112.53
7286,test_25_8,enforcer,25,8,200,22,97.69
7287,test_50_4,enforcer,50,4,200,22,95.54
7288,test_10_20,enforcer,10,20,200,23,143.82
7289,test_20_10,enforcer,20,10,200,23,114.49
7290,test_25_8,enforcer,25,8,200,23,103.94
7291,test_50_4,enforcer,50,4,200,23,101.75
7292,test_10_20,enforcer,10,20,200,24,143.36
7293,test_20_10,enforcer,20,10,200,24,110.27
7294,test_25_8,enforcer,25,8,200,24,110.33
7295,test_50_4,enforcer,50,4,200,24,96.39
7296,test_10_20,enforcer,10,20,200,25,146.74
7297,test_20_10,enforcer,20,10,200,25,107.86
7298,test_25_8,enforcer,25,8,200,25,100.51
7299,test_50_4,enforcer,50,4,200,25,101.3
7300,test_10_20,enforcer,10,20,200,26,146.1
7301,test_20_10,enforcer,20,10,200,26,112.92
7302,test_25_8,enforcer,25,8,200,26,105.2
7303,test_50_4,enforcer,50,4,200,26,99.49
7304,test_10_20,enforcer,10,20,200,27,147.72
7305,test_20_10,enforcer,20,10,200,27,104.51
7306,test_25_8,enforcer,25,8,200,27,107.39
7307,test_50_4,enforcer,50,4,200,27,97.49
7308,test_10_20,enforcer,10,20,200,28,147.91
7309,test_20_10,enforcer,20,10,200,28,106.46
7310,test_25_8,enforcer,25,8,200,28,107.05
7311,test_50_4,enforcer,50,4,200,28,99.3
7312,test_10_20,enforcer,10,20,200,29,146.8
7313,test_20_10,enforcer,20,10,200,29,106.74
7314,test_25_8,enforcer,25,8,200,29,106.55
7315,test_50_4,enforcer,50,4,200,29,95.72
7316,test_10_20,enforcer,10,20,200,30,144.42
7317,test_20_10,enforcer,20,10,200,30,102.82
7318,test_25_8,enforcer,25,8,200,30,102.89
7319,test_50_4,enforcer,50,4,200,30,97.06
7320,test_10_20,enforcer,10,20,200,31,144.1
7321,test_20_10,enforcer,20,10,200,31,102.07
7322,test_25_8,enforcer,25,8,200,31,102.0
7323,test_50_4,enforcer,50,4,200,31,95.95
7324,test_10_20,enforcer,10,20,200,32,150.76
7325,test_20_10,enforcer,20,10,200,32,105.6
7326,test_25_8,enforcer,25,8,200,32,101.54
7327,test_50_4,enforcer,50,4,200,32,97.97
7328,test_10_20,enforcer,10,20,200,33,145.55
7329,test_20_10,enforcer,20,10,200,33,100.35
7330,test_25_8,enforcer,25,8,200,33,106.03
7331,test_50_4,enforcer,50,4,200,33,97.34
7332,test_10_20,enforcer,10,20,200,34,146.75
7333,test_20_10,enforcer,20,10,200,34,102.44
7334,test_25_8,enforcer,25,8,200,34,103.64
7335,test_50_4,enforcer,50,4,200,34,95.77
7336,test_10_20,enforcer,10,20,200,35,148.82
7337,test_20_10,enforcer,20,10,200,35,103.69
7338,test_25_8,enforcer,25,8,200,35,101.22
7339,test_50_4,enforcer,50,4,200,35,94.42
7340,test_10_20,enforcer,10,20,200,36,141.56
7341,test_20_10,enforcer,20,10,200,36,99.54
7342,test_25_8,enforcer,25,8,200,36,101.29
7343,test_50_4,enforcer,50,4,200,36,97.61
7344,test_10_20,enforcer,10,20,200,37,143.22
7345,test_20_10,enforcer,20,10,200,37,101.2
7346,test_25_8,enforcer,25,8,200,37,95.82
7347,test_50_4,enforcer,50,4,200,37,96.36
7348,test_10_20,enforcer,10,20,200,38,152.21
7349,test_20_10,enforcer,20,10,200,38,104.37
7350,test_25_8,enforcer,25,8,200,38,100.65
7351,test_50_4,enforcer,50,4,200,38,96.39
7352,test_10_20,enforcer,10,20,200,39,137.42
7353,test_20_10,enforcer,20,10,200,39,102.36
7354,test_25_8,enforcer,25,8,200,39,102.5
7355,test_50_4,enforcer,50,4,200,39,94.68
7356,test_10_20,enforcer,10,20,200,40,149.32
7357,test_20_10,enforcer,20,10,200,40,100.17
7358,test_25_8,enforcer,25,8,200,40,100.06
7359,test_50_4,enforcer,50,4,200,40,94.87
7360,test_10_20,enforcer,10,20,200,41,140.56
7361,test_20_10,enforcer,20,10,200,41,105.78
7362,test_25_8,enforcer,25,8,200,41,100.34
7363,test_50_4,enforcer,50,4,200,41,95.29
7364,test_10_20,enforcer,10,20,200,42,146.77
7365,test_20_10,enforcer,20,10,200,42,99.43
7366,test_25_8,enforcer,25,8,200,42,99.93
7367,test_50_4,enforcer,50,4,200,42,94.62
7368,test_10_20,enforcer,10,20,200,43,148.53
7369,test_20_10,enforcer,20,10,200,43,98.83
7370,test_25_8,enforcer,25,8,200,43,102.31
7371,test_50_4,enforcer,50,4,200,43,94.73
7372,test_10_20,enforcer,10,20,200,44,150.65
7373,test_20_10,enforcer,20,10,200,44,102.7
7374,test_25_8,enforcer,25,8,200,44,101.24
7375,test_50_4,enforcer,50,4,200,44,96.13
7376,test_10_20,enforcer,10,20,200,45,146.49
7377,test_20_10,enforcer,20,10,200,45,100.75
7378,test_25_8,enforcer,25,8,200,45,101.42
7379,test_50_4,enforcer,50,4,200,45,93.62
7380,test_10_20,enforcer,10,20,200,46,139.69
7381,test_20_10,enforcer,20,10,200,46,100.76
7382,test_25_8,enforcer,25,8,200,46,107.01
7383,test_50_4,enforcer,50,4,200,46,100.23
7384,test_10_20,enforcer,10,20,200,47,150.61
7385,test_20_10,enforcer,20,10,200,47,103.92
7386,test_25_8,enforcer,25,8,200,47,97.13
7387,test_50_4,enforcer,50,4,200,47,92.97
7388,test_10_20,enforcer,10,20,200,48,138.45
7389,test_20_10,enforcer,20,10,200,48,101.62
7390,test_25_8,enforcer,25,8,200,48,99.43
7391,test_50_4,enforcer,50,4,200,48,95.19
7392,test_10_20,enforcer,10,20,200,49,143.44
7393,test_20_10,enforcer,20,10,200,49,100.02
7394,test_25_8,enforcer,25,8,200,49,96.14
7395,test_50_4,enforcer,50,4,200,49,96.2
7396,test_10_20,enforcer,10,20,200,50,147.55
7397,test_20_10,enforcer,20,10,200,50,102.68
7398,test_25_8,enforcer,25,8,200,50,99.65
7399,test_50_4,enforcer,50,4,200,50,94.57
7400,test_15_14,enforcer,15,14,210,1,470.23
7401,test_35_6,enforcer,35,6,210,1,319.28
7402,test_15_14,enforcer,15,14,210,2,253.28
7403,test_35_6,enforcer,35,6,210,2,239.62
7404,test_15_14,enforcer,15,14,210,3,163.29
7405,test_35_6,enforcer,35,6,210,3,187.44
7406,test_15_14,enforcer,15,14,210,4,158.71
7407,test_35_6,enforcer,35,6,210,4,128.97
7408,test_15_14,enforcer,15,14,210,5,156.22
7409,test_35_6,enforcer,35,6,210,5,130.27
7410,test_15_14,enforcer,15,14,210,6,145.42
7411,test_35_6,enforcer,35,6,210,6,126.61
7412,test_15_14,enforcer,15,14,210,7,138.09
7413,test_35_6,enforcer,35,6,210,7,134.67
7414,test_15_14,enforcer,15,14,210,8,143.74
7415,test_35_6,enforcer,35,6,210,8,117.25
7416,test_15_14,enforcer,15,14,210,9,147.42
7417,test_35_6,enforcer,35,6,210,9,113.5
7418,test_15_14,enforcer,15,14,210,10,163.69
7419,test_35_6,enforcer,35,6,210,10,112.36
7420,test_15_14,enforcer,15,14,210,11,133.8
7421,test_35_6,enforcer,35,6,210,11,144.01
7422,test_15_14,enforcer,15,14,210,12,129.81
7423,test_35_6,enforcer,35,6,210,12,105.49
7424,test_15_14,enforcer,15,14,210,13,129.66
7425,test_35_6,enforcer,35,6,210,13,113.2
7426,test_15_14,enforcer,15,14,210,14,134.42
7427,test_35_6,enforcer,35,6,210,14,109.83
7428,test_15_14,enforcer,15,14,210,15,134.48
7429,test_35_6,enforcer,35,6,210,15,112.81
7430,test_15_14,enforcer,15,14,210,16,134.22
7431,test_35_6,enforcer,35,6,210,16,108.6
7432,test_15_14,enforcer,15,14,210,17,131.07
7433,test_35_6,enforcer,35,6,210,17,110.43
7434,test_15_14,enforcer,15,14,210,18,135.6
7435,test_35_6,enforcer,35,6,210,18,108.32
7436,test_15_14,enforcer,15,14,210,19,129.17
7437,test_35_6,enforcer,35,6,210,19,111.08
7438,test_15_14,enforcer,15,14,210,20,132.58
7439,test_35_6,enforcer,35,6,210,20,139.86
7440,test_15_14,enforcer,15,14,210,21,125.81
7441,test_35_6,enforcer,35,6,210,21,108.51
7442,test_15_14,enforcer,15,14,210,22,152.06
7443,test_35_6,enforcer,35,6,210,22,110.47
7444,test_15_14,enforcer,15,14,210,23,149.89
7445,test_35_6,enforcer,35,6,210,23,109.39
7446,test_15_14,enforcer,15,14,210,24,126.02
7447,test_35_6,enforcer,35,6,210,24,105.17
7448,test_15_14,enforcer,15,14,210,25,130.64
7449,test_35_6,enforcer,35,6,210,25,110.14
7450,test_15_14,enforcer,15,14,210,26,128.08
7451,test_35_6,enforcer,35,6,210,26,107.22
7452,test_15_14,enforcer,15,14,210,27,127.62
7453,test_35_6,enforcer,35,6,210,27,116.13
7454,test_15_14,enforcer,15,14,210,28,123.75
7455,test_35_6,enforcer,35,6,210,28,106.68
7456,test_15_14,enforcer,15,14,210,29,130.09
7457,test_35_6,enforcer,35,6,210,29,104.64
7458,test_15_14,enforcer,15,14,210,30,128.74
7459,test_35_6,enforcer,35,6,210,30,107.04
7460,test_15_14,enforcer,15,14,210,31,126.79
7461,test_35_6,enforcer,35,6,210,31,105.76
7462,test_15_14,enforcer,15,14,210,32,128.43
7463,test_35_6,enforcer,35,6,210,32,105.63
7464,test_15_14,enforcer,15,14,210,33,131.74
7465,test_35_6,enforcer,35,6,210,33,106.27
7466,test_15_14,enforcer,15,14,210,34,127.76
7467,test_35_6,enforcer,35,6,210,34,104.49
7468,test_15_14,enforcer,15,14,210,35,126.88
7469,test_35_6,enforcer,35,6,210,35,104.99
7470,test_15_14,enforcer,15,14,210,36,124.28
7471,test_35_6,enforcer,35,6,210,36,105.94
7472,test_15_14,enforcer,15,14,210,37,125.06
7473,test_35_6,enforcer,35,6,210,37,105.92
7474,test_15_14,enforcer,15,14,210,38,129.37
7475,test_35_6,enforcer,35,6,210,38,106.19
7476,test_15_14,enforcer,15,14,210,39,122.75
7477,test_35_6,enforcer,35,6,210,39,104.46
7478,test_15_14,enforcer,15,14,210,40,122.58
7479,test_35_6,enforcer,35,6,210,40,102.03
7480,test_15_14,enforcer,15,14,210,41,122.71
7481,test_35_6,enforcer,35,6,210,41,106.83
7482,test_15_14,enforcer,15,14,210,42,122.71
7483,test_35_6,enforcer,35,6,210,42,107.7
7484,test_15_14,enforcer,15,14,210,43,126.03
7485,test_35_6,enforcer,35,6,210,43,103.53
7486,test_15_14,enforcer,15,14,210,44,121.95
7487,test_35_6,enforcer,35,6,210,44,106.58
7488,test_15_14,enforcer,15,14,210,45,123.09
7489,test_35_6,enforcer,35,6,210,45,103.98
7490,test_15_14,enforcer,15,14,210,46,126.41
7491,test_35_6,enforcer,35,6,210,46,102.87
7492,test_15_14,enforcer,15,14,210,47,122.68
7493,test_35_6,enforcer,35,6,210,47,109.51
7494,test_15_14,enforcer,15,14,210,48,125.66
7495,test_35_6,enforcer,35,6,210,48,101.64
7496,test_15_14,enforcer,15,14,210,49,126.8
7497,test_35_6,enforcer,35,6,210,49,103.98
7498,test_15_14,enforcer,15,14,210,50,125.37
7499,test_35_6,enforcer,35,6,210,50,108.07
7500,test_55_4,enforcer,55,4,220,1,324.37
7501,test_55_4,enforcer,55,4,220,2,249.76
7502,test_55_4,enforcer,55,4,220,3,204.34
7503,test_55_4,enforcer,55,4,220,4,144.68
7504,test_55_4,enforcer,55,4,220,5,136.23
7505,test_55_4,enforcer,55,4,220,6,128.14
7506,test_55_4,enforcer,55,4,220,7,125.98
7507,test_55_4,enforcer,55,4,220,8,137.19
7508,test_55_4,enforcer,55,4,220,9,134.52
7509,test_55_4,enforcer,55,4,220,10,120.81
7510,test_55_4,enforcer,55,4,220,11,119.06
7511,test_55_4,enforcer,55,4,220,12,126.4
7512,test_55_4,enforcer,55,4,220,13,118.74
7513,test_55_4,enforcer,55,4,220,14,119.99
7514,test_55_4,enforcer,55,4,220,15,114.15
7515,test_55_4,enforcer,55,4,220,16,124.63
7516,test_55_4,enforcer,55,4,220,17,144.23
7517,test_55_4,enforcer,55,4,220,18,117.2
7518,test_55_4,enforcer,55,4,220,19,119.74
7519,test_55_4,enforcer,55,4,220,20,114.51
7520,test_55_4,enforcer,55,4,220,21,119.56
7521,test_55_4,enforcer,55,4,220,22,114.43
7522,test_55_4,enforcer,55,4,220,23,115.1
7523,test_55_4,enforcer,55,4,220,24,119.35
7524,test_55_4,enforcer,55,4,220,25,114.52
7525,test_55_4,enforcer,55,4,220,26,115.64
7526,test_55_4,enforcer,55,4,220,27,112.76
7527,test_55_4,enforcer,55,4,220,28,114.2
7528,test_55_4,enforcer,55,4,220,29,116.38
7529,test_55_4,enforcer,55,4,220,30,117.89
7530,test_55_4,enforcer,55,4,220,31,116.03
7531,test_55_4,enforcer,55,4,220,32,109.52
7532,test_55_4,enforcer,55,4,220,33,109.69
7533,test_55_4,enforcer,55,4,220,34,113.5
7534,test_55_4,enforcer,55,4,220,35,112.72
7535,test_55_4,enforcer,55,4,220,36,110.95
7536,test_55_4,enforcer,55,4,220,37,116.04
7537,test_55_4,enforcer,55,4,220,38,111.85
7538,test_55_4,enforcer,55,4,220,39,113.47
7539,test_55_4,enforcer,55,4,220,40,111.7
7540,test_55_4,enforcer,55,4,220,41,112.04
7541,test_55_4,enforcer,55,4,220,42,114.75
7542,test_55_4,enforcer,55,4,220,43,110.45
7543,test_55_4,enforcer,55,4,220,44,112.47
7544,test_55_4,enforcer,55,4,220,45,110.35
7545,test_55_4,enforcer,55,4,220,46,109.88
7546,test_55_4,enforcer,55,4,220,47,114.01
7547,test_55_4,enforcer,55,4,220,48,110.74
7548,test_55_4,enforcer,55,4,220,49,114.48
7549,test_55_4,enforcer,55,4,220,50,109.09
7550,test_15_16,enforcer,15,16,240,1,593.08
7551,test_20_12,enforcer,20,12,240,1,483.38
7552,test_30_8,enforcer,30,8,240,1,407.42
7553,test_40_6,enforcer,40,6,240,1,376.68
7554,test_60_4,enforcer,60,4,240,1,337.16
7555,test_15_16,enforcer,15,16,240,2,263.34
7556,test_20_12,enforcer,20,12,240,2,262.39
7557,test_30_8,enforcer,30,8,240,2,282.96
7558,test_40_6,enforcer,40,6,240,2,296.26
7559,test_60_4,enforcer,60,4,240,2,250.96
7560,test_15_16,enforcer,15,16,240,3,218.24
7561,test_20_12,enforcer,20,12,240,3,203.87
7562,test_30_8,enforcer,30,8,240,3,193.7
7563,test_40_6,enforcer,40,6,240,3,216.09
7564,test_60_4,enforcer,60,4,240,3,218.7
7565,test_15_16,enforcer,15,16,240,4,188.55
7566,test_20_12,enforcer,20,12,240,4,164.52
7567,test_30_8,enforcer,30,8,240,4,165.22
7568,test_40_6,enforcer,40,6,240,4,167.11
7569,test_60_4,enforcer,60,4,240,4,168.4
7570,test_15_16,enforcer,15,16,240,5,181.03
7571,test_20_12,enforcer,20,12,240,5,169.04
7572,test_30_8,enforcer,30,8,240,5,153.78
7573,test_40_6,enforcer,40,6,240,5,163.53
7574,test_60_4,enforcer,60,4,240,5,154.09
7575,test_15_16,enforcer,15,16,240,6,178.63
7576,test_20_12,enforcer,20,12,240,6,168.41
7577,test_30_8,enforcer,30,8,240,6,167.88
7578,test_40_6,enforcer,40,6,240,6,160.93
7579,test_60_4,enforcer,60,4,240,6,152.21
7580,test_15_16,enforcer,15,16,240,7,169.96
7581,test_20_12,enforcer,20,12,240,7,156.54
7582,test_30_8,enforcer,30,8,240,7,154.68
7583,test_40_6,enforcer,40,6,240,7,155.29
7584,test_60_4,enforcer,60,4,240,7,149.25
7585,test_15_16,enforcer,15,16,240,8,168.92
7586,test_20_12,enforcer,20,12,240,8,197.46
7587,test_30_8,enforcer,30,8,240,8,153.94
7588,test_40_6,enforcer,40,6,240,8,144.69
7589,test_60_4,enforcer,60,4,240,8,148.73
7590,test_15_16,enforcer,15,16,240,9,163.43
7591,test_20_12,enforcer,20,12,240,9,150.44
7592,test_30_8,enforcer,30,8,240,9,148.27
7593,test_40_6,enforcer,40,6,240,9,179.62
7594,test_60_4,enforcer,60,4,240,9,141.85
7595,test_15_16,enforcer,15,16,240,10,170.04
7596,test_20_12,enforcer,20,12,240,10,147.49
7597,test_30_8,enforcer,30,8,240,10,151.55
7598,test_40_6,enforcer,40,6,240,10,141.8
7599,test_60_4,enforcer,60,4,240,10,145.53
7600,test_15_16,enforcer,15,16,240,11,168.94
7601,test_20_12,enforcer,20,12,240,11,151.82
7602,test_30_8,enforcer,30,8,240,11,151.69
7603,test_40_6,enforcer,40,6,240,11,146.67
7604,test_60_4,enforcer,60,4,240,11,140.54
7605,test_15_16,enforcer,15,16,240,12,162.2
7606,test_20_12,enforcer,20,12,240,12,149.76
7607,test_30_8,enforcer,30,8,240,12,151.01
7608,test_40_6,enforcer,40,6,240,12,143.56
7609,test_60_4,enforcer,60,4,240,12,169.99
7610,test_15_16,enforcer,15,16,240,13,166.79
7611,test_20_12,enforcer,20,12,240,13,152.28
7612,test_30_8,enforcer,30,8,240,13,178.93
7613,test_40_6,enforcer,40,6,240,13,136.87
7614,test_60_4,enforcer,60,4,240,13,137.65
7615,test_15_16,enforcer,15,16,240,14,162.74
7616,test_20_12,enforcer,20,12,240,14,148.05
7617,test_30_8,enforcer,30,8,240,14,144.05
7618,test_40_6,enforcer,40,6,240,14,142.35
7619,test_60_4,enforcer,60,4,240,14,138.56
7620,test_15_16,enforcer,15,16,240,15,161.14
7621,test_20_12,enforcer,20,12,240,15,157.95
7622,test_30_8,enforcer,30,8,240,15,144.4
7623,test_40_6,enforcer,40,6,240,15,138.1
7624,test_60_4,enforcer,60,4,240,15,134.5
7625,test_15_16,enforcer,15,16,240,16,190.79
7626,test_20_12,enforcer,20,12,240,16,150.25
7627,test_30_8,enforcer,30,8,240,16,145.71
7628,test_40_6,enforcer,40,6,240,16,142.16
7629,test_60_4,enforcer,60,4,240,16,135.16
7630,test_15_16,enforcer,15,16,240,17,161.51
7631,test_20_12,enforcer,20,12,240,17,151.96
7632,test_30_8,enforcer,30,8,240,17,139.85
7633,test_40_6,enforcer,40,6,240,17,137.58
7634,test_60_4,enforcer,60,4,240,17,137.74
7635,test_15_16,enforcer,15,16,240,18,160.46
7636,test_20_12,enforcer,20,12,240,18,146.2
7637,test_30_8,enforcer,30,8,240,18,141.48
7638,test_40_6,enforcer,40,6,240,18,140.42
7639,test_60_4,enforcer,60,4,240,18,133.7
7640,test_15_16,enforcer,15,16,240,19,160.74
7641,test_20_12,enforcer,20,12,240,19,150.54
7642,test_30_8,enforcer,30,8,240,19,140.46
7643,test_40_6,enforcer,40,6,240,19,139.77
7644,test_60_4,enforcer,60,4,240,19,136.35
7645,test_15_16,enforcer,15,16,240,20,157.33
7646,test_20_12,enforcer,20,12,240,20,144.18
7647,test_30_8,enforcer,30,8,240,20,143.55
7648,test_40_6,enforcer,40,6,240,20,166.4
7649,test_60_4,enforcer,60,4,240,20,130.96
7650,test_15_16,enforcer,15,16,240,21,156.8
7651,test_20_12,enforcer,20,12,240,21,138.37
7652,test_30_8,enforcer,30,8,240,21,136.54
7653,test_40_6,enforcer,40,6,240,21,133.81
7654,test_60_4,enforcer,60,4,240,21,135.85
7655,test_15_16,enforcer,15,16,240,22,163.55
7656,test_20_12,enforcer,20,12,240,22,156.5
7657,test_30_8,enforcer,30,8,240,22,142.37
7658,test_40_6,enforcer,40,6,240,22,142.25
7659,test_60_4,enforcer,60,4,240,22,133.25
7660,test_15_16,enforcer,15,16,240,23,160.24
7661,test_20_12,enforcer,20,12,240,23,174.49
7662,test_30_8,enforcer,30,8,240,23,141.74
7663,test_40_6,enforcer,40,6,240,23,140.06
7664,test_60_4,enforcer,60,4,240,23,135.43
7665,test_15_16,enforcer,15,16,240,24,164.46
7666,test_20_12,enforcer,20,12,240,24,142.6
7667,test_30_8,enforcer,30,8,240,24,141.56
7668,test_40_6,enforcer,40,6,240,24,137.95
7669,test_60_4,enforcer,60,4,240,24,136.92
7670,test_15_16,enforcer,15,16,240,25,164.44
7671,test_20_12,enforcer,20,12,240,25,144.94
7672,test_30_8,enforcer,30,8,240,25,152.15
7673,test_40_6,enforcer,40,6,240,25,137.44
7674,test_60_4,enforcer,60,4,240,25,138.93
7675,test_15_16,enforcer,15,16,240,26,158.93
7676,test_20_12,enforcer,20,12,240,26,140.97
7677,test_30_8,enforcer,30,8,240,26,138.98
7678,test_40_6,enforcer,40,6,240,26,137.77
7679,test_60_4,enforcer,60,4,240,26,134.81
7680,test_15_16,enforcer,15,16,240,27,160.55
7681,test_20_12,enforcer,20,12,240,27,143.98
7682,test_30_8,enforcer,30,8,240,27,139.65
7683,test_40_6,enforcer,40,6,240,27,133.59
7684,test_60_4,enforcer,60,4,240,27,139.36
7685,test_15_16,enforcer,15,16,240,28,159.05
7686,test_20_12,enforcer,20,12,240,28,141.4
7687,test_30_8,enforcer,30,8,240,28,137.16
7688,test_40_6,enforcer,40,6,240,28,137.81
7689,test_60_4,enforcer,60,4,240,28,137.15
7690,test_15_16,enforcer,15,16,240,29,161.18
7691,test_20_12,enforcer,20,12,240,29,140.75
7692,test_30_8,enforcer,30,8,240,29,137.57
7693,test_40_6,enforcer,40,6,240,29,134.47
7694,test_60_4,enforcer,60,4,240,29,134.61
7695,test_15_16,enforcer,15,16,240,30,161.21
7696,test_20_12,enforcer,20,12,240,30,141.81
7697,test_30_8,enforcer,30,8,240,30,135.0
7698,test_40_6,enforcer,40,6,240,30,138.15
7699,test_60_4,enforcer,60,4,240,30,134.1
7700,test_15_16,enforcer,15,16,240,31,158.42
7701,test_20_12,enforcer,20,12,240,31,142.87
7702,test_30_8,enforcer,30,8,240,31,140.17
7703,test_40_6,enforcer,40,6,240,31,136.41
7704,test_60_4,enforcer,60,4,240,31,134.87
7705,test_15_16,enforcer,15,16,240,32,160.2
7706,test_20_12,enforcer,20,12,240,32,139.77
7707,test_30_8,enforcer,30,8,240,32,139.97
7708,test_40_6,enforcer,40,6,240,32,134.93
7709,test_60_4,enforcer,60,4,240,32,133.98
7710,test_15_16,enforcer,15,16,240,33,162.36
7711,test_20_12,enforcer,20,12,240,33,143.02
7712,test_30_8,enforcer,30,8,240,33,134.34
7713,test_40_6,enforcer,40,6,240,33,133.57
7714,test_60_4,enforcer,60,4,240,33,136.81
7715,test_15_16,enforcer,15,16,240,34,163.65
7716,test_20_12,enforcer,20,12,240,34,136.38
7717,test_30_8,enforcer,30,8,240,34,140.39
7718,test_40_6,enforcer,40,6,240,34,133.92
7719,test_60_4,enforcer,60,4,240,34,131.21
7720,test_15_16,enforcer,15,16,240,35,155.23
7721,test_20_12,enforcer,20,12,240,35,139.01
7722,test_30_8,enforcer,30,8,240,35,134.08
7723,test_40_6,enforcer,40,6,240,35,135.64
7724,test_60_4,enforcer,60,4,240,35,139.2
7725,test_15_16,enforcer,15,16,240,36,158.98
7726,test_20_12,enforcer,20,12,240,36,143.64
7727,test_30_8,enforcer,30,8,240,36,141.81
7728,test_40_6,enforcer,40,6,240,36,133.4
7729,test_60_4,enforcer,60,4,240,36,132.8
7730,test_15_16,enforcer,15,16,240,37,151.2
7731,test_20_12,enforcer,20,12,240,37,136.61
7732,test_30_8,enforcer,30,8,240,37,137.08
7733,test_40_6,enforcer,40,6,240,37,134.77
7734,test_60_4,enforcer,60,4,240,37,132.69
7735,test_15_16,enforcer,15,16,240,38,161.84
7736,test_20_12,enforcer,20,12,240,38,148.44
7737,test_30_8,enforcer,30,8,240,38,137.34
7738,test_40_6,enforcer,40,6,240,38,140.08
7739,test_60_4,enforcer,60,4,240,38,133.94
7740,test_15_16,enforcer,15,16,240,39,158.18
7741,test_20_12,enforcer,20,12,240,39,139.58
7742,test_30_8,enforcer,30,8,240,39,144.44
7743,test_40_6,enforcer,40,6,240,39,139.44
7744,test_60_4,enforcer,60,4,240,39,134.08
7745,test_15_16,enforcer,15,16,240,40,154.63
7746,test_20_12,enforcer,20,12,240,40,138.89
7747,test_30_8,enforcer,30,8,240,40,140.04
7748,test_40_6,enforcer,40,6,240,40,132.73
7749,test_60_4,enforcer,60,4,240,40,132.34
7750,test_15_16,enforcer,15,16,240,41,160.76
7751,test_20_12,enforcer,20,12,240,41,141.75
7752,test_30_8,enforcer,30,8,240,41,140.17
7753,test_40_6,enforcer,40,6,240,41,133.87
7754,test_60_4,enforcer,60,4,240,41,128.99
7755,test_15_16,enforcer,15,16,240,42,157.29
7756,test_20_12,enforcer,20,12,240,42,139.95
7757,test_30_8,enforcer,30,8,240,42,139.62
7758,test_40_6,enforcer,40,6,240,42,137.72
7759,test_60_4,enforcer,60,4,240,42,134.93
7760,test_15_16,enforcer,15,16,240,43,156.03
7761,test_20_12,enforcer,20,12,240,43,145.07
7762,test_30_8,enforcer,30,8,240,43,146.71
7763,test_40_6,enforcer,40,6,240,43,134.29
7764,test_60_4,enforcer,60,4,240,43,131.84
7765,test_15_16,enforcer,15,16,240,44,155.36
7766,test_20_12,enforcer,20,12,240,44,139.92
7767,test_30_8,enforcer,30,8,240,44,141.01
7768,test_40_6,enforcer,40,6,240,44,133.35
7769,test_60_4,enforcer,60,4,240,44,132.85
7770,test_15_16,enforcer,15,16,240,45,154.66
7771,test_20_12,enforcer,20,12,240,45,142.16
7772,test_30_8,enforcer,30,8,240,45,141.73
7773,test_40_6,enforcer,40,6,240,45,134.62
7774,test_60_4,enforcer,60,4,240,45,130.81
7775,test_15_16,enforcer,15,16,240,46,157.34
7776,test_20_12,enforcer,20,12,240,46,139.24
7777,test_30_8,enforcer,30,8,240,46,141.18
7778,test_40_6,enforcer,40,6,240,46,133.87
7779,test_60_4,enforcer,60,4,240,46,132.85
7780,test_15_16,enforcer,15,16,240,47,157.44
7781,test_20_12,enforcer,20,12,240,47,140.94
7782,test_30_8,enforcer,30,8,240,47,138.8
7783,test_40_6,enforcer,40,6,240,47,133.52
7784,test_60_4,enforcer,60,4,240,47,136.27
7785,test_15_16,enforcer,15,16,240,48,155.04
7786,test_20_12,enforcer,20,12,240,48,139.39
7787,test_30_8,enforcer,30,8,240,48,142.5
7788,test_40_6,enforcer,40,6,240,48,134.94
7789,test_60_4,enforcer,60,4,240,48,130.42
7790,test_15_16,enforcer,15,16,240,49,156.45
7791,test_20_12,enforcer,20,12,240,49,140.4
7792,test_30_8,enforcer,30,8,240,49,140.88
7793,test_40_6,enforcer,40,6,240,49,131.88
7794,test_60_4,enforcer,60,4,240,49,133.18
7795,test_15_16,enforcer,15,16,240,50,159.94
7796,test_20_12,enforcer,20,12,240,50,138.76
7797,test_30_8,enforcer,30,8,240,50,140.94
7798,test_40_6,enforcer,40,6,240,50,134.69
7799,test_60_4,enforcer,60,4,240,50,132.05
7800,test_25_10,enforcer,25,10,250,1,491.58
7801,test_25_10,enforcer,25,10,250,2,261.14
7802,test_25_10,enforcer,25,10,250,3,213.59
7803,test_25_10,enforcer,25,10,250,4,209.05
7804,test_25_10,enforcer,25,10,250,5,186.73
7805,test_25_10,enforcer,25,10,250,6,174.19
7806,test_25_10,enforcer,25,10,250,7,170.68
7807,test_25_10,enforcer,25,10,250,8,171.71
7808,test_25_10,enforcer,25,10,250,9,160.08
7809,test_25_10,enforcer,25,10,250,10,199.39
7810,test_25_10,enforcer,25,10,250,11,164.83
7811,test_25_10,enforcer,25,10,250,12,158.07
7812,test_25_10,enforcer,25,10,250,13,164.79
7813,test_25_10,enforcer,25,10,250,14,163.28
7814,test_25_10,enforcer,25,10,250,15,157.77
7815,test_25_10,enforcer,25,10,250,16,159.74
7816,test_25_10,enforcer,25,10,250,17,154.45
7817,test_25_10,enforcer,25,10,250,18,162.47
7818,test_25_10,enforcer,25,10,250,19,153.91
7819,test_25_10,enforcer,25,10,250,20,198.86
7820,test_25_10,enforcer,25,10,250,21,155.24
7821,test_25_10,enforcer,25,10,250,22,156.16
7822,test_25_10,enforcer,25,10,250,23,157.13
7823,test_25_10,enforcer,25,10,250,24,157.18
7824,test_25_10,enforcer,25,10,250,25,155.45
7825,test_25_10,enforcer,25,10,250,26,156.66
7826,test_25_10,enforcer,25,10,250,27,154.65
7827,test_25_10,enforcer,25,10,250,28,162.96
7828,test_25_10,enforcer,25,10,250,29,150.13
7829,test_25_10,enforcer,25,10,250,30,157.21
7830,test_25_10,enforcer,25,10,250,31,149.2
7831,test_25_10,enforcer,25,10,250,32,152.92
7832,test_25_10,enforcer,25,10,250,33,150.56
7833,test_25_10,enforcer,25,10,250,34,153.99
7834,test_25_10,enforcer,25,10,250,35,150.01
7835,test_25_10,enforcer,25,10,250,36,157.23
7836,test_25_10,enforcer,25,10,250,37,148.09
7837,test_25_10,enforcer,25,10,250,38,155.05
7838,test_25_10,enforcer,25,10,250,39,151.37
7839,test_25_10,enforcer,25,10,250,40,152.99
7840,test_25_10,enforcer,25,10,250,41,149.81
7841,test_25_10,enforcer,25,10,250,42,152.44
7842,test_25_10,enforcer,25,10,250,43,154.49
7843,test_25_10,enforcer,25,10,250,44,157.93
7844,test_25_10,enforcer,25,10,250,45,149.08
7845,test_25_10,enforcer,25,10,250,46,156.03
7846,test_25_10,enforcer,25,10,250,47,148.0
7847,test_25_10,enforcer,25,10,250,48,150.76
7848,test_25_10,enforcer,25,10,250,49,149.09
7849,test_25_10,enforcer,25,10,250,50,158.27
7850,test_15_18,enforcer,15,18,270,1,663.22
7851,test_45_6,enforcer,45,6,270,1,441.58
7852,test_15_18,enforcer,15,18,270,2,303.74
7853,test_45_6,enforcer,45,6,270,2,308.14
7854,test_15_18,enforcer,15,18,270,3,254.6
7855,test_45_6,enforcer,45,6,270,3,208.22
7856,test_15_18,enforcer,15,18,270,4,238.31
7857,test_45_6,enforcer,45,6,270,4,198.82
7858,test_15_18,enforcer,15,18,270,5,282.14
7859,test_45_6,enforcer,45,6,270,5,186.07
7860,test_15_18,enforcer,15,18,270,6,232.61
7861,test_45_6,enforcer,45,6,270,6,188.56
7862,test_15_18,enforcer,15,18,270,7,221.33
7863,test_45_6,enforcer,45,6,270,7,243.42
7864,test_15_18,enforcer,15,18,270,8,216.19
7865,test_45_6,enforcer,45,6,270,8,178.9
7866,test_15_18,enforcer,15,18,270,9,222.09
7867,test_45_6,enforcer,45,6,270,9,174.96
7868,test_15_18,enforcer,15,18,270,10,211.9
7869,test_45_6,enforcer,45,6,270,10,178.35
7870,test_15_18,enforcer,15,18,270,11,206.88
7871,test_45_6,enforcer,45,6,270,11,172.96
7872,test_15_18,enforcer,15,18,270,12,213.64
7873,test_45_6,enforcer,45,6,270,12,168.82
7874,test_15_18,enforcer,15,18,270,13,209.94
7875,test_45_6,enforcer,45,6,270,13,173.95
7876,test_15_18,enforcer,15,18,270,14,210.36
7877,test_45_6,enforcer,45,6,270,14,173.69
7878,test_15_18,enforcer,15,18,270,15,246.12
7879,test_45_6,enforcer,45,6,270,15,166.09
7880,test_15_18,enforcer,15,18,270,16,207.36
7881,test_45_6,enforcer,45,6,270,16,175.77
7882,test_15_18,enforcer,15,18,270,17,206.59
7883,test_45_6,enforcer,45,6,270,17,172.31
7884,test_15_18,enforcer,15,18,270,18,210.77
7885,test_45_6,enforcer,45,6,270,18,163.51
7886,test_15_18,enforcer,15,18,270,19,200.01
7887,test_45_6,enforcer,45,6,270,19,166.34
7888,test_15_18,enforcer,15,18,270,20,204.74
7889,test_45_6,enforcer,45,6,270,20,168.69
7890,test_15_18,enforcer,15,18,270,21,204.42
7891,test_45_6,enforcer,45,6,270,21,164.49
7892,test_15_18,enforcer,15,18,270,22,204.91
7893,test_45_6,enforcer,45,6,270,22,169.22
7894,test_15_18,enforcer,15,18,270,23,197.99
7895,test_45_6,enforcer,45,6,270,23,164.46
7896,test_15_18,enforcer,15,18,270,24,200.14
7897,test_45_6,enforcer,45,6,270,24,165.91
7898,test_15_18,enforcer,15,18,270,25,208.98
7899,test_45_6,enforcer,45,6,270,25,167.27
7900,test_15_18,enforcer,15,18,270,26,212.48
7901,test_45_6,enforcer,45,6,270,26,169.19
7902,test_15_18,enforcer,15,18,270,27,203.22
7903,test_45_6,enforcer,45,6,270,27,168.11
7904,test_15_18,enforcer,15,18,270,28,201.87
7905,test_45_6,enforcer,45,6,270,28,163.42
7906,test_15_18,enforcer,15,18,270,29,202.05
7907,test_45_6,enforcer,45,6,270,29,162.06
7908,test_15_18,enforcer,15,18,270,30,201.09
7909,test_45_6,enforcer,45,6,270,30,165.88
7910,test_15_18,enforcer,15,18,270,31,202.35
7911,test_45_6,enforcer,45,6,270,31,166.73
7912,test_15_18,enforcer,15,18,270,32,194.96
7913,test_45_6,enforcer,45,6,270,32,164.06
7914,test_15_18,enforcer,15,18,270,33,201.34
7915,test_45_6,enforcer,45,6,270,33,167.83
7916,test_15_18,enforcer,15,18,270,34,202.76
7917,test_45_6,enforcer,45,6,270,34,164.88
7918,test_15_18,enforcer,15,18,270,35,202.25
7919,test_45_6,enforcer,45,6,270,35,162.74
7920,test_15_18,enforcer,15,18,270,36,199.26
7921,test_45_6,enforcer,45,6,270,36,165.19
7922,test_15_18,enforcer,15,18,270,37,194.94
7923,test_45_6,enforcer,45,6,270,37,166.22
7924,test_15_18,enforcer,15,18,270,38,202.19
7925,test_45_6,enforcer,45,6,270,38,161.32
7926,test_15_18,enforcer,15,18,270,39,196.45
7927,test_45_6,enforcer,45,6,270,39,168.47
7928,test_15_18,enforcer,15,18,270,40,205.59
7929,test_45_6,enforcer,45,6,270,40,165.73
7930,test_15_18,enforcer,15,18,270,41,197.43
7931,test_45_6,enforcer,45,6,270,41,165.9
7932,test_15_18,enforcer,15,18,270,42,196.34
7933,test_45_6,enforcer,45,6,270,42,162.57
7934,test_15_18,enforcer,15,18,270,43,197.29
7935,test_45_6,enforcer,45,6,270,43,167.17
7936,test_15_18,enforcer,15,18,270,44,196.06
7937,test_45_6,enforcer,45,6,270,44,161.59
7938,test_15_18,enforcer,15,18,270,45,197.57
7939,test_45_6,enforcer,45,6,270,45,165.45
7940,test_15_18,enforcer,15,18,270,46,200.66
7941,test_45_6,enforcer,45,6,270,46,164.33
7942,test_15_18,enforcer,15,18,270,47,204.47
7943,test_45_6,enforcer,45,6,270,47,163.51
7944,test_15_18,enforcer,15,18,270,48,195.28
7945,test_45_6,enforcer,45,6,270,48,164.57
7946,test_15_18,enforcer,15,18,270,49,195.96
7947,test_45_6,enforcer,45,6,270,49,163.47
7948,test_15_18,enforcer,15,18,270,50,197.94
7949,test_45_6,enforcer,45,6,270,50,162.85
7950,test_20_14,enforcer,20,14,280,1,637.95
7951,test_35_8,enforcer,35,8,280,1,433.72
7952,test_20_14,enforcer,20,14,280,2,299.55
7953,test_35_8,enforcer,35,8,280,2,332.39
7954,test_20_14,enforcer,20,14,280,3,261.61
7955,test_35_8,enforcer,35,8,280,3,224.39
7956,test_20_14,enforcer,20,14,280,4,252.57
7957,test_35_8,enforcer,35,8,280,4,209.55
7958,test_20_14,enforcer,20,14,280,5,291.43
7959,test_35_8,enforcer,35,8,280,5,225.95
7960,test_20_14,enforcer,20,14,280,6,224.63
7961,test_35_8,enforcer,35,8,280,6,213.28
7962,test_20_14,enforcer,20,14,280,7,228.13
7963,test_35_8,enforcer,35,8,280,7,191.07
7964,test_20_14,enforcer,20,14,280,8,218.46
7965,test_35_8,enforcer,35,8,280,8,197.42
7966,test_20_14,enforcer,20,14,280,9,211.26
7967,test_35_8,enforcer,35,8,280,9,194.61
7968,test_20_14,enforcer,20,14,280,10,222.06
7969,test_35_8,enforcer,35,8,280,10,193.01
7970,test_20_14,enforcer,20,14,280,11,223.57
7971,test_35_8,enforcer,35,8,280,11,192.29
7972,test_20_14,enforcer,20,14,280,12,204.41
7973,test_35_8,enforcer,35,8,280,12,216.27
7974,test_20_14,enforcer,20,14,280,13,265.66
7975,test_35_8,enforcer,35,8,280,13,187.39
7976,test_20_14,enforcer,20,14,280,14,213.61
7977,test_35_8,enforcer,35,8,280,14,186.45
7978,test_20_14,enforcer,20,14,280,15,202.22
7979,test_35_8,enforcer,35,8,280,15,180.7
7980,test_20_14,enforcer,20,14,280,16,217.52
7981,test_35_8,enforcer,35,8,280,16,185.0
7982,test_20_14,enforcer,20,14,280,17,200.95
7983,test_35_8,enforcer,35,8,280,17,184.42
7984,test_20_14,enforcer,20,14,280,18,204.06
7985,test_35_8,enforcer,35,8,280,18,183.25
7986,test_20_14,enforcer,20,14,280,19,201.42
7987,test_35_8,enforcer,35,8,280,19,188.0
7988,test_20_14,enforcer,20,14,280,20,205.36
7989,test_35_8,enforcer,35,8,280,20,182.08
7990,test_20_14,enforcer,20,14,280,21,202.12
7991,test_35_8,enforcer,35,8,280,21,182.54
7992,test_20_14,enforcer,20,14,280,22,203.22
7993,test_35_8,enforcer,35,8,280,22,183.83
7994,test_20_14,enforcer,20,14,280,23,203.25
7995,test_35_8,enforcer,35,8,280,23,183.46
7996,test_20_14,enforcer,20,14,280,24,203.01
7997,test_35_8,enforcer,35,8,280,24,192.6
7998,test_20_14,enforcer,20,14,280,25,199.08
7999,test_35_8,enforcer,35,8,280,25,184.59
8000,test_20_14,enforcer,20,14,280,26,194.32
8001,test_35_8,enforcer,35,8,280,26,180.21
8002,test_20_14,enforcer,20,14,280,27,193.12
8003,test_35_8,enforcer,35,8,280,27,186.29
8004,test_20_14,enforcer,20,14,280,28,196.56
8005,test_35_8,enforcer,35,8,280,28,180.05
8006,test_20_14,enforcer,20,14,280,29,191.23
8007,test_35_8,enforcer,35,8,280,29,181.66
8008,test_20_14,enforcer,20,14,280,30,194.34
8009,test_35_8,enforcer,35,8,280,30,181.98
8010,test_20_14,enforcer,20,14,280,31,195.26
8011,test_35_8,enforcer,35,8,280,31,181.26
8012,test_20_14,enforcer,20,14,280,32,190.07
8013,test_35_8,enforcer,35,8,280,32,179.47
8014,test_20_14,enforcer,20,14,280,33,195.21
8015,test_35_8,enforcer,35,8,280,33,181.86
8016,test_20_14,enforcer,20,14,280,34,192.73
8017,test_35_8,enforcer,35,8,280,34,178.47
8018,test_20_14,enforcer,20,14,280,35,195.58
8019,test_35_8,enforcer,35,8,280,35,177.8
8020,test_20_14,enforcer,20,14,280,36,190.99
8021,test_35_8,enforcer,35,8,280,36,182.14
8022,test_20_14,enforcer,20,14,280,37,198.26
8023,test_35_8,enforcer,35,8,280,37,176.94
8024,test_20_14,enforcer,20,14,280,38,198.71
8025,test_35_8,enforcer,35,8,280,38,186.19
8026,test_20_14,enforcer,20,14,280,39,191.36
8027,test_35_8,enforcer,35,8,280,39,183.92
8028,test_20_14,enforcer,20,14,280,40,194.67
8029,test_35_8,enforcer,35,8,280,40,177.44
8030,test_20_14,enforcer,20,14,280,41,191.08
8031,test_35_8,enforcer,35,8,280,41,178.54
8032,test_20_14,enforcer,20,14,280,42,193.0
8033,test_35_8,enforcer,35,8,280,42,178.15
8034,test_20_14,enforcer,20,14,280,43,199.53
8035,test_35_8,enforcer,35,8,280,43,181.29
8036,test_20_14,enforcer,20,14,280,44,192.42
8037,test_35_8,enforcer,35,8,280,44,180.5
8038,test_20_14,enforcer,20,14,280,45,193.25
8039,test_35_8,enforcer,35,8,280,45,180.5
8040,test_20_14,enforcer,20,14,280,46,192.89
8041,test_35_8,enforcer,35,8,280,46,175.59
8042,test_20_14,enforcer,20,14,280,47,194.48
8043,test_35_8,enforcer,35,8,280,47,181.32
8044,test_20_14,enforcer,20,14,280,48,196.04
8045,test_35_8,enforcer,35,8,280,48,177.45
8046,test_20_14,enforcer,20,14,280,49,192.01
8047,test_35_8,enforcer,35,8,280,49,176.13
8048,test_20_14,enforcer,20,14,280,50,195.64
8049,test_35_8,enforcer,35,8,280,50,177.18
8050,test_15_20,enforcer,15,20,300,1,764.73
8051,test_25_12,enforcer,25,12,300,1,642.65
8052,test_30_10,enforcer,30,10,300,1,564.01
8053,test_50_6,enforcer,50,6,300,1,514.09
8054,test_15_20,enforcer,15,20,300,2,373.2
8055,test_25_12,enforcer,25,12,300,2,328.06
8056,test_30_10,enforcer,30,10,300,2,362.96
8057,test_50_6,enforcer,50,6,300,2,318.91
8058,test_15_20,enforcer,15,20,300,3,394.12
8059,test_25_12,enforcer,25,12,300,3,282.02
8060,test_30_10,enforcer,30,10,300,3,253.54
8061,test_50_6,enforcer,50,6,300,3,251.51
8062,test_15_20,enforcer,15,20,300,4,294.08
8063,test_25_12,enforcer,25,12,300,4,288.43
8064,test_30_10,enforcer,30,10,300,4,239.55
8065,test_50_6,enforcer,50,6,300,4,237.37
8066,test_15_20,enforcer,15,20,300,5,273.62
8067,test_25_12,enforcer,25,12,300,5,245.31
8068,test_30_10,enforcer,30,10,300,5,237.28
8069,test_50_6,enforcer,50,6,300,5,240.22
8070,test_15_20,enforcer,15,20,300,6,282.01
8071,test_25_12,enforcer,25,12,300,6,243.11
8072,test_30_10,enforcer,30,10,300,6,267.42
8073,test_50_6,enforcer,50,6,300,6,274.98
8074,test_15_20,enforcer,15,20,300,7,274.45
8075,test_25_12,enforcer,25,12,300,7,247.88
8076,test_30_10,enforcer,30,10,300,7,228.05
8077,test_50_6,enforcer,50,6,300,7,216.54
8078,test_15_20,enforcer,15,20,300,8,268.28
8079,test_25_12,enforcer,25,12,300,8,222.56
8080,test_30_10,enforcer,30,10,300,8,227.65
8081,test_50_6,enforcer,50,6,300,8,211.72
8082,test_15_20,enforcer,15,20,300,9,269.31
8083,test_25_12,enforcer,25,12,300,9,263.27
8084,test_30_10,enforcer,30,10,300,9,222.01
8085,test_50_6,enforcer,50,6,300,9,217.17
8086,test_15_20,enforcer,15,20,300,10,310.75
8087,test_25_12,enforcer,25,12,300,10,241.89
8088,test_30_10,enforcer,30,10,300,10,219.9
8089,test_50_6,enforcer,50,6,300,10,217.98
8090,test_15_20,enforcer,15,20,300,11,268.59
8091,test_25_12,enforcer,25,12,300,11,228.9
8092,test_30_10,enforcer,30,10,300,11,211.19
8093,test_50_6,enforcer,50,6,300,11,226.44
8094,test_15_20,enforcer,15,20,300,12,254.73
8095,test_25_12,enforcer,25,12,300,12,218.59
8096,test_30_10,enforcer,30,10,300,12,216.29
8097,test_50_6,enforcer,50,6,300,12,232.68
8098,test_15_20,enforcer,15,20,300,13,258.91
8099,test_25_12,enforcer,25,12,300,13,225.75
8100,test_30_10,enforcer,30,10,300,13,210.67
8101,test_50_6,enforcer,50,6,300,13,212.99
8102,test_15_20,enforcer,15,20,300,14,256.21
8103,test_25_12,enforcer,25,12,300,14,261.71
8104,test_30_10,enforcer,30,10,300,14,208.54
8105,test_50_6,enforcer,50,6,300,14,206.27
8106,test_15_20,enforcer,15,20,300,15,248.09
8107,test_25_12,enforcer,25,12,300,15,233.09
8108,test_30_10,enforcer,30,10,300,15,206.59
8109,test_50_6,enforcer,50,6,300,15,202.68
8110,test_15_20,enforcer,15,20,300,16,250.23
8111,test_25_12,enforcer,25,12,300,16,222.3
8112,test_30_10,enforcer,30,10,300,16,209.26
8113,test_50_6,enforcer,50,6,300,16,211.84
8114,test_15_20,enforcer,15,20,300,17,260.55
8115,test_25_12,enforcer,25,12,300,17,224.74
8116,test_30_10,enforcer,30,10,300,17,209.17
8117,test_50_6,enforcer,50,6,300,17,208.24
8118,test_15_20,enforcer,15,20,300,18,253.89
8119,test_25_12,enforcer,25,12,300,18,217.72
8120,test_30_10,enforcer,30,10,300,18,216.92
8121,test_50_6,enforcer,50,6,300,18,205.1
8122,test_15_20,enforcer,15,20,300,19,253.58
8123,test_25_12,enforcer,25,12,300,19,216.45
8124,test_30_10,enforcer,30,10,300,19,208.36
8125,test_50_6,enforcer,50,6,300,19,206.61
8126,test_15_20,enforcer,15,20,300,20,260.08
8127,test_25_12,enforcer,25,12,300,20,215.68
8128,test_30_10,enforcer,30,10,300,20,210.92
8129,test_50_6,enforcer,50,6,300,20,209.81
8130,test_15_20,enforcer,15,20,300,21,251.32
8131,test_25_12,enforcer,25,12,300,21,218.17
8132,test_30_10,enforcer,30,10,300,21,205.79
8133,test_50_6,enforcer,50,6,300,21,208.22
8134,test_15_20,enforcer,15,20,300,22,253.31
8135,test_25_12,enforcer,25,12,300,22,214.74
8136,test_30_10,enforcer,30,10,300,22,211.84
8137,test_50_6,enforcer,50,6,300,22,209.67
8138,test_15_20,enforcer,15,20,300,23,250.56
8139,test_25_12,enforcer,25,12,300,23,225.96
8140,test_30_10,enforcer,30,10,300,23,210.86
8141,test_50_6,enforcer,50,6,300,23,213.93
8142,test_15_20,enforcer,15,20,300,24,256.04
8143,test_25_12,enforcer,25,12,300,24,214.05
8144,test_30_10,enforcer,30,10,300,24,216.0
8145,test_50_6,enforcer,50,6,300,24,207.62
8146,test_15_20,enforcer,15,20,300,25,255.6
8147,test_25_12,enforcer,25,12,300,25,215.98
8148,test_30_10,enforcer,30,10,300,25,209.22
8149,test_50_6,enforcer,50,6,300,25,204.89
8150,test_15_20,enforcer,15,20,300,26,251.35
8151,test_25_12,enforcer,25,12,300,26,215.65
8152,test_30_10,enforcer,30,10,300,26,201.38
8153,test_50_6,enforcer,50,6,300,26,206.63
8154,test_15_20,enforcer,15,20,300,27,250.55
8155,test_25_12,enforcer,25,12,300,27,217.55
8156,test_30_10,enforcer,30,10,300,27,205.43
8157,test_50_6,enforcer,50,6,300,27,204.95
8158,test_15_20,enforcer,15,20,300,28,250.63
8159,test_25_12,enforcer,25,12,300,28,224.3
8160,test_30_10,enforcer,30,10,300,28,210.31
8161,test_50_6,enforcer,50,6,300,28,204.87
8162,test_15_20,enforcer,15,20,300,29,247.58
8163,test_25_12,enforcer,25,12,300,29,223.78
8164,test_30_10,enforcer,30,10,300,29,208.14
8165,test_50_6,enforcer,50,6,300,29,204.06
8166,test_15_20,enforcer,15,20,300,30,240.57
8167,test_25_12,enforcer,25,12,300,30,226.41
8168,test_30_10,enforcer,30,10,300,30,208.11
8169,test_50_6,enforcer,50,6,300,30,199.96
8170,test_15_20,enforcer,15,20,300,31,246.65
8171,test_25_12,enforcer,25,12,300,31,223.27
8172,test_30_10,enforcer,30,10,300,31,204.2
8173,test_50_6,enforcer,50,6,300,31,205.96
8174,test_15_20,enforcer,15,20,300,32,244.67
8175,test_25_12,enforcer,25,12,300,32,210.5
8176,test_30_10,enforcer,30,10,300,32,209.73
8177,test_50_6,enforcer,50,6,300,32,205.74
8178,test_15_20,enforcer,15,20,300,33,240.04
8179,test_25_12,enforcer,25,12,300,33,216.99
8180,test_30_10,enforcer,30,10,300,33,205.47
8181,test_50_6,enforcer,50,6,300,33,198.98
8182,test_15_20,enforcer,15,20,300,34,240.97
8183,test_25_12,enforcer,25,12,300,34,206.17
8184,test_30_10,enforcer,30,10,300,34,213.23
8185,test_50_6,enforcer,50,6,300,34,202.14
8186,test_15_20,enforcer,15,20,300,35,258.39
8187,test_25_12,enforcer,25,12,300,35,208.81
8188,test_30_10,enforcer,30,10,300,35,210.57
8189,test_50_6,enforcer,50,6,300,35,209.45
8190,test_15_20,enforcer,15,20,300,36,247.57
8191,test_25_12,enforcer,25,12,300,36,210.64
8192,test_30_10,enforcer,30,10,300,36,206.21
8193,test_50_6,enforcer,50,6,300,36,201.22
8194,test_15_20,enforcer,15,20,300,37,252.98
8195,test_25_12,enforcer,25,12,300,37,206.8
8196,test_30_10,enforcer,30,10,300,37,206.83
8197,test_50_6,enforcer,50,6,300,37,202.18
8198,test_15_20,enforcer,15,20,300,38,248.91
8199,test_25_12,enforcer,25,12,300,38,209.09
8200,test_30_10,enforcer,30,10,300,38,207.89
8201,test_50_6,enforcer,50,6,300,38,209.52
8202,test_15_20,enforcer,15,20,300,39,242.66
8203,test_25_12,enforcer,25,12,300,39,205.67
8204,test_30_10,enforcer,30,10,300,39,207.23
8205,test_50_6,enforcer,50,6,300,39,203.89
8206,test_15_20,enforcer,15,20,300,40,242.15
8207,test_25_12,enforcer,25,12,300,40,207.55
8208,test_30_10,enforcer,30,10,300,40,210.23
8209,test_50_6,enforcer,50,6,300,40,200.68
8210,test_15_20,enforcer,15,20,300,41,250.44
8211,test_25_12,enforcer,25,12,300,41,207.82
8212,test_30_10,enforcer,30,10,300,41,208.18
8213,test_50_6,enforcer,50,6,300,41,204.91
8214,test_15_20,enforcer,15,20,300,42,242.32
8215,test_25_12,enforcer,25,12,300,42,206.96
8216,test_30_10,enforcer,30,10,300,42,206.61
8217,test_50_6,enforcer,50,6,300,42,204.6
8218,test_15_20,enforcer,15,20,300,43,248.53
8219,test_25_12,enforcer,25,12,300,43,215.12
8220,test_30_10,enforcer,30,10,300,43,205.92
8221,test_50_6,enforcer,50,6,300,43,199.71
8222,test_15_20,enforcer,15,20,300,44,249.61
8223,test_25_12,enforcer,25,12,300,44,206.35
8224,test_30_10,enforcer,30,10,300,44,209.04
8225,test_50_6,enforcer,50,6,300,44,203.56
8226,test_15_20,enforcer,15,20,300,45,242.33
8227,test_25_12,enforcer,25,12,300,45,209.19
8228,test_30_10,enforcer,30,10,300,45,212.76
8229,test_50_6,enforcer,50,6,300,45,202.68
8230,test_15_20,enforcer,15,20,300,46,249.94
8231,test_25_12,enforcer,25,12,300,46,207.63
8232,test_30_10,enforcer,30,10,300,46,206.07
8233,test_50_6,enforcer,50,6,300,46,202.24
8234,test_15_20,enforcer,15,20,300,47,246.5
8235,test_25_12,enforcer,25,12,300,47,211.07
8236,test_30_10,enforcer,30,10,300,47,205.73
8237,test_50_6,enforcer,50,6,300,47,203.94
8238,test_15_20,enforcer,15,20,300,48,242.19
8239,test_25_12,enforcer,25,12,300,48,213.18
8240,test_30_10,enforcer,30,10,300,48,207.65
8241,test_50_6,enforcer,50,6,300,48,205.68
8242,test_15_20,enforcer,15,20,300,49,246.83
8243,test_25_12,enforcer,25,12,300,49,204.14
8244,test_30_10,enforcer,30,10,300,49,211.04
8245,test_50_6,enforcer,50,6,300,49,208.47
8246,test_15_20,enforcer,15,20,300,50,244.14
8247,test_25_12,enforcer,25,12,300,50,207.35
8248,test_30_10,enforcer,30,10,300,50,210.48
8249,test_50_6,enforcer,50,6,300,50,206.64
8250,test_20_16,enforcer,20,16,320,1,721.88
8251,test_40_8,enforcer,40,8,320,1,534.83
8252,test_20_16,enforcer,20,16,320,2,396.18
8253,test_40_8,enforcer,40,8,320,2,381.04
8254,test_20_16,enforcer,20,16,320,3,381.18
8255,test_40_8,enforcer,40,8,320,3,296.24
8256,test_20_16,enforcer,20,16,320,4,346.41
8257,test_40_8,enforcer,40,8,320,4,272.08
8258,test_20_16,enforcer,20,16,320,5,306.9
8259,test_40_8,enforcer,40,8,320,5,305.74
8260,test_20_16,enforcer,20,16,320,6,312.44
8261,test_40_8,enforcer,40,8,320,6,254.98
8262,test_20_16,enforcer,20,16,320,7,307.37
8263,test_40_8,enforcer,40,8,320,7,253.45
8264,test_20_16,enforcer,20,16,320,8,342.12
8265,test_40_8,enforcer,40,8,320,8,252.18
8266,test_20_16,enforcer,20,16,320,9,310.65
8267,test_40_8,enforcer,40,8,320,9,255.73
8268,test_20_16,enforcer,20,16,320,10,310.68
8269,test_40_8,enforcer,40,8,320,10,265.05
8270,test_20_16,enforcer,20,16,320,11,296.16
8271,test_40_8,enforcer,40,8,320,11,268.71
8272,test_20_16,enforcer,20,16,320,12,300.96
8273,test_40_8,enforcer,40,8,320,12,243.02
8274,test_20_16,enforcer,20,16,320,13,286.16
8275,test_40_8,enforcer,40,8,320,13,240.38
8276,test_20_16,enforcer,20,16,320,14,293.96
8277,test_40_8,enforcer,40,8,320,14,243.8
8278,test_20_16,enforcer,20,16,320,15,284.83
8279,test_40_8,enforcer,40,8,320,15,236.78
8280,test_20_16,enforcer,20,16,320,16,289.2
8281,test_40_8,enforcer,40,8,320,16,240.04
8282,test_20_16,enforcer,20,16,320,17,285.8
8283,test_40_8,enforcer,40,8,320,17,240.69
8284,test_20_16,enforcer,20,16,320,18,292.02
8285,test_40_8,enforcer,40,8,320,18,240.93
8286,test_20_16,enforcer,20,16,320,19,282.37
8287,test_40_8,enforcer,40,8,320,19,240.03
8288,test_20_16,enforcer,20,16,320,20,281.96
8289,test_40_8,enforcer,40,8,320,20,239.58
8290,test_20_16,enforcer,20,16,320,21,284.21
8291,test_40_8,enforcer,40,8,320,21,238.97
8292,test_20_16,enforcer,20,16,320,22,286.78
8293,test_40_8,enforcer,40,8,320,22,242.96
8294,test_20_16,enforcer,20,16,320,23,287.67
8295,test_40_8,enforcer,40,8,320,23,245.56
8296,test_20_16,enforcer,20,16,320,24,288.36
8297,test_40_8,enforcer,40,8,320,24,238.05
8298,test_20_16,enforcer,20,16,320,25,293.9
8299,test_40_8,enforcer,40,8,320,25,244.25
8300,test_20_16,enforcer,20,16,320,26,282.24
8301,test_40_8,enforcer,40,8,320,26,240.14
8302,test_20_16,enforcer,20,16,320,27,286.5
8303,test_40_8,enforcer,40,8,320,27,242.02
8304,test_20_16,enforcer,20,16,320,28,284.81
8305,test_40_8,enforcer,40,8,320,28,238.33
8306,test_20_16,enforcer,20,16,320,29,280.07
8307,test_40_8,enforcer,40,8,320,29,239.35
8308,test_20_16,enforcer,20,16,320,30,284.44
8309,test_40_8,enforcer,40,8,320,30,239.87
8310,test_20_16,enforcer,20,16,320,31,283.05
8311,test_40_8,enforcer,40,8,320,31,237.98
8312,test_20_16,enforcer,20,16,320,32,281.3
8313,test_40_8,enforcer,40,8,320,32,237.01
8314,test_20_16,enforcer,20,16,320,33,279.23
8315,test_40_8,enforcer,40,8,320,33,234.49
8316,test_20_16,enforcer,20,16,320,34,280.83
8317,test_40_8,enforcer,40,8,320,34,236.78
8318,test_20_16,enforcer,20,16,320,35,283.32
8319,test_40_8,enforcer,40,8,320,35,234.44
8320,test_20_16,enforcer,20,16,320,36,277.52
8321,test_40_8,enforcer,40,8,320,36,237.48
8322,test_20_16,enforcer,20,16,320,37,282.23
8323,test_40_8,enforcer,40,8,320,37,234.61
8324,test_20_16,enforcer,20,16,320,38,283.2
8325,test_40_8,enforcer,40,8,320,38,236.66
8326,test_20_16,enforcer,20,16,320,39,280.42
8327,test_40_8,enforcer,40,8,320,39,237.1
8328,test_20_16,enforcer,20,16,320,40,277.8
8329,test_40_8,enforcer,40,8,320,40,236.72
8330,test_20_16,enforcer,20,16,320,41,283.93
8331,test_40_8,enforcer,40,8,320,41,234.58
8332,test_20_16,enforcer,20,16,320,42,277.32
8333,test_40_8,enforcer,40,8,320,42,233.12
8334,test_20_16,enforcer,20,16,320,43,282.15
8335,test_40_8,enforcer,40,8,320,43,237.87
8336,test_20_16,enforcer,20,16,320,44,280.38
8337,test_40_8,enforcer,40,8,320,44,241.79
8338,test_20_16,enforcer,20,16,320,45,279.04
8339,test_40_8,enforcer,40,8,320,45,242.23
8340,test_20_16,enforcer,20,16,320,46,282.23
8341,test_40_8,enforcer,40,8,320,46,236.78
8342,test_20_16,enforcer,20,16,320,47,278.59
8343,test_40_8,enforcer,40,8,320,47,238.66
8344,test_20_16,enforcer,20,16,320,48,275.85
8345,test_40_8,enforcer,40,8,320,48,237.22
8346,test_20_16,enforcer,20,16,320,49,276.41
8347,test_40_8,enforcer,40,8,320,49,238.05
8348,test_20_16,enforcer,20,16,320,50,284.42
8349,test_40_8,enforcer,40,8,320,50,234.31
8350,test_55_6,enforcer,55,6,330,1,571.88
8351,test_55_6,enforcer,55,6,330,2,415.82
8352,test_55_6,enforcer,55,6,330,3,335.81
8353,test_55_6,enforcer,55,6,330,4,295.35
8354,test_55_6,enforcer,55,6,330,5,323.97
8355,test_55_6,enforcer,55,6,330,6,274.52
8356,test_55_6,enforcer,55,6,330,7,280.79
8357,test_55_6,enforcer,55,6,330,8,274.88
8358,test_55_6,enforcer,55,6,330,9,272.23
8359,test_55_6,enforcer,55,6,330,10,310.26
8360,test_55_6,enforcer,55,6,330,11,261.76
8361,test_55_6,enforcer,55,6,330,12,260.93
8362,test_55_6,enforcer,55,6,330,13,255.03
8363,test_55_6,enforcer,55,6,330,14,252.39
8364,test_55_6,enforcer,55,6,330,15,257.33
8365,test_55_6,enforcer,55,6,330,16,261.64
8366,test_55_6,enforcer,55,6,330,17,262.27
8367,test_55_6,enforcer,55,6,330,18,259.27
8368,test_55_6,enforcer,55,6,330,19,251.01
8369,test_55_6,enforcer,55,6,330,20,260.79
8370,test_55_6,enforcer,55,6,330,21,261.92
8371,test_55_6,enforcer,55,6,330,22,256.46
8372,test_55_6,enforcer,55,6,330,23,257.77
8373,test_55_6,enforcer,55,6,330,24,255.77
8374,test_55_6,enforcer,55,6,330,25,259.65
8375,test_55_6,enforcer,55,6,330,26,258.56
8376,test_55_6,enforcer,55,6,330,27,260.75
8377,test_55_6,enforcer,55,6,330,28,258.83
8378,test_55_6,enforcer,55,6,330,29,260.19
8379,test_55_6,enforcer,55,6,330,30,251.9
8380,test_55_6,enforcer,55,6,330,31,253.27
8381,test_55_6,enforcer,55,6,330,32,255.15
8382,test_55_6,enforcer,55,6,330,33,259.77
8383,test_55_6,enforcer,55,6,330,34,253.85
8384,test_55_6,enforcer,55,6,330,35,251.07
8385,test_55_6,enforcer,55,6,330,36,254.52
8386,test_55_6,enforcer,55,6,330,37,254.16
8387,test_55_6,enforcer,55,6,330,38,253.3
8388,test_55_6,enforcer,55,6,330,39,257.7
8389,test_55_6,enforcer,55,6,330,40,252.65
8390,test_55_6,enforcer,55,6,330,41,255.28
8391,test_55_6,enforcer,55,6,330,42,257.31
8392,test_55_6,enforcer,55,6,330,43,255.37
8393,test_55_6,enforcer,55,6,330,44,256.19
8394,test_55_6,enforcer,55,6,330,45,254.68
8395,test_55_6,enforcer,55,6,330,46,250.95
8396,test_55_6,enforcer,55,6,330,47,262.37
8397,test_55_6,enforcer,55,6,330,48,267.11
8398,test_55_6,enforcer,55,6,330,49,256.26
8399,test_55_6,enforcer,55,6,330,50,255.51
8400,test_25_14,enforcer,25,14,350,1,752.78
8401,test_35_10,enforcer,35,10,350,1,687.61
8402,test_25_14,enforcer,25,14,350,2,447.38
8403,test_35_10,enforcer,35,10,350,2,405.91
8404,test_25_14,enforcer,25,14,350,3,422.67
8405,test_35_10,enforcer,35,10,350,3,373.32
8406,test_25_14,enforcer,25,14,350,4,352.65
8407,test_35_10,enforcer,35,10,350,4,413.94
8408,test_25_14,enforcer,25,14,350,5,332.51
8409,test_35_10,enforcer,35,10,350,5,334.16
8410,test_25_14,enforcer,25,14,350,6,329.52
8411,test_35_10,enforcer,35,10,350,6,322.07
8412,test_25_14,enforcer,25,14,350,7,325.35
8413,test_35_10,enforcer,35,10,350,7,311.36
8414,test_25_14,enforcer,25,14,350,8,369.52
8415,test_35_10,enforcer,35,10,350,8,318.65
8416,test_25_14,enforcer,25,14,350,9,320.61
8417,test_35_10,enforcer,35,10,350,9,315.28
8418,test_25_14,enforcer,25,14,350,10,315.56
8419,test_35_10,enforcer,35,10,350,10,337.49
8420,test_25_14,enforcer,25,14,350,11,316.04
8421,test_35_10,enforcer,35,10,350,11,310.97
8422,test_25_14,enforcer,25,14,350,12,317.09
8423,test_35_10,enforcer,35,10,350,12,301.09
8424,test_25_14,enforcer,25,14,350,13,313.82
8425,test_35_10,enforcer,35,10,350,13,303.72
8426,test_25_14,enforcer,25,14,350,14,313.97
8427,test_35_10,enforcer,35,10,350,14,293.31
8428,test_25_14,enforcer,25,14,350,15,307.78
8429,test_35_10,enforcer,35,10,350,15,297.16
8430,test_25_14,enforcer,25,14,350,16,318.93
8431,test_35_10,enforcer,35,10,350,16,303.73
8432,test_25_14,enforcer,25,14,350,17,311.84
8433,test_35_10,enforcer,35,10,350,17,296.87
8434,test_25_14,enforcer,25,14,350,18,307.7
8435,test_35_10,enforcer,35,10,350,18,300.43
8436,test_25_14,enforcer,25,14,350,19,312.55
8437,test_35_10,enforcer,35,10,350,19,299.85
8438,test_25_14,enforcer,25,14,350,20,317.6
8439,test_35_10,enforcer,35,10,350,20,297.46
8440,test_25_14,enforcer,25,14,350,21,313.59
8441,test_35_10,enforcer,35,10,350,21,303.04
8442,test_25_14,enforcer,25,14,350,22,309.91
8443,test_35_10,enforcer,35,10,350,22,297.54
8444,test_25_14,enforcer,25,14,350,23,307.75
8445,test_35_10,enforcer,35,10,350,23,297.98
8446,test_25_14,enforcer,25,14,350,24,307.87
8447,test_35_10,enforcer,35,10,350,24,301.48
8448,test_25_14,enforcer,25,14,350,25,312.84
8449,test_35_10,enforcer,35,10,350,25,301.91
8450,test_25_14,enforcer,25,14,350,26,313.67
8451,test_35_10,enforcer,35,10,350,26,294.92
8452,test_25_14,enforcer,25,14,350,27,310.13
8453,test_35_10,enforcer,35,10,350,27,302.85
8454,test_25_14,enforcer,25,14,350,28,304.67
8455,test_35_10,enforcer,35,10,350,28,306.29
8456,test_25_14,enforcer,25,14,350,29,306.14
8457,test_35_10,enforcer,35,10,350,29,303.39
8458,test_25_14,enforcer,25,14,350,30,314.39
8459,test_35_10,enforcer,35,10,350,30,300.32
8460,test_25_14,enforcer,25,14,350,31,306.13
8461,test_35_10,enforcer,35,10,350,31,299.94
8462,test_25_14,enforcer,25,14,350,32,309.47
8463,test_35_10,enforcer,35,10,350,32,299.13
8464,test_25_14,enforcer,25,14,350,33,311.07
8465,test_35_10,enforcer,35,10,350,33,296.12
8466,test_25_14,enforcer,25,14,350,34,309.71
8467,test_35_10,enforcer,35,10,350,34,302.66
8468,test_25_14,enforcer,25,14,350,35,317.46
8469,test_35_10,enforcer,35,10,350,35,301.27
8470,test_25_14,enforcer,25,14,350,36,312.22
8471,test_35_10,enforcer,35,10,350,36,295.19
8472,test_25_14,enforcer,25,14,350,37,310.08
8473,test_35_10,enforcer,35,10,350,37,295.13
8474,test_25_14,enforcer,25,14,350,38,316.78
8475,test_35_10,enforcer,35,10,350,38,297.83
8476,test_25_14,enforcer,25,14,350,39,317.76
8477,test_35_10,enforcer,35,10,350,39,300.62
8478,test_25_14,enforcer,25,14,350,40,308.65
8479,test_35_10,enforcer,35,10,350,40,300.09
8480,test_25_14,enforcer,25,14,350,41,308.2
8481,test_35_10,enforcer,35,10,350,41,299.89
8482,test_25_14,enforcer,25,14,350,42,314.88
8483,test_35_10,enforcer,35,10,350,42,287.9
8484,test_25_14,enforcer,25,14,350,43,308.44
8485,test_35_10,enforcer,35,10,350,43,289.67
8486,test_25_14,enforcer,25,14,350,44,308.13
8487,test_35_10,enforcer,35,10,350,44,287.03
8488,test_25_14,enforcer,25,14,350,45,311.08
8489,test_35_10,enforcer,35,10,350,45,284.63
8490,test_25_14,enforcer,25,14,350,46,309.33
8491,test_35_10,enforcer,35,10,350,46,286.71
8492,test_25_14,enforcer,25,14,350,47,304.07
8493,test_35_10,enforcer,35,10,350,47,300.97
8494,test_25_14,enforcer,25,14,350,48,307.89
8495,test_35_10,enforcer,35,10,350,48,287.83
8496,test_25_14,enforcer,25,14,350,49,308.71
8497,test_35_10,enforcer,35,10,350,49,289.39
8498,test_25_14,enforcer,25,14,350,50,306.75
8499,test_35_10,enforcer,35,10,350,50,285.82
8500,test_20_18,enforcer,20,18,360,1,852.24
8501,test_30_12,enforcer,30,12,360,1,738.26
8502,test_45_8,enforcer,45,8,360,1,651.0
8503,test_60_6,enforcer,60,6,360,1,666.68
8504,test_20_18,enforcer,20,18,360,2,478.09
8505,test_30_12,enforcer,30,12,360,2,471.77
8506,test_45_8,enforcer,45,8,360,2,436.42
8507,test_60_6,enforcer,60,6,360,2,449.59
8508,test_20_18,enforcer,20,18,360,3,449.15
8509,test_30_12,enforcer,30,12,360,3,455.84
8510,test_45_8,enforcer,45,8,360,3,399.72
8511,test_60_6,enforcer,60,6,360,3,361.98
8512,test_20_18,enforcer,20,18,360,4,367.63
8513,test_30_12,enforcer,30,12,360,4,367.92
8514,test_45_8,enforcer,45,8,360,4,365.49
8515,test_60_6,enforcer,60,6,360,4,383.49
8516,test_20_18,enforcer,20,18,360,5,359.67
8517,test_30_12,enforcer,30,12,360,5,349.8
8518,test_45_8,enforcer,45,8,360,5,332.32
8519,test_60_6,enforcer,60,6,360,5,330.37
8520,test_20_18,enforcer,20,18,360,6,358.55
8521,test_30_12,enforcer,30,12,360,6,342.96
8522,test_45_8,enforcer,45,8,360,6,335.33
8523,test_60_6,enforcer,60,6,360,6,326.94
8524,test_20_18,enforcer,20,18,360,7,355.74
8525,test_30_12,enforcer,30,12,360,7,350.63
8526,test_45_8,enforcer,45,8,360,7,330.07
8527,test_60_6,enforcer,60,6,360,7,323.55
8528,test_20_18,enforcer,20,18,360,8,363.69
8529,test_30_12,enforcer,30,12,360,8,378.26
8530,test_45_8,enforcer,45,8,360,8,328.53
8531,test_60_6,enforcer,60,6,360,8,326.05
8532,test_20_18,enforcer,20,18,360,9,355.75
8533,test_30_12,enforcer,30,12,360,9,332.65
8534,test_45_8,enforcer,45,8,360,9,350.66
8535,test_60_6,enforcer,60,6,360,9,346.84
8536,test_20_18,enforcer,20,18,360,10,363.3
8537,test_30_12,enforcer,30,12,360,10,334.17
8538,test_45_8,enforcer,45,8,360,10,327.91
8539,test_60_6,enforcer,60,6,360,10,332.85
8540,test_20_18,enforcer,20,18,360,11,338.56
8541,test_30_12,enforcer,30,12,360,11,340.09
8542,test_45_8,enforcer,45,8,360,11,316.95
8543,test_60_6,enforcer,60,6,360,11,314.24
8544,test_20_18,enforcer,20,18,360,12,348.05
8545,test_30_12,enforcer,30,12,360,12,323.82
8546,test_45_8,enforcer,45,8,360,12,312.31
8547,test_60_6,enforcer,60,6,360,12,317.88
8548,test_20_18,enforcer,20,18,360,13,343.48
8549,test_30_12,enforcer,30,12,360,13,319.2
8550,test_45_8,enforcer,45,8,360,13,315.13
8551,test_60_6,enforcer,60,6,360,13,313.26
8552,test_20_18,enforcer,20,18,360,14,344.54
8553,test_30_12,enforcer,30,12,360,14,320.67
8554,test_45_8,enforcer,45,8,360,14,312.17
8555,test_60_6,enforcer,60,6,360,14,314.22
8556,test_20_18,enforcer,20,18,360,15,345.54
8557,test_30_12,enforcer,30,12,360,15,322.2
8558,test_45_8,enforcer,45,8,360,15,306.3
8559,test_60_6,enforcer,60,6,360,15,322.64
8560,test_20_18,enforcer,20,18,360,16,347.69
8561,test_30_12,enforcer,30,12,360,16,324.09
8562,test_45_8,enforcer,45,8,360,16,309.81
8563,test_60_6,enforcer,60,6,360,16,320.38
8564,test_20_18,enforcer,20,18,360,17,341.36
8565,test_30_12,enforcer,30,12,360,17,323.24
8566,test_45_8,enforcer,45,8,360,17,312.26
8567,test_60_6,enforcer,60,6,360,17,320.69
8568,test_20_18,enforcer,20,18,360,18,347.13
8569,test_30_12,enforcer,30,12,360,18,314.72
8570,test_45_8,enforcer,45,8,360,18,306.88
8571,test_60_6,enforcer,60,6,360,18,313.06
8572,test_20_18,enforcer,20,18,360,19,339.37
8573,test_30_12,enforcer,30,12,360,19,320.48
8574,test_45_8,enforcer,45,8,360,19,311.53
8575,test_60_6,enforcer,60,6,360,19,320.68
8576,test_20_18,enforcer,20,18,360,20,343.13
8577,test_30_12,enforcer,30,12,360,20,318.14
8578,test_45_8,enforcer,45,8,360,20,310.17
8579,test_60_6,enforcer,60,6,360,20,310.93
8580,test_20_18,enforcer,20,18,360,21,348.93
8581,test_30_12,enforcer,30,12,360,21,317.78
8582,test_45_8,enforcer,45,8,360,21,311.92
8583,test_60_6,enforcer,60,6,360,21,317.24
8584,test_20_18,enforcer,20,18,360,22,336.69
8585,test_30_12,enforcer,30,12,360,22,318.85
8586,test_45_8,enforcer,45,8,360,22,313.81
8587,test_60_6,enforcer,60,6,360,22,310.1
8588,test_20_18,enforcer,20,18,360,23,340.84
8589,test_30_12,enforcer,30,12,360,23,325.45
8590,test_45_8,enforcer,45,8,360,23,310.04
8591,test_60_6,enforcer,60,6,360,23,314.58
8592,test_20_18,enforcer,20,18,360,24,343.11
8593,test_30_12,enforcer,30,12,360,24,315.47
8594,test_45_8,enforcer,45,8,360,24,307.23
8595,test_60_6,enforcer,60,6,360,24,314.33
8596,test_20_18,enforcer,20,18,360,25,343.63
8597,test_30_12,enforcer,30,12,360,25,330.97
8598,test_45_8,enforcer,45,8,360,25,313.08
8599,test_60_6,enforcer,60,6,360,25,310.45
8600,test_20_18,enforcer,20,18,360,26,345.47
8601,test_30_12,enforcer,30,12,360,26,319.03
8602,test_45_8,enforcer,45,8,360,26,312.39
8603,test_60_6,enforcer,60,6,360,26,313.92
8604,test_20_18,enforcer,20,18,360,27,341.99
8605,test_30_12,enforcer,30,12,360,27,314.01
8606,test_45_8,enforcer,45,8,360,27,314.87
8607,test_60_6,enforcer,60,6,360,27,309.51
8608,test_20_18,enforcer,20,18,360,28,345.85
8609,test_30_12,enforcer,30,12,360,28,315.7
8610,test_45_8,enforcer,45,8,360,28,311.91
8611,test_60_6,enforcer,60,6,360,28,308.53
8612,test_20_18,enforcer,20,18,360,29,334.61
8613,test_30_12,enforcer,30,12,360,29,316.77
8614,test_45_8,enforcer,45,8,360,29,306.49
8615,test_60_6,enforcer,60,6,360,29,312.54
8616,test_20_18,enforcer,20,18,360,30,339.79
8617,test_30_12,enforcer,30,12,360,30,318.7
8618,test_45_8,enforcer,45,8,360,30,310.21
8619,test_60_6,enforcer,60,6,360,30,310.2
8620,test_20_18,enforcer,20,18,360,31,343.81
8621,test_30_12,enforcer,30,12,360,31,316.75
8622,test_45_8,enforcer,45,8,360,31,306.24
8623,test_60_6,enforcer,60,6,360,31,309.97
8624,test_20_18,enforcer,20,18,360,32,340.28
8625,test_30_12,enforcer,30,12,360,32,317.85
8626,test_45_8,enforcer,45,8,360,32,312.41
8627,test_60_6,enforcer,60,6,360,32,315.89
8628,test_20_18,enforcer,20,18,360,33,340.16
8629,test_30_12,enforcer,30,12,360,33,314.43
8630,test_45_8,enforcer,45,8,360,33,310.41
8631,test_60_6,enforcer,60,6,360,33,314.55
8632,test_20_18,enforcer,20,18,360,34,344.3
8633,test_30_12,enforcer,30,12,360,34,314.85
8634,test_45_8,enforcer,45,8,360,34,305.43
8635,test_60_6,enforcer,60,6,360,34,315.1
8636,test_20_18,enforcer,20,18,360,35,341.11
8637,test_30_12,enforcer,30,12,360,35,314.15
8638,test_45_8,enforcer,45,8,360,35,304.27
8639,test_60_6,enforcer,60,6,360,35,314.33
8640,test_20_18,enforcer,20,18,360,36,339.7
8641,test_30_12,enforcer,30,12,360,36,318.27
8642,test_45_8,enforcer,45,8,360,36,307.27
8643,test_60_6,enforcer,60,6,360,36,312.32
8644,test_20_18,enforcer,20,18,360,37,342.73
8645,test_30_12,enforcer,30,12,360,37,315.18
8646,test_45_8,enforcer,45,8,360,37,308.86
8647,test_60_6,enforcer,60,6,360,37,310.46
8648,test_20_18,enforcer,20,18,360,38,344.09
8649,test_30_12,enforcer,30,12,360,38,315.75
8650,test_45_8,enforcer,45,8,360,38,306.36
8651,test_60_6,enforcer,60,6,360,38,313.32
8652,test_20_18,enforcer,20,18,360,39,336.08
8653,test_30_12,enforcer,30,12,360,39,319.84
8654,test_45_8,enforcer,45,8,360,39,311.14
8655,test_60_6,enforcer,60,6,360,39,311.11
8656,test_20_18,enforcer,20,18,360,40,340.67
8657,test_30_12,enforcer,30,12,360,40,313.46
8658,test_45_8,enforcer,45,8,360,40,305.43
8659,test_60_6,enforcer,60,6,360,40,314.85
8660,test_20_18,enforcer,20,18,360,41,336.51
8661,test_30_12,enforcer,30,12,360,41,313.72
8662,test_45_8,enforcer,45,8,360,41,304.63
8663,test_60_6,enforcer,60,6,360,41,320.16
8664,test_20_18,enforcer,20,18,360,42,340.5
8665,test_30_12,enforcer,30,12,360,42,315.78
8666,test_45_8,enforcer,45,8,360,42,309.61
8667,test_60_6,enforcer,60,6,360,42,308.56
8668,test_20_18,enforcer,20,18,360,43,337.12
8669,test_30_12,enforcer,30,12,360,43,311.2
8670,test_45_8,enforcer,45,8,360,43,308.45
8671,test_60_6,enforcer,60,6,360,43,311.59
8672,test_20_18,enforcer,20,18,360,44,341.7
8673,test_30_12,enforcer,30,12,360,44,310.09
8674,test_45_8,enforcer,45,8,360,44,306.34
8675,test_60_6,enforcer,60,6,360,44,314.8
8676,test_20_18,enforcer,20,18,360,45,341.48
8677,test_30_12,enforcer,30,12,360,45,316.24
8678,test_45_8,enforcer,45,8,360,45,310.29
8679,test_60_6,enforcer,60,6,360,45,309.72
8680,test_20_18,enforcer,20,18,360,46,340.64
8681,test_30_12,enforcer,30,12,360,46,308.83
8682,test_45_8,enforcer,45,8,360,46,306.37
8683,test_60_6,enforcer,60,6,360,46,315.83
8684,test_20_18,enforcer,20,18,360,47,344.56
8685,test_30_12,enforcer,30,12,360,47,312.88
8686,test_45_8,enforcer,45,8,360,47,306.4
8687,test_60_6,enforcer,60,6,360,47,308.26
8688,test_20_18,enforcer,20,18,360,48,341.38
8689,test_30_12,enforcer,30,12,360,48,314.38
8690,test_45_8,enforcer,45,8,360,48,306.7
8691,test_60_6,enforcer,60,6,360,48,315.23
8692,test_20_18,enforcer,20,18,360,49,336.18
8693,test_30_12,enforcer,30,12,360,49,310.36
8694,test_45_8,enforcer,45,8,360,49,306.33
8695,test_60_6,enforcer,60,6,360,49,310.73
8696,test_20_18,enforcer,20,18,360,50,342.35
8697,test_30_12,enforcer,30,12,360,50,314.71
8698,test_45_8,enforcer,45,8,360,50,301.49
8699,test_60_6,enforcer,60,6,360,50,311.4
8700,test_20_20,enforcer,20,20,400,1,1117.53
8701,test_25_16,enforcer,25,16,400,1,960.09
8702,test_40_10,enforcer,40,10,400,1,866.09
8703,test_50_8,enforcer,50,8,400,1,854.55
8704,test_20_20,enforcer,20,20,400,2,661.72
8705,test_25_16,enforcer,25,16,400,2,672.09
8706,test_40_10,enforcer,40,10,400,2,586.17
8707,test_50_8,enforcer,50,8,400,2,598.31
8708,test_20_20,enforcer,20,20,400,3,555.1
8709,test_25_16,enforcer,25,16,400,3,578.82
8710,test_40_10,enforcer,40,10,400,3,542.61
8711,test_50_8,enforcer,50,8,400,3,521.31
8712,test_20_20,enforcer,20,20,400,4,552.39
8713,test_25_16,enforcer,25,16,400,4,553.52
8714,test_40_10,enforcer,40,10,400,4,485.01
8715,test_50_8,enforcer,50,8,400,4,528.19
8716,test_20_20,enforcer,20,20,400,5,507.66
8717,test_25_16,enforcer,25,16,400,5,532.29
8718,test_40_10,enforcer,40,10,400,5,484.34
8719,test_50_8,enforcer,50,8,400,5,508.54
8720,test_20_20,enforcer,20,20,400,6,519.64
8721,test_25_16,enforcer,25,16,400,6,544.59
8722,test_40_10,enforcer,40,10,400,6,473.13
8723,test_50_8,enforcer,50,8,400,6,486.14
8724,test_20_20,enforcer,20,20,400,7,519.93
8725,test_25_16,enforcer,25,16,400,7,538.37
8726,test_40_10,enforcer,40,10,400,7,487.65
8727,test_50_8,enforcer,50,8,400,7,476.11
8728,test_20_20,enforcer,20,20,400,8,517.11
8729,test_25_16,enforcer,25,16,400,8,529.5
8730,test_40_10,enforcer,40,10,400,8,471.41
8731,test_50_8,enforcer,50,8,400,8,478.2
8732,test_20_20,enforcer,20,20,400,9,508.44
8733,test_25_16,enforcer,25,16,400,9,525.47
8734,test_40_10,enforcer,40,10,400,9,469.94
8735,test_50_8,enforcer,50,8,400,9,459.38
8736,test_20_20,enforcer,20,20,400,10,503.94
8737,test_25_16,enforcer,25,16,400,10,533.16
8738,test_40_10,enforcer,40,10,400,10,457.48
8739,test_50_8,enforcer,50,8,400,10,463.59
8740,test_20_20,enforcer,20,20,400,11,500.39
8741,test_25_16,enforcer,25,16,400,11,515.81
8742,test_40_10,enforcer,40,10,400,11,464.69
8743,test_50_8,enforcer,50,8,400,11,454.49
8744,test_20_20,enforcer,20,20,400,12,498.19
8745,test_25_16,enforcer,25,16,400,12,517.11
8746,test_40_10,enforcer,40,10,400,12,461.68
8747,test_50_8,enforcer,50,8,400,12,454.06
8748,test_20_20,enforcer,20,20,400,13,504.81
8749,test_25_16,enforcer,25,16,400,13,515.79
8750,test_40_10,enforcer,40,10,400,13,463.69
8751,test_50_8,enforcer,50,8,400,13,463.23
8752,test_20_20,enforcer,20,20,400,14,494.1
8753,test_25_16,enforcer,25,16,400,14,523.3
8754,test_40_10,enforcer,40,10,400,14,464.37
8755,test_50_8,enforcer,50,8,400,14,457.68
8756,test_20_20,enforcer,20,20,400,15,497.55
8757,test_25_16,enforcer,25,16,400,15,513.3
8758,test_40_10,enforcer,40,10,400,15,465.43
8759,test_50_8,enforcer,50,8,400,15,457.13
8760,test_20_20,enforcer,20,20,400,16,491.92
8761,test_25_16,enforcer,25,16,400,16,516.89
8762,test_40_10,enforcer,40,10,400,16,459.92
8763,test_50_8,enforcer,50,8,400,16,454.41
8764,test_20_20,enforcer,20,20,400,17,498.18
8765,test_25_16,enforcer,25,16,400,17,514.57
8766,test_40_10,enforcer,40,10,400,17,463.99
8767,test_50_8,enforcer,50,8,400,17,456.46
8768,test_20_20,enforcer,20,20,400,18,509.64
8769,test_25_16,enforcer,25,16,400,18,517.98
8770,test_40_10,enforcer,40,10,400,18,458.25
8771,test_50_8,enforcer,50,8,400,18,455.86
8772,test_20_20,enforcer,20,20,400,19,500.84
8773,test_25_16,enforcer,25,16,400,19,514.94
8774,test_40_10,enforcer,40,10,400,19,456.78
8775,test_50_8,enforcer,50,8,400,19,454.67
8776,test_20_20,enforcer,20,20,400,20,491.65
8777,test_25_16,enforcer,25,16,400,20,514.5
8778,test_40_10,enforcer,40,10,400,20,458.49
8779,test_50_8,enforcer,50,8,400,20,449.08
8780,test_20_20,enforcer,20,20,400,21,501.33
8781,test_25_16,enforcer,25,16,400,21,519.26
8782,test_40_10,enforcer,40,10,400,21,464.89
8783,test_50_8,enforcer,50,8,400,21,456.98
8784,test_20_20,enforcer,20,20,400,22,494.92
8785,test_25_16,enforcer,25,16,400,22,518.69
8786,test_40_10,enforcer,40,10,400,22,465.12
8787,test_50_8,enforcer,50,8,400,22,455.27
8788,test_20_20,enforcer,20,20,400,23,499.32
8789,test_25_16,enforcer,25,16,400,23,516.26
8790,test_40_10,enforcer,40,10,400,23,457.46
8791,test_50_8,enforcer,50,8,400,23,454.0
8792,test_20_20,enforcer,20,20,400,24,502.01
8793,test_25_16,enforcer,25,16,400,24,516.14
8794,test_40_10,enforcer,40,10,400,24,465.27
8795,test_50_8,enforcer,50,8,400,24,456.21
8796,test_20_20,enforcer,20,20,400,25,497.35
8797,test_25_16,enforcer,25,16,400,25,518.22
8798,test_40_10,enforcer,40,10,400,25,457.95
8799,test_50_8,enforcer,50,8,400,25,457.39
8800,test_20_20,enforcer,20,20,400,26,488.79
8801,test_25_16,enforcer,25,16,400,26,500.66
8802,test_40_10,enforcer,40,10,400,26,456.42
8803,test_50_8,enforcer,50,8,400,26,456.61
8804,test_20_20,enforcer,20,20,400,27,501.48
8805,test_25_16,enforcer,25,16,400,27,511.01
8806,test_40_10,enforcer,40,10,400,27,458.43
8807,test_50_8,enforcer,50,8,400,27,457.81
8808,test_20_20,enforcer,20,20,400,28,490.41
8809,test_25_16,enforcer,25,16,400,28,510.49
8810,test_40_10,enforcer,40,10,400,28,454.75
8811,test_50_8,enforcer,50,8,400,28,457.3
8812,test_20_20,enforcer,20,20,400,29,488.76
8813,test_25_16,enforcer,25,16,400,29,519.6
8814,test_40_10,enforcer,40,10,400,29,458.2
8815,test_50_8,enforcer,50,8,400,29,455.9
8816,test_20_20,enforcer,20,20,400,30,488.05
8817,test_25_16,enforcer,25,16,400,30,509.88
8818,test_40_10,enforcer,40,10,400,30,455.69
8819,test_50_8,enforcer,50,8,400,30,448.45
8820,test_20_20,enforcer,20,20,400,31,492.04
8821,test_25_16,enforcer,25,16,400,31,509.0
8822,test_40_10,enforcer,40,10,400,31,457.07
8823,test_50_8,enforcer,50,8,400,31,446.43
8824,test_20_20,enforcer,20,20,400,32,499.01
8825,test_25_16,enforcer,25,16,400,32,512.36
8826,test_40_10,enforcer,40,10,400,32,459.01
8827,test_50_8,enforcer,50,8,400,32,454.17
8828,test_20_20,enforcer,20,20,400,33,492.47
8829,test_25_16,enforcer,25,16,400,33,517.4
8830,test_40_10,enforcer,40,10,400,33,460.4
8831,test_50_8,enforcer,50,8,400,33,453.2
8832,test_20_20,enforcer,20,20,400,34,490.36
8833,test_25_16,enforcer,25,16,400,34,513.85
8834,test_40_10,enforcer,40,10,400,34,460.63
8835,test_50_8,enforcer,50,8,400,34,454.69
8836,test_20_20,enforcer,20,20,400,35,496.22
8837,test_25_16,enforcer,25,16,400,35,515.88
8838,test_40_10,enforcer,40,10,400,35,453.31
8839,test_50_8,enforcer,50,8,400,35,455.1
8840,test_20_20,enforcer,20,20,400,36,495.9
8841,test_25_16,enforcer,25,16,400,36,512.15
8842,test_40_10,enforcer,40,10,400,36,449.22
8843,test_50_8,enforcer,50,8,400,36,449.27
8844,test_20_20,enforcer,20,20,400,37,499.96
8845,test_25_16,enforcer,25,16,400,37,512.45
8846,test_40_10,enforcer,40,10,400,37,460.91
8847,test_50_8,enforcer,50,8,400,37,451.71
8848,test_20_20,enforcer,20,20,400,38,490.47
8849,test_25_16,enforcer,25,16,400,38,523.59
8850,test_40_10,enforcer,40,10,400,38,458.96
8851,test_50_8,enforcer,50,8,400,38,458.0
8852,test_20_20,enforcer,20,20,400,39,486.66
8853,test_25_16,enforcer,25,16,400,39,507.01
8854,test_40_10,enforcer,40,10,400,39,460.87
8855,test_50_8,enforcer,50,8,400,39,464.14
8856,test_20_20,enforcer,20,20,400,40,487.39
8857,test_25_16,enforcer,25,16,400,40,514.24
8858,test_40_10,enforcer,40,10,400,40,458.22
8859,test_50_8,enforcer,50,8,400,40,453.21
8860,test_20_20,enforcer,20,20,400,41,496.98
8861,test_25_16,enforcer,25,16,400,41,515.94
8862,test_40_10,enforcer,40,10,400,41,460.55
8863,test_50_8,enforcer,50,8,400,41,451.41
8864,test_20_20,enforcer,20,20,400,42,488.58
8865,test_25_16,enforcer,25,16,400,42,513.82
8866,test_40_10,enforcer,40,10,400,42,462.74
8867,test_50_8,enforcer,50,8,400,42,455.94
8868,test_20_20,enforcer,20,20,400,43,486.6
8869,test_25_16,enforcer,25,16,400,43,511.9
8870,test_40_10,enforcer,40,10,400,43,458.21
8871,test_50_8,enforcer,50,8,400,43,457.81
8872,test_20_20,enforcer,20,20,400,44,488.31
8873,test_25_16,enforcer,25,16,400,44,506.16
8874,test_40_10,enforcer,40,10,400,44,454.87
8875,test_50_8,enforcer,50,8,400,44,452.66
8876,test_20_20,enforcer,20,20,400,45,495.93
8877,test_25_16,enforcer,25,16,400,45,509.86
8878,test_40_10,enforcer,40,10,400,45,456.42
8879,test_50_8,enforcer,50,8,400,45,449.88
8880,test_20_20,enforcer,20,20,400,46,484.32
8881,test_25_16,enforcer,25,16,400,46,506.37
8882,test_40_10,enforcer,40,10,400,46,460.63
8883,test_50_8,enforcer,50,8,400,46,454.92
8884,test_20_20,enforcer,20,20,400,47,483.8
8885,test_25_16,enforcer,25,16,400,47,520.54
8886,test_40_10,enforcer,40,10,400,47,462.7
8887,test_50_8,enforcer,50,8,400,47,464.49
8888,test_20_20,enforcer,20,20,400,48,486.71
8889,test_25_16,enforcer,25,16,400,48,503.77
8890,test_40_10,enforcer,40,10,400,48,470.15
8891,test_50_8,enforcer,50,8,400,48,460.91
8892,test_20_20,enforcer,20,20,400,49,494.39
8893,test_25_16,enforcer,25,16,400,49,509.09
8894,test_40_10,enforcer,40,10,400,49,456.77
8895,test_50_8,enforcer,50,8,400,49,452.9
8896,test_20_20,enforcer,20,20,400,50,489.42
8897,test_25_16,enforcer,25,16,400,50,501.72
8898,test_40_10,enforcer,40,10,400,50,460.63
8899,test_50_8,enforcer,50,8,400,50,455.62
8900,test_30_14,enforcer,30,14,420,1,977.62
8901,test_35_12,enforcer,35,12,420,1,960.92
8902,test_30_14,enforcer,30,14,420,2,701.94
8903,test_35_12,enforcer,35,12,420,2,625.74
8904,test_30_14,enforcer,30,14,420,3,578.99
8905,test_35_12,enforcer,35,12,420,3,561.04
8906,test_30_14,enforcer,30,14,420,4,547.89
8907,test_35_12,enforcer,35,12,420,4,568.17
8908,test_30_14,enforcer,30,14,420,5,540.68
8909,test_35_12,enforcer,35,12,420,5,523.35
8910,test_30_14,enforcer,30,14,420,6,531.38
8911,test_35_12,enforcer,35,12,420,6,539.42
8912,test_30_14,enforcer,30,14,420,7,536.4
8913,test_35_12,enforcer,35,12,420,7,530.62
8914,test_30_14,enforcer,30,14,420,8,539.2
8915,test_35_12,enforcer,35,12,420,8,521.62
8916,test_30_14,enforcer,30,14,420,9,528.81
8917,test_35_12,enforcer,35,12,420,9,517.64
8918,test_30_14,enforcer,30,14,420,10,516.0
8919,test_35_12,enforcer,35,12,420,10,516.17
8920,test_30_14,enforcer,30,14,420,11,530.16
8921,test_35_12,enforcer,35,12,420,11,520.5
8922,test_30_14,enforcer,30,14,420,12,526.33
8923,test_35_12,enforcer,35,12,420,12,520.26
8924,test_30_14,enforcer,30,14,420,13,529.17
8925,test_35_12,enforcer,35,12,420,13,518.8
8926,test_30_14,enforcer,30,14,420,14,523.81
8927,test_35_12,enforcer,35,12,420,14,516.0
8928,test_30_14,enforcer,30,14,420,15,522.63
8929,test_35_12,enforcer,35,12,420,15,513.59
8930,test_30_14,enforcer,30,14,420,16,520.81
8931,test_35_12,enforcer,35,12,420,16,518.49
8932,test_30_14,enforcer,30,14,420,17,519.06
8933,test_35_12,enforcer,35,12,420,17,513.12
8934,test_30_14,enforcer,30,14,420,18,518.63
8935,test_35_12,enforcer,35,12,420,18,513.3
8936,test_30_14,enforcer,30,14,420,19,523.88
8937,test_35_12,enforcer,35,12,420,19,506.96
8938,test_30_14,enforcer,30,14,420,20,524.83
8939,test_35_12,enforcer,35,12,420,20,513.64
8940,test_30_14,enforcer,30,14,420,21,518.09
8941,test_35_12,enforcer,35,12,420,21,511.98
8942,test_30_14,enforcer,30,14,420,22,530.78
8943,test_35_12,enforcer,35,12,420,22,514.17
8944,test_30_14,enforcer,30,14,420,23,526.35
8945,test_35_12,enforcer,35,12,420,23,511.57
8946,test_30_14,enforcer,30,14,420,24,521.7
8947,test_35_12,enforcer,35,12,420,24,508.0
8948,test_30_14,enforcer,30,14,420,25,520.95
8949,test_35_12,enforcer,35,12,420,25,514.29
8950,test_30_14,enforcer,30,14,420,26,525.59
8951,test_35_12,enforcer,35,12,420,26,514.83
8952,test_30_14,enforcer,30,14,420,27,516.8
8953,test_35_12,enforcer,35,12,420,27,511.6
8954,test_30_14,enforcer,30,14,420,28,516.5
8955,test_35_12,enforcer,35,12,420,28,506.9
8956,test_30_14,enforcer,30,14,420,29,523.04
8957,test_35_12,enforcer,35,12,420,29,511.04
8958,test_30_14,enforcer,30,14,420,30,527.59
8959,test_35_12,enforcer,35,12,420,30,522.47
8960,test_30_14,enforcer,30,14,420,31,528.11
8961,test_35_12,enforcer,35,12,420,31,511.82
8962,test_30_14,enforcer,30,14,420,32,523.42
8963,test_35_12,enforcer,35,12,420,32,507.64
8964,test_30_14,enforcer,30,14,420,33,516.24
8965,test_35_12,enforcer,35,12,420,33,512.28
8966,test_30_14,enforcer,30,14,420,34,516.93
8967,test_35_12,enforcer,35,12,420,34,512.83
8968,test_30_14,enforcer,30,14,420,35,516.31
8969,test_35_12,enforcer,35,12,420,35,507.97
8970,test_30_14,enforcer,30,14,420,36,512.63
8971,test_35_12,enforcer,35,12,420,36,514.45
8972,test_30_14,enforcer,30,14,420,37,523.21
8973,test_35_12,enforcer,35,12,420,37,512.32
8974,test_30_14,enforcer,30,14,420,38,520.13
8975,test_35_12,enforcer,35,12,420,38,515.0
8976,test_30_14,enforcer,30,14,420,39,524.7
8977,test_35_12,enforcer,35,12,420,39,509.83
8978,test_30_14,enforcer,30,14,420,40,512.21
8979,test_35_12,enforcer,35,12,420,40,509.48
8980,test_30_14,enforcer,30,14,420,41,519.78
8981,test_35_12,enforcer,35,12,420,41,510.39
8982,test_30_14,enforcer,30,14,420,42,514.41
8983,test_35_12,enforcer,35,12,420,42,507.51
8984,test_30_14,enforcer,30,14,420,43,516.15
8985,test_35_12,enforcer,35,12,420,43,513.15
8986,test_30_14,enforcer,30,14,420,44,516.73
8987,test_35_12,enforcer,35,12,420,44,516.23
8988,test_30_14,enforcer,30,14,420,45,516.37
8989,test_35_12,enforcer,35,12,420,45,519.05
8990,test_30_14,enforcer,30,14,420,46,514.62
8991,test_35_12,enforcer,35,12,420,46,511.53
8992,test_30_14,enforcer,30,14,420,47,514.15
8993,test_35_12,enforcer,35,12,420,47,507.0
8994,test_30_14,enforcer,30,14,420,48,519.92
8995,test_35_12,enforcer,35,12,420,48,511.42
8996,test_30_14,enforcer,30,14,420,49,519.63
8997,test_35_12,enforcer,35,12,420,49,511.02
8998,test_30_14,enforcer,30,14,420,50,514.52
8999,test_35_12,enforcer,35,12,420,50,510.82
9000,test_55_8,enforcer,55,8,440,1,971.91
9001,test_55_8,enforcer,55,8,440,2,692.77
9002,test_55_8,enforcer,55,8,440,3,676.14
9003,test_55_8,enforcer,55,8,440,4,589.88
9004,test_55_8,enforcer,55,8,440,5,574.25
9005,test_55_8,enforcer,55,8,440,6,572.37
9006,test_55_8,enforcer,55,8,440,7,558.65
9007,test_55_8,enforcer,55,8,440,8,559.43
9008,test_55_8,enforcer,55,8,440,9,550.23
9009,test_55_8,enforcer,55,8,440,10,553.72
9010,test_55_8,enforcer,55,8,440,11,552.56
9011,test_55_8,enforcer,55,8,440,12,543.98
9012,test_55_8,enforcer,55,8,440,13,548.78
9013,test_55_8,enforcer,55,8,440,14,551.99
9014,test_55_8,enforcer,55,8,440,15,555.78
9015,test_55_8,enforcer,55,8,440,16,545.91
9016,test_55_8,enforcer,55,8,440,17,549.92
9017,test_55_8,enforcer,55,8,440,18,551.14
9018,test_55_8,enforcer,55,8,440,19,551.49
9019,test_55_8,enforcer,55,8,440,20,544.08
9020,test_55_8,enforcer,55,8,440,21,549.79
9021,test_55_8,enforcer,55,8,440,22,547.71
9022,test_55_8,enforcer,55,8,440,23,547.53
9023,test_55_8,enforcer,55,8,440,24,560.17
9024,test_55_8,enforcer,55,8,440,25,544.74
9025,test_55_8,enforcer,55,8,440,26,544.72
9026,test_55_8,enforcer,55,8,440,27,547.99
9027,test_55_8,enforcer,55,8,440,28,553.77
9028,test_55_8,enforcer,55,8,440,29,542.21
9029,test_55_8,enforcer,55,8,440,30,551.24
9030,test_55_8,enforcer,55,8,440,31,550.69
9031,test_55_8,enforcer,55,8,440,32,549.73
9032,test_55_8,enforcer,55,8,440,33,551.61
9033,test_55_8,enforcer,55,8,440,34,548.1
9034,test_55_8,enforcer,55,8,440,35,552.11
9035,test_55_8,enforcer,55,8,440,36,547.18
9036,test_55_8,enforcer,55,8,440,37,547.0
9037,test_55_8,enforcer,55,8,440,38,557.25
9038,test_55_8,enforcer,55,8,440,39,555.98
9039,test_55_8,enforcer,55,8,440,40,545.5
9040,test_55_8,enforcer,55,8,440,41,548.47
9041,test_55_8,enforcer,55,8,440,42,547.85
9042,test_55_8,enforcer,55,8,440,43,559.28
9043,test_55_8,enforcer,55,8,440,44,566.91
9044,test_55_8,enforcer,55,8,440,45,558.55
9045,test_55_8,enforcer,55,8,440,46,568.67
9046,test_55_8,enforcer,55,8,440,47,548.82
9047,test_55_8,enforcer,55,8,440,48,545.61
9048,test_55_8,enforcer,55,8,440,49,569.76
9049,test_55_8,enforcer,55,8,440,50,536.81
9050,test_25_18,enforcer,25,18,450,1,1187.74
9051,test_45_10,enforcer,45,10,450,1,1012.78
9052,test_25_18,enforcer,25,18,450,2,810.61
9053,test_45_10,enforcer,45,10,450,2,720.55
9054,test_25_18,enforcer,25,18,450,3,678.91
9055,test_45_10,enforcer,45,10,450,3,632.95
9056,test_25_18,enforcer,25,18,450,4,636.9
9057,test_45_10,enforcer,45,10,450,4,635.3
9058,test_25_18,enforcer,25,18,450,5,633.02
9059,test_45_10,enforcer,45,10,450,5,622.31
9060,test_25_18,enforcer,25,18,450,6,647.08
9061,test_45_10,enforcer,45,10,450,6,588.29
9062,test_25_18,enforcer,25,18,450,7,616.69
9063,test_45_10,enforcer,45,10,450,7,584.4
9064,test_25_18,enforcer,25,18,450,8,619.29
9065,test_45_10,enforcer,45,10,450,8,582.14
9066,test_25_18,enforcer,25,18,450,9,615.46
9067,test_45_10,enforcer,45,10,450,9,580.03
9068,test_25_18,enforcer,25,18,450,10,613.95
9069,test_45_10,enforcer,45,10,450,10,575.48
9070,test_25_18,enforcer,25,18,450,11,602.54
9071,test_45_10,enforcer,45,10,450,11,581.78
9072,test_25_18,enforcer,25,18,450,12,620.96
9073,test_45_10,enforcer,45,10,450,12,581.64
9074,test_25_18,enforcer,25,18,450,13,614.87
9075,test_45_10,enforcer,45,10,450,13,577.05
9076,test_25_18,enforcer,25,18,450,14,610.41
9077,test_45_10,enforcer,45,10,450,14,590.16
9078,test_25_18,enforcer,25,18,450,15,606.8
9079,test_45_10,enforcer,45,10,450,15,585.43
9080,test_25_18,enforcer,25,18,450,16,602.78
9081,test_45_10,enforcer,45,10,450,16,581.48
9082,test_25_18,enforcer,25,18,450,17,605.13
9083,test_45_10,enforcer,45,10,450,17,576.6
9084,test_25_18,enforcer,25,18,450,18,608.17
9085,test_45_10,enforcer,45,10,450,18,583.98
9086,test_25_18,enforcer,25,18,450,19,605.24
9087,test_45_10,enforcer,45,10,450,19,572.71
9088,test_25_18,enforcer,25,18,450,20,611.88
9089,test_45_10,enforcer,45,10,450,20,573.54
9090,test_25_18,enforcer,25,18,450,21,610.11
9091,test_45_10,enforcer,45,10,450,21,578.31
9092,test_25_18,enforcer,25,18,450,22,614.93
9093,test_45_10,enforcer,45,10,450,22,574.82
9094,test_25_18,enforcer,25,18,450,23,610.72
9095,test_45_10,enforcer,45,10,450,23,577.46
9096,test_25_18,enforcer,25,18,450,24,606.32
9097,test_45_10,enforcer,45,10,450,24,585.43
9098,test_25_18,enforcer,25,18,450,25,605.36
9099,test_45_10,enforcer,45,10,450,25,574.4
9100,test_25_18,enforcer,25,18,450,26,602.2
9101,test_45_10,enforcer,45,10,450,26,567.44
9102,test_25_18,enforcer,25,18,450,27,602.8
9103,test_45_10,enforcer,45,10,450,27,578.04
9104,test_25_18,enforcer,25,18,450,28,603.97
9105,test_45_10,enforcer,45,10,450,28,575.43
9106,test_25_18,enforcer,25,18,450,29,609.95
9107,test_45_10,enforcer,45,10,450,29,579.67
9108,test_25_18,enforcer,25,18,450,30,603.5
9109,test_45_10,enforcer,45,10,450,30,576.91
9110,test_25_18,enforcer,25,18,450,31,611.06
9111,test_45_10,enforcer,45,10,450,31,581.88
9112,test_25_18,enforcer,25,18,450,32,606.9
9113,test_45_10,enforcer,45,10,450,32,575.72
9114,test_25_18,enforcer,25,18,450,33,596.23
9115,test_45_10,enforcer,45,10,450,33,569.08
9116,test_25_18,enforcer,25,18,450,34,605.62
9117,test_45_10,enforcer,45,10,450,34,570.51
9118,test_25_18,enforcer,25,18,450,35,600.72
9119,test_45_10,enforcer,45,10,450,35,580.01
9120,test_25_18,enforcer,25,18,450,36,589.21
9121,test_45_10,enforcer,45,10,450,36,568.74
9122,test_25_18,enforcer,25,18,450,37,600.5
9123,test_45_10,enforcer,45,10,450,37,571.71
9124,test_25_18,enforcer,25,18,450,38,597.63
9125,test_45_10,enforcer,45,10,450,38,574.36
9126,test_25_18,enforcer,25,18,450,39,597.4
9127,test_45_10,enforcer,45,10,450,39,577.53
9128,test_25_18,enforcer,25,18,450,40,606.12
9129,test_45_10,enforcer,45,10,450,40,570.95
9130,test_25_18,enforcer,25,18,450,41,596.26
9131,test_45_10,enforcer,45,10,450,41,575.63
9132,test_25_18,enforcer,25,18,450,42,601.54
9133,test_45_10,enforcer,45,10,450,42,578.87
9134,test_25_18,enforcer,25,18,450,43,608.08
9135,test_45_10,enforcer,45,10,450,43,589.79
9136,test_25_18,enforcer,25,18,450,44,597.97
9137,test_45_10,enforcer,45,10,450,44,570.11
9138,test_25_18,enforcer,25,18,450,45,603.98
9139,test_45_10,enforcer,45,10,450,45,576.09
9140,test_25_18,enforcer,25,18,450,46,591.33
9141,test_45_10,enforcer,45,10,450,46,573.84
9142,test_25_18,enforcer,25,18,450,47,616.39
9143,test_45_10,enforcer,45,10,450,47,570.84
9144,test_25_18,enforcer,25,18,450,48,618.14
9145,test_45_10,enforcer,45,10,450,48,571.53
9146,test_25_18,enforcer,25,18,450,49,595.96
9147,test_45_10,enforcer,45,10,450,49,572.49
9148,test_25_18,enforcer,25,18,450,50,606.25
9149,test_45_10,enforcer,45,10,450,50,568.04
9150,test_30_16,enforcer,30,16,480,1,1205.94
9151,test_40_12,enforcer,40,12,480,1,1142.89
9152,test_60_8,enforcer,60,8,480,1,1071.35
9153,test_30_16,enforcer,30,16,480,2,788.33
9154,test_40_12,enforcer,40,12,480,2,868.61
9155,test_60_8,enforcer,60,8,480,2,821.18
9156,test_30_16,enforcer,30,16,480,3,757.09
9157,test_40_12,enforcer,40,12,480,3,741.27
9158,test_60_8,enforcer,60,8,480,3,703.83
9159,test_30_16,enforcer,30,16,480,4,713.66
9160,test_40_12,enforcer,40,12,480,4,703.45
9161,test_60_8,enforcer,60,8,480,4,695.59
9162,test_30_16,enforcer,30,16,480,5,717.35
9163,test_40_12,enforcer,40,12,480,5,688.87
9164,test_60_8,enforcer,60,8,480,5,709.5
9165,test_30_16,enforcer,30,16,480,6,687.88
9166,test_40_12,enforcer,40,12,480,6,678.06
9167,test_60_8,enforcer,60,8,480,6,664.81
9168,test_30_16,enforcer,30,16,480,7,693.64
9169,test_40_12,enforcer,40,12,480,7,676.12
9170,test_60_8,enforcer,60,8,480,7,674.3
9171,test_30_16,enforcer,30,16,480,8,694.24
9172,test_40_12,enforcer,40,12,480,8,674.35
9173,test_60_8,enforcer,60,8,480,8,661.17
9174,test_30_16,enforcer,30,16,480,9,690.62
9175,test_40_12,enforcer,40,12,480,9,670.96
9176,test_60_8,enforcer,60,8,480,9,659.87
9177,test_30_16,enforcer,30,16,480,10,687.16
9178,test_40_12,enforcer,40,12,480,10,668.45
9179,test_60_8,enforcer,60,8,480,10,666.66
9180,test_30_16,enforcer,30,16,480,11,681.2
9181,test_40_12,enforcer,40,12,480,11,668.02
9182,test_60_8,enforcer,60,8,480,11,663.0
9183,test_30_16,enforcer,30,16,480,12,695.73
9184,test_40_12,enforcer,40,12,480,12,668.59
9185,test_60_8,enforcer,60,8,480,12,656.03
9186,test_30_16,enforcer,30,16,480,13,690.09
9187,test_40_12,enforcer,40,12,480,13,671.86
9188,test_60_8,enforcer,60,8,480,13,662.02
9189,test_30_16,enforcer,30,16,480,14,680.6
9190,test_40_12,enforcer,40,12,480,14,667.68
9191,test_60_8,enforcer,60,8,480,14,662.72
9192,test_30_16,enforcer,30,16,480,15,685.68
9193,test_40_12,enforcer,40,12,480,15,665.66
9194,test_60_8,enforcer,60,8,480,15,663.84
9195,test_30_16,enforcer,30,16,480,16,692.56
9196,test_40_12,enforcer,40,12,480,16,672.06
9197,test_60_8,enforcer,60,8,480,16,661.41
9198,test_30_16,enforcer,30,16,480,17,685.77
9199,test_40_12,enforcer,40,12,480,17,672.43
9200,test_60_8,enforcer,60,8,480,17,655.02
9201,test_30_16,enforcer,30,16,480,18,679.33
9202,test_40_12,enforcer,40,12,480,18,666.11
9203,test_60_8,enforcer,60,8,480,18,649.37
9204,test_30_16,enforcer,30,16,480,19,682.33
9205,test_40_12,enforcer,40,12,480,19,666.37
9206,test_60_8,enforcer,60,8,480,19,661.84
9207,test_30_16,enforcer,30,16,480,20,679.09
9208,test_40_12,enforcer,40,12,480,20,662.99
9209,test_60_8,enforcer,60,8,480,20,661.82
9210,test_30_16,enforcer,30,16,480,21,679.57
9211,test_40_12,enforcer,40,12,480,21,668.63
9212,test_60_8,enforcer,60,8,480,21,659.19
9213,test_30_16,enforcer,30,16,480,22,679.75
9214,test_40_12,enforcer,40,12,480,22,675.49
9215,test_60_8,enforcer,60,8,480,22,657.15
9216,test_30_16,enforcer,30,16,480,23,678.74
9217,test_40_12,enforcer,40,12,480,23,658.94
9218,test_60_8,enforcer,60,8,480,23,659.73
9219,test_30_16,enforcer,30,16,480,24,707.78
9220,test_40_12,enforcer,40,12,480,24,660.66
9221,test_60_8,enforcer,60,8,480,24,658.08
9222,test_30_16,enforcer,30,16,480,25,686.89
9223,test_40_12,enforcer,40,12,480,25,659.39
9224,test_60_8,enforcer,60,8,480,25,666.2
9225,test_30_16,enforcer,30,16,480,26,676.28
9226,test_40_12,enforcer,40,12,480,26,666.11
9227,test_60_8,enforcer,60,8,480,26,659.32
9228,test_30_16,enforcer,30,16,480,27,691.14
9229,test_40_12,enforcer,40,12,480,27,662.77
9230,test_60_8,enforcer,60,8,480,27,657.82
9231,test_30_16,enforcer,30,16,480,28,683.02
9232,test_40_12,enforcer,40,12,480,28,654.64
9233,test_60_8,enforcer,60,8,480,28,660.02
9234,test_30_16,enforcer,30,16,480,29,686.35
9235,test_40_12,enforcer,40,12,480,29,667.42
9236,test_60_8,enforcer,60,8,480,29,664.16
9237,test_30_16,enforcer,30,16,480,30,681.31
9238,test_40_12,enforcer,40,12,480,30,661.57
9239,test_60_8,enforcer,60,8,480,30,656.52
9240,test_30_16,enforcer,30,16,480,31,688.18
9241,test_40_12,enforcer,40,12,480,31,663.78
9242,test_60_8,enforcer,60,8,480,31,650.13
9243,test_30_16,enforcer,30,16,480,32,683.56
9244,test_40_12,enforcer,40,12,480,32,665.11
9245,test_60_8,enforcer,60,8,480,32,657.0
9246,test_30_16,enforcer,30,16,480,33,684.28
9247,test_40_12,enforcer,40,12,480,33,660.96
9248,test_60_8,enforcer,60,8,480,33,657.76
9249,test_30_16,enforcer,30,16,480,34,693.49
9250,test_40_12,enforcer,40,12,480,34,669.49
9251,test_60_8,enforcer,60,8,480,34,650.47
9252,test_30_16,enforcer,30,16,480,35,685.59
9253,test_40_12,enforcer,40,12,480,35,661.35
9254,test_60_8,enforcer,60,8,480,35,653.49
9255,test_30_16,enforcer,30,16,480,36,671.95
9256,test_40_12,enforcer,40,12,480,36,667.76
9257,test_60_8,enforcer,60,8,480,36,665.86
9258,test_30_16,enforcer,30,16,480,37,680.37
9259,test_40_12,enforcer,40,12,480,37,662.13
9260,test_60_8,enforcer,60,8,480,37,651.82
9261,test_30_16,enforcer,30,16,480,38,701.68
9262,test_40_12,enforcer,40,12,480,38,660.12
9263,test_60_8,enforcer,60,8,480,38,661.83
9264,test_30_16,enforcer,30,16,480,39,679.69
9265,test_40_12,enforcer,40,12,480,39,671.06
9266,test_60_8,enforcer,60,8,480,39,674.37
9267,test_30_16,enforcer,30,16,480,40,679.84
9268,test_40_12,enforcer,40,12,480,40,667.93
9269,test_60_8,enforcer,60,8,480,40,660.41
9270,test_30_16,enforcer,30,16,480,41,685.35
9271,test_40_12,enforcer,40,12,480,41,661.45
9272,test_60_8,enforcer,60,8,480,41,657.5
9273,test_30_16,enforcer,30,16,480,42,667.06
9274,test_40_12,enforcer,40,12,480,42,662.25
9275,test_60_8,enforcer,60,8,480,42,651.76
9276,test_30_16,enforcer,30,16,480,43,671.9
9277,test_40_12,enforcer,40,12,480,43,665.19
9278,test_60_8,enforcer,60,8,480,43,646.58
9279,test_30_16,enforcer,30,16,480,44,695.17
9280,test_40_12,enforcer,40,12,480,44,657.72
9281,test_60_8,enforcer,60,8,480,44,647.03
9282,test_30_16,enforcer,30,16,480,45,674.73
9283,test_40_12,enforcer,40,12,480,45,673.04
9284,test_60_8,enforcer,60,8,480,45,655.21
9285,test_30_16,enforcer,30,16,480,46,682.66
9286,test_40_12,enforcer,40,12,480,46,660.94
9287,test_60_8,enforcer,60,8,480,46,653.06
9288,test_30_16,enforcer,30,16,480,47,669.82
9289,test_40_12,enforcer,40,12,480,47,663.49
9290,test_60_8,enforcer,60,8,480,47,650.21
9291,test_30_16,enforcer,30,16,480,48,675.39
9292,test_40_12,enforcer,40,12,480,48,662.98
9293,test_60_8,enforcer,60,8,480,48,651.14
9294,test_30_16,enforcer,30,16,480,49,705.3
9295,test_40_12,enforcer,40,12,480,49,651.92
9296,test_60_8,enforcer,60,8,480,49,652.26
9297,test_30_16,enforcer,30,16,480,50,680.81
9298,test_40_12,enforcer,40,12,480,50,653.71
9299,test_60_8,enforcer,60,8,480,50,651.99
9300,test_35_14,enforcer,35,14,490,1,1216.88
9301,test_35_14,enforcer,35,14,490,2,883.26
9302,test_35_14,enforcer,35,14,490,3,757.75
9303,test_35_14,enforcer,35,14,490,4,733.48
9304,test_35_14,enforcer,35,14,490,5,725.5
9305,test_35_14,enforcer,35,14,490,6,725.16
9306,test_35_14,enforcer,35,14,490,7,721.06
9307,test_35_14,enforcer,35,14,490,8,716.34
9308,test_35_14,enforcer,35,14,490,9,701.79
9309,test_35_14,enforcer,35,14,490,10,708.68
9310,test_35_14,enforcer,35,14,490,11,711.9
9311,test_35_14,enforcer,35,14,490,12,705.65
9312,test_35_14,enforcer,35,14,490,13,705.51
9313,test_35_14,enforcer,35,14,490,14,709.49
9314,test_35_14,enforcer,35,14,490,15,706.93
9315,test_35_14,enforcer,35,14,490,16,706.48
9316,test_35_14,enforcer,35,14,490,17,711.01
9317,test_35_14,enforcer,35,14,490,18,706.52
9318,test_35_14,enforcer,35,14,490,19,707.28
9319,test_35_14,enforcer,35,14,490,20,708.55
9320,test_35_14,enforcer,35,14,490,21,711.93
9321,test_35_14,enforcer,35,14,490,22,717.67
9322,test_35_14,enforcer,35,14,490,23,716.83
9323,test_35_14,enforcer,35,14,490,24,719.93
9324,test_35_14,enforcer,35,14,490,25,702.67
9325,test_35_14,enforcer,35,14,490,26,713.47
9326,test_35_14,enforcer,35,14,490,27,701.93
9327,test_35_14,enforcer,35,14,490,28,708.07
9328,test_35_14,enforcer,35,14,490,29,710.21
9329,test_35_14,enforcer,35,14,490,30,706.32
9330,test_35_14,enforcer,35,14,490,31,711.64
9331,test_35_14,enforcer,35,14,490,32,704.06
9332,test_35_14,enforcer,35,14,490,33,710.25
9333,test_35_14,enforcer,35,14,490,34,708.79
9334,test_35_14,enforcer,35,14,490,35,711.62
9335,test_35_14,enforcer,35,14,490,36,701.14
9336,test_35_14,enforcer,35,14,490,37,701.5
9337,test_35_14,enforcer,35,14,490,38,719.15
9338,test_35_14,enforcer,35,14,490,39,720.33
9339,test_35_14,enforcer,35,14,490,40,717.51
9340,test_35_14,enforcer,35,14,490,41,702.12
9341,test_35_14,enforcer,35,14,490,42,704.59
9342,test_35_14,enforcer,35,14,490,43,706.47
9343,test_35_14,enforcer,35,14,490,44,705.01
9344,test_35_14,enforcer,35,14,490,45,702.33
9345,test_35_14,enforcer,35,14,490,46,706.03
9346,test_35_14,enforcer,35,14,490,47,702.68
9347,test_35_14,enforcer,35,14,490,48,705.89
9348,test_35_14,enforcer,35,14,490,49,706.22
9349,test_35_14,enforcer,35,14,490,50,707.87
9350,test_25_20,enforcer,25,20,500,1,1546.52
9351,test_50_10,enforcer,50,10,500,1,1177.33
9352,test_25_20,enforcer,25,20,500,2,915.37
9353,test_50_10,enforcer,50,10,500,2,890.0
9354,test_25_20,enforcer,25,20,500,3,832.42
9355,test_50_10,enforcer,50,10,500,3,810.68
9356,test_25_20,enforcer,25,20,500,4,861.93
9357,test_50_10,enforcer,50,10,500,4,769.32
9358,test_25_20,enforcer,25,20,500,5,785.9
9359,test_50_10,enforcer,50,10,500,5,760.26
9360,test_25_20,enforcer,25,20,500,6,802.11
9361,test_50_10,enforcer,50,10,500,6,776.58
9362,test_25_20,enforcer,25,20,500,7,800.15
9363,test_50_10,enforcer,50,10,500,7,728.9
9364,test_25_20,enforcer,25,20,500,8,797.19
9365,test_50_10,enforcer,50,10,500,8,736.51
9366,test_25_20,enforcer,25,20,500,9,789.51
9367,test_50_10,enforcer,50,10,500,9,734.77
9368,test_25_20,enforcer,25,20,500,10,794.37
9369,test_50_10,enforcer,50,10,500,10,733.98
9370,test_25_20,enforcer,25,20,500,11,786.48
9371,test_50_10,enforcer,50,10,500,11,730.5
9372,test_25_20,enforcer,25,20,500,12,790.87
9373,test_50_10,enforcer,50,10,500,12,726.5
9374,test_25_20,enforcer,25,20,500,13,792.32
9375,test_50_10,enforcer,50,10,500,13,728.98
9376,test_25_20,enforcer,25,20,500,14,793.59
9377,test_50_10,enforcer,50,10,500,14,729.9
9378,test_25_20,enforcer,25,20,500,15,800.73
9379,test_50_10,enforcer,50,10,500,15,722.0
9380,test_25_20,enforcer,25,20,500,16,796.31
9381,test_50_10,enforcer,50,10,500,16,725.97
9382,test_25_20,enforcer,25,20,500,17,790.43
9383,test_50_10,enforcer,50,10,500,17,728.76
9384,test_25_20,enforcer,25,20,500,18,790.84
9385,test_50_10,enforcer,50,10,500,18,723.91
9386,test_25_20,enforcer,25,20,500,19,807.87
9387,test_50_10,enforcer,50,10,500,19,727.81
9388,test_25_20,enforcer,25,20,500,20,796.19
9389,test_50_10,enforcer,50,10,500,20,721.88
9390,test_25_20,enforcer,25,20,500,21,801.31
9391,test_50_10,enforcer,50,10,500,21,724.93
9392,test_25_20,enforcer,25,20,500,22,787.58
9393,test_50_10,enforcer,50,10,500,22,728.22
9394,test_25_20,enforcer,25,20,500,23,784.76
9395,test_50_10,enforcer,50,10,500,23,729.78
9396,test_25_20,enforcer,25,20,500,24,792.28
9397,test_50_10,enforcer,50,10,500,24,727.99
9398,test_25_20,enforcer,25,20,500,25,814.16
9399,test_50_10,enforcer,50,10,500,25,725.77
9400,test_25_20,enforcer,25,20,500,26,793.72
9401,test_50_10,enforcer,50,10,500,26,721.33
9402,test_25_20,enforcer,25,20,500,27,790.63
9403,test_50_10,enforcer,50,10,500,27,716.36
9404,test_25_20,enforcer,25,20,500,28,790.84
9405,test_50_10,enforcer,50,10,500,28,717.06
9406,test_25_20,enforcer,25,20,500,29,784.48
9407,test_50_10,enforcer,50,10,500,29,723.42
9408,test_25_20,enforcer,25,20,500,30,792.46
9409,test_50_10,enforcer,50,10,500,30,725.91
9410,test_25_20,enforcer,25,20,500,31,796.44
9411,test_50_10,enforcer,50,10,500,31,717.47
9412,test_25_20,enforcer,25,20,500,32,781.77
9413,test_50_10,enforcer,50,10,500,32,719.58
9414,test_25_20,enforcer,25,20,500,33,775.82
9415,test_50_10,enforcer,50,10,500,33,718.59
9416,test_25_20,enforcer,25,20,500,34,778.05
9417,test_50_10,enforcer,50,10,500,34,723.41
9418,test_25_20,enforcer,25,20,500,35,771.27
9419,test_50_10,enforcer,50,10,500,35,718.96
9420,test_25_20,enforcer,25,20,500,36,782.18
9421,test_50_10,enforcer,50,10,500,36,716.97
9422,test_25_20,enforcer,25,20,500,37,783.69
9423,test_50_10,enforcer,50,10,500,37,714.95
9424,test_25_20,enforcer,25,20,500,38,769.35
9425,test_50_10,enforcer,50,10,500,38,728.14
9426,test_25_20,enforcer,25,20,500,39,765.33
9427,test_50_10,enforcer,50,10,500,39,727.1
9428,test_25_20,enforcer,25,20,500,40,777.13
9429,test_50_10,enforcer,50,10,500,40,721.54
9430,test_25_20,enforcer,25,20,500,41,774.91
9431,test_50_10,enforcer,50,10,500,41,719.44
9432,test_25_20,enforcer,25,20,500,42,772.83
9433,test_50_10,enforcer,50,10,500,42,723.27
9434,test_25_20,enforcer,25,20,500,43,804.25
9435,test_50_10,enforcer,50,10,500,43,733.7
9436,test_25_20,enforcer,25,20,500,44,773.97
9437,test_50_10,enforcer,50,10,500,44,719.14
9438,test_25_20,enforcer,25,20,500,45,771.52
9439,test_50_10,enforcer,50,10,500,45,719.58
9440,test_25_20,enforcer,25,20,500,46,772.59
9441,test_50_10,enforcer,50,10,500,46,725.07
9442,test_25_20,enforcer,25,20,500,47,773.86
9443,test_50_10,enforcer,50,10,500,47,726.53
9444,test_25_20,enforcer,25,20,500,48,765.39
9445,test_50_10,enforcer,50,10,500,48,724.62
9446,test_25_20,enforcer,25,20,500,49,777.96
9447,test_50_10,enforcer,50,10,500,49,724.35
9448,test_25_20,enforcer,25,20,500,50,773.63
9449,test_50_10,enforcer,50,10,500,50,719.46
9450,test_30_18,enforcer,30,18,540,1,1515.04
9451,test_45_12,enforcer,45,12,540,1,1358.98
9452,test_30_18,enforcer,30,18,540,2,1001.12
9453,test_45_12,enforcer,45,12,540,2,1073.0
9454,test_30_18,enforcer,30,18,540,3,947.3
9455,test_45_12,enforcer,45,12,540,3,958.27
9456,test_30_18,enforcer,30,18,540,4,956.18
9457,test_45_12,enforcer,45,12,540,4,944.57
9458,test_30_18,enforcer,30,18,540,5,918.88
9459,test_45_12,enforcer,45,12,540,5,899.68
9460,test_30_18,enforcer,30,18,540,6,915.21
9461,test_45_12,enforcer,45,12,540,6,896.33
9462,test_30_18,enforcer,30,18,540,7,918.91
9463,test_45_12,enforcer,45,12,540,7,884.15
9464,test_30_18,enforcer,30,18,540,8,909.89
9465,test_45_12,enforcer,45,12,540,8,883.54
9466,test_30_18,enforcer,30,18,540,9,900.44
9467,test_45_12,enforcer,45,12,540,9,889.19
9468,test_30_18,enforcer,30,18,540,10,930.94
9469,test_45_12,enforcer,45,12,540,10,894.45
9470,test_30_18,enforcer,30,18,540,11,903.53
9471,test_45_12,enforcer,45,12,540,11,892.77
9472,test_30_18,enforcer,30,18,540,12,898.77
9473,test_45_12,enforcer,45,12,540,12,892.03
9474,test_30_18,enforcer,30,18,540,13,905.14
9475,test_45_12,enforcer,45,12,540,13,895.85
9476,test_30_18,enforcer,30,18,540,14,892.1
9477,test_45_12,enforcer,45,12,540,14,884.07
9478,test_30_18,enforcer,30,18,540,15,904.45
9479,test_45_12,enforcer,45,12,540,15,881.3
9480,test_30_18,enforcer,30,18,540,16,895.43
9481,test_45_12,enforcer,45,12,540,16,888.95
9482,test_30_18,enforcer,30,18,540,17,900.41
9483,test_45_12,enforcer,45,12,540,17,884.0
9484,test_30_18,enforcer,30,18,540,18,908.36
9485,test_45_12,enforcer,45,12,540,18,884.49
9486,test_30_18,enforcer,30,18,540,19,900.71
9487,test_45_12,enforcer,45,12,540,19,883.95
9488,test_30_18,enforcer,30,18,540,20,902.15
9489,test_45_12,enforcer,45,12,540,20,881.02
9490,test_30_18,enforcer,30,18,540,21,905.87
9491,test_45_12,enforcer,45,12,540,21,879.35
9492,test_30_18,enforcer,30,18,540,22,903.3
9493,test_45_12,enforcer,45,12,540,22,877.94
9494,test_30_18,enforcer,30,18,540,23,895.47
9495,test_45_12,enforcer,45,12,540,23,868.95
9496,test_30_18,enforcer,30,18,540,24,894.71
9497,test_45_12,enforcer,45,12,540,24,879.53
9498,test_30_18,enforcer,30,18,540,25,891.92
9499,test_45_12,enforcer,45,12,540,25,882.4
9500,test_30_18,enforcer,30,18,540,26,895.44
9501,test_45_12,enforcer,45,12,540,26,875.13
9502,test_30_18,enforcer,30,18,540,27,891.49
9503,test_45_12,enforcer,45,12,540,27,875.61
9504,test_30_18,enforcer,30,18,540,28,898.86
9505,test_45_12,enforcer,45,12,540,28,876.41
9506,test_30_18,enforcer,30,18,540,29,904.12
9507,test_45_12,enforcer,45,12,540,29,886.92
9508,test_30_18,enforcer,30,18,540,30,889.65
9509,test_45_12,enforcer,45,12,540,30,886.29
9510,test_30_18,enforcer,30,18,540,31,921.93
9511,test_45_12,enforcer,45,12,540,31,885.2
9512,test_30_18,enforcer,30,18,540,32,889.78
9513,test_45_12,enforcer,45,12,540,32,880.51
9514,test_30_18,enforcer,30,18,540,33,896.66
9515,test_45_12,enforcer,45,12,540,33,890.83
9516,test_30_18,enforcer,30,18,540,34,900.35
9517,test_45_12,enforcer,45,12,540,34,885.61
9518,test_30_18,enforcer,30,18,540,35,887.99
9519,test_45_12,enforcer,45,12,540,35,890.77
9520,test_30_18,enforcer,30,18,540,36,885.46
9521,test_45_12,enforcer,45,12,540,36,897.26
9522,test_30_18,enforcer,30,18,540,37,896.92
9523,test_45_12,enforcer,45,12,540,37,885.0
9524,test_30_18,enforcer,30,18,540,38,889.62
9525,test_45_12,enforcer,45,12,540,38,874.91
9526,test_30_18,enforcer,30,18,540,39,903.39
9527,test_45_12,enforcer,45,12,540,39,876.37
9528,test_30_18,enforcer,30,18,540,40,896.98
9529,test_45_12,enforcer,45,12,540,40,880.74
9530,test_30_18,enforcer,30,18,540,41,896.0
9531,test_45_12,enforcer,45,12,540,41,875.52
9532,test_30_18,enforcer,30,18,540,42,887.48
9533,test_45_12,enforcer,45,12,540,42,878.65
9534,test_30_18,enforcer,30,18,540,43,892.91
9535,test_45_12,enforcer,45,12,540,43,876.65
9536,test_30_18,enforcer,30,18,540,44,895.76
9537,test_45_12,enforcer,45,12,540,44,875.88
9538,test_30_18,enforcer,30,18,540,45,904.98
9539,test_45_12,enforcer,45,12,540,45,860.61
9540,test_30_18,enforcer,30,18,540,46,878.4
9541,test_45_12,enforcer,45,12,540,46,877.74
9542,test_30_18,enforcer,30,18,540,47,895.72
9543,test_45_12,enforcer,45,12,540,47,865.66
9544,test_30_18,enforcer,30,18,540,48,889.01
9545,test_45_12,enforcer,45,12,540,48,871.83
9546,test_30_18,enforcer,30,18,540,49,892.64
9547,test_45_12,enforcer,45,12,540,49,865.24
9548,test_30_18,enforcer,30,18,540,50,897.64
9549,test_45_12,enforcer,45,12,540,50,873.16
9550,test_55_10,enforcer,55,10,550,1,1386.17
9551,test_55_10,enforcer,55,10,550,2,1052.76
9552,test_55_10,enforcer,55,10,550,3,991.03
9553,test_55_10,enforcer,55,10,550,4,931.12
9554,test_55_10,enforcer,55,10,550,5,922.72
9555,test_55_10,enforcer,55,10,550,6,921.16
9556,test_55_10,enforcer,55,10,550,7,923.31
9557,test_55_10,enforcer,55,10,550,8,920.45
9558,test_55_10,enforcer,55,10,550,9,916.17
9559,test_55_10,enforcer,55,10,550,10,922.2
9560,test_55_10,enforcer,55,10,550,11,908.12
9561,test_55_10,enforcer,55,10,550,12,916.45
9562,test_55_10,enforcer,55,10,550,13,913.74
9563,test_55_10,enforcer,55,10,550,14,912.15
9564,test_55_10,enforcer,55,10,550,15,907.18
9565,test_55_10,enforcer,55,10,550,16,906.97
9566,test_55_10,enforcer,55,10,550,17,912.49
9567,test_55_10,enforcer,55,10,550,18,909.05
9568,test_55_10,enforcer,55,10,550,19,906.29
9569,test_55_10,enforcer,55,10,550,20,909.73
9570,test_55_10,enforcer,55,10,550,21,910.93
9571,test_55_10,enforcer,55,10,550,22,909.88
9572,test_55_10,enforcer,55,10,550,23,906.39
9573,test_55_10,enforcer,55,10,550,24,900.02
9574,test_55_10,enforcer,55,10,550,25,912.03
9575,test_55_10,enforcer,55,10,550,26,905.3
9576,test_55_10,enforcer,55,10,550,27,908.12
9577,test_55_10,enforcer,55,10,550,28,898.84
9578,test_55_10,enforcer,55,10,550,29,909.6
9579,test_55_10,enforcer,55,10,550,30,903.67
9580,test_55_10,enforcer,55,10,550,31,904.75
9581,test_55_10,enforcer,55,10,550,32,900.04
9582,test_55_10,enforcer,55,10,550,33,894.2
9583,test_55_10,enforcer,55,10,550,34,915.53
9584,test_55_10,enforcer,55,10,550,35,906.61
9585,test_55_10,enforcer,55,10,550,36,897.15
9586,test_55_10,enforcer,55,10,550,37,902.01
9587,test_55_10,enforcer,55,10,550,38,907.33
9588,test_55_10,enforcer,55,10,550,39,917.26
9589,test_55_10,enforcer,55,10,550,40,902.55
9590,test_55_10,enforcer,55,10,550,41,897.49
9591,test_55_10,enforcer,55,10,550,42,904.33
9592,test_55_10,enforcer,55,10,550,43,912.79
9593,test_55_10,enforcer,55,10,550,44,900.85
9594,test_55_10,enforcer,55,10,550,45,896.53
9595,test_55_10,enforcer,55,10,550,46,900.46
9596,test_55_10,enforcer,55,10,550,47,909.29
9597,test_55_10,enforcer,55,10,550,48,902.81
9598,test_55_10,enforcer,55,10,550,49,900.1
9599,test_55_10,enforcer,55,10,550,50,899.07
9600,test_35_16,enforcer,35,16,560,1,1587.38
9601,test_40_14,enforcer,40,14,560,1,1505.23
9602,test_35_16,enforcer,35,16,560,2,1075.48
9603,test_40_14,enforcer,40,14,560,2,1085.22
9604,test_35_16,enforcer,35,16,560,3,1078.67
9605,test_40_14,enforcer,40,14,560,3,1030.43
9606,test_35_16,enforcer,35,16,560,4,986.51
9607,test_40_14,enforcer,40,14,560,4,1028.65
9608,test_35_16,enforcer,35,16,560,5,961.47
9609,test_40_14,enforcer,40,14,560,5,970.57
9610,test_35_16,enforcer,35,16,560,6,983.26
9611,test_40_14,enforcer,40,14,560,6,953.08
9612,test_35_16,enforcer,35,16,560,7,962.15
9613,test_40_14,enforcer,40,14,560,7,955.9
9614,test_35_16,enforcer,35,16,560,8,960.35
9615,test_40_14,enforcer,40,14,560,8,947.71
9616,test_35_16,enforcer,35,16,560,9,956.07
9617,test_40_14,enforcer,40,14,560,9,944.02
9618,test_35_16,enforcer,35,16,560,10,956.98
9619,test_40_14,enforcer,40,14,560,10,939.51
9620,test_35_16,enforcer,35,16,560,11,950.17
9621,test_40_14,enforcer,40,14,560,11,943.9
9622,test_35_16,enforcer,35,16,560,12,959.77
9623,test_40_14,enforcer,40,14,560,12,946.43
9624,test_35_16,enforcer,35,16,560,13,950.67
9625,test_40_14,enforcer,40,14,560,13,939.97
9626,test_35_16,enforcer,35,16,560,14,953.8
9627,test_40_14,enforcer,40,14,560,14,949.1
9628,test_35_16,enforcer,35,16,560,15,956.11
9629,test_40_14,enforcer,40,14,560,15,946.32
9630,test_35_16,enforcer,35,16,560,16,964.03
9631,test_40_14,enforcer,40,14,560,16,950.72
9632,test_35_16,enforcer,35,16,560,17,943.62
9633,test_40_14,enforcer,40,14,560,17,939.7
9634,test_35_16,enforcer,35,16,560,18,956.16
9635,test_40_14,enforcer,40,14,560,18,947.3
9636,test_35_16,enforcer,35,16,560,19,951.75
9637,test_40_14,enforcer,40,14,560,19,951.78
9638,test_35_16,enforcer,35,16,560,20,955.23
9639,test_40_14,enforcer,40,14,560,20,944.42
9640,test_35_16,enforcer,35,16,560,21,953.21
9641,test_40_14,enforcer,40,14,560,21,944.57
9642,test_35_16,enforcer,35,16,560,22,949.19
9643,test_40_14,enforcer,40,14,560,22,933.22
9644,test_35_16,enforcer,35,16,560,23,959.27
9645,test_40_14,enforcer,40,14,560,23,942.67
9646,test_35_16,enforcer,35,16,560,24,951.71
9647,test_40_14,enforcer,40,14,560,24,940.14
9648,test_35_16,enforcer,35,16,560,25,950.84
9649,test_40_14,enforcer,40,14,560,25,950.34
9650,test_35_16,enforcer,35,16,560,26,934.41
9651,test_40_14,enforcer,40,14,560,26,945.48
9652,test_35_16,enforcer,35,16,560,27,940.36
9653,test_40_14,enforcer,40,14,560,27,938.99
9654,test_35_16,enforcer,35,16,560,28,946.07
9655,test_40_14,enforcer,40,14,560,28,942.8
9656,test_35_16,enforcer,35,16,560,29,940.91
9657,test_40_14,enforcer,40,14,560,29,940.25
9658,test_35_16,enforcer,35,16,560,30,939.23
9659,test_40_14,enforcer,40,14,560,30,947.92
9660,test_35_16,enforcer,35,16,560,31,950.27
9661,test_40_14,enforcer,40,14,560,31,940.52
9662,test_35_16,enforcer,35,16,560,32,941.59
9663,test_40_14,enforcer,40,14,560,32,935.5
9664,test_35_16,enforcer,35,16,560,33,951.19
9665,test_40_14,enforcer,40,14,560,33,958.22
9666,test_35_16,enforcer,35,16,560,34,965.89
9667,test_40_14,enforcer,40,14,560,34,948.05
9668,test_35_16,enforcer,35,16,560,35,938.89
9669,test_40_14,enforcer,40,14,560,35,939.84
9670,test_35_16,enforcer,35,16,560,36,942.48
9671,test_40_14,enforcer,40,14,560,36,947.79
9672,test_35_16,enforcer,35,16,560,37,949.18
9673,test_40_14,enforcer,40,14,560,37,942.02
9674,test_35_16,enforcer,35,16,560,38,941.98
9675,test_40_14,enforcer,40,14,560,38,932.31
9676,test_35_16,enforcer,35,16,560,39,939.64
9677,test_40_14,enforcer,40,14,560,39,936.42
9678,test_35_16,enforcer,35,16,560,40,941.68
9679,test_40_14,enforcer,40,14,560,40,934.98
9680,test_35_16,enforcer,35,16,560,41,951.12
9681,test_40_14,enforcer,40,14,560,41,932.76
9682,test_35_16,enforcer,35,16,560,42,944.16
9683,test_40_14,enforcer,40,14,560,42,943.14
9684,test_35_16,enforcer,35,16,560,43,946.71
9685,test_40_14,enforcer,40,14,560,43,941.75
9686,test_35_16,enforcer,35,16,560,44,931.1
9687,test_40_14,enforcer,40,14,560,44,949.55
9688,test_35_16,enforcer,35,16,560,45,940.57
9689,test_40_14,enforcer,40,14,560,45,939.39
9690,test_35_16,enforcer,35,16,560,46,945.2
9691,test_40_14,enforcer,40,14,560,46,935.69
9692,test_35_16,enforcer,35,16,560,47,949.54
9693,test_40_14,enforcer,40,14,560,47,932.16
9694,test_35_16,enforcer,35,16,560,48,946.94
9695,test_40_14,enforcer,40,14,560,48,937.37
9696,test_35_16,enforcer,35,16,560,49,944.59
9697,test_40_14,enforcer,40,14,560,49,927.07
9698,test_35_16,enforcer,35,16,560,50,940.16
9699,test_40_14,enforcer,40,14,560,50,924.79
9700,test_30_20,enforcer,30,20,600,1,1818.16
9701,test_50_12,enforcer,50,12,600,1,1634.09
9702,test_60_10,enforcer,60,10,600,1,1598.41
9703,test_30_20,enforcer,30,20,600,2,1273.03
9704,test_50_12,enforcer,50,12,600,2,1279.9
9705,test_60_10,enforcer,60,10,600,2,1297.95
9706,test_30_20,enforcer,30,20,600,3,1180.77
9707,test_50_12,enforcer,50,12,600,3,1185.2
9708,test_60_10,enforcer,60,10,600,3,1220.77
9709,test_30_20,enforcer,30,20,600,4,1158.68
9710,test_50_12,enforcer,50,12,600,4,1116.42
9711,test_60_10,enforcer,60,10,600,4,1111.26
9712,test_30_20,enforcer,30,20,600,5,1153.68
9713,test_50_12,enforcer,50,12,600,5,1115.71
9714,test_60_10,enforcer,60,10,600,5,1097.93
9715,test_30_20,enforcer,30,20,600,6,1150.05
9716,test_50_12,enforcer,50,12,600,6,1102.07
9717,test_60_10,enforcer,60,10,600,6,1082.82
9718,test_30_20,enforcer,30,20,600,7,1152.84
9719,test_50_12,enforcer,50,12,600,7,1090.46
9720,test_60_10,enforcer,60,10,600,7,1097.09
9721,test_30_20,enforcer,30,20,600,8,1152.91
9722,test_50_12,enforcer,50,12,600,8,1100.36
9723,test_60_10,enforcer,60,10,600,8,1081.48
9724,test_30_20,enforcer,30,20,600,9,1156.31
9725,test_50_12,enforcer,50,12,600,9,1099.54
9726,test_60_10,enforcer,60,10,600,9,1082.26
9727,test_30_20,enforcer,30,20,600,10,1150.45
9728,test_50_12,enforcer,50,12,600,10,1115.72
9729,test_60_10,enforcer,60,10,600,10,1084.05
9730,test_30_20,enforcer,30,20,600,11,1138.17
9731,test_50_12,enforcer,50,12,600,11,1107.07
9732,test_60_10,enforcer,60,10,600,11,1082.19
9733,test_30_20,enforcer,30,20,600,12,1141.35
9734,test_50_12,enforcer,50,12,600,12,1117.38
9735,test_60_10,enforcer,60,10,600,12,1093.45
9736,test_30_20,enforcer,30,20,600,13,1137.47
9737,test_50_12,enforcer,50,12,600,13,1105.23
9738,test_60_10,enforcer,60,10,600,13,1073.08
9739,test_30_20,enforcer,30,20,600,14,1149.54
9740,test_50_12,enforcer,50,12,600,14,1097.71
9741,test_60_10,enforcer,60,10,600,14,1087.04
9742,test_30_20,enforcer,30,20,600,15,1140.17
9743,test_50_12,enforcer,50,12,600,15,1106.7
9744,test_60_10,enforcer,60,10,600,15,1080.56
9745,test_30_20,enforcer,30,20,600,16,1138.63
9746,test_50_12,enforcer,50,12,600,16,1106.75
9747,test_60_10,enforcer,60,10,600,16,1082.89
9748,test_30_20,enforcer,30,20,600,17,1139.64
9749,test_50_12,enforcer,50,12,600,17,1117.77
9750,test_60_10,enforcer,60,10,600,17,1080.78
9751,test_30_20,enforcer,30,20,600,18,1139.9
9752,test_50_12,enforcer,50,12,600,18,1109.41
9753,test_60_10,enforcer,60,10,600,18,1078.61
9754,test_30_20,enforcer,30,20,600,19,1137.06
9755,test_50_12,enforcer,50,12,600,19,1124.73
9756,test_60_10,enforcer,60,10,600,19,1084.01
9757,test_30_20,enforcer,30,20,600,20,1129.25
9758,test_50_12,enforcer,50,12,600,20,1105.11
9759,test_60_10,enforcer,60,10,600,20,1071.09
9760,test_30_20,enforcer,30,20,600,21,1137.67
9761,test_50_12,enforcer,50,12,600,21,1113.09
9762,test_60_10,enforcer,60,10,600,21,1073.48
9763,test_30_20,enforcer,30,20,600,22,1134.36
9764,test_50_12,enforcer,50,12,600,22,1102.85
9765,test_60_10,enforcer,60,10,600,22,1070.65
9766,test_30_20,enforcer,30,20,600,23,1132.79
9767,test_50_12,enforcer,50,12,600,23,1112.87
9768,test_60_10,enforcer,60,10,600,23,1071.64
9769,test_30_20,enforcer,30,20,600,24,1133.36
9770,test_50_12,enforcer,50,12,600,24,1105.87
9771,test_60_10,enforcer,60,10,600,24,1061.87
9772,test_30_20,enforcer,30,20,600,25,1131.7
9773,test_50_12,enforcer,50,12,600,25,1084.33
9774,test_60_10,enforcer,60,10,600,25,1072.7
9775,test_30_20,enforcer,30,20,600,26,1130.9
9776,test_50_12,enforcer,50,12,600,26,1101.02
9777,test_60_10,enforcer,60,10,600,26,1066.19
9778,test_30_20,enforcer,30,20,600,27,1128.34
9779,test_50_12,enforcer,50,12,600,27,1097.89
9780,test_60_10,enforcer,60,10,600,27,1063.82
9781,test_30_20,enforcer,30,20,600,28,1135.53
9782,test_50_12,enforcer,50,12,600,28,1077.31
9783,test_60_10,enforcer,60,10,600,28,1070.19
9784,test_30_20,enforcer,30,20,600,29,1133.24
9785,test_50_12,enforcer,50,12,600,29,1086.13
9786,test_60_10,enforcer,60,10,600,29,1064.83
9787,test_30_20,enforcer,30,20,600,30,1139.85
9788,test_50_12,enforcer,50,12,600,30,1080.79
9789,test_60_10,enforcer,60,10,600,30,1064.0
9790,test_30_20,enforcer,30,20,600,31,1136.75
9791,test_50_12,enforcer,50,12,600,31,1124.81
9792,test_60_10,enforcer,60,10,600,31,1085.61
9793,test_30_20,enforcer,30,20,600,32,1128.75
9794,test_50_12,enforcer,50,12,600,32,1084.69
9795,test_60_10,enforcer,60,10,600,32,1072.5
9796,test_30_20,enforcer,30,20,600,33,1137.08
9797,test_50_12,enforcer,50,12,600,33,1083.2
9798,test_60_10,enforcer,60,10,600,33,1064.01
9799,test_30_20,enforcer,30,20,600,34,1147.5
9800,test_50_12,enforcer,50,12,600,34,1083.63
9801,test_60_10,enforcer,60,10,600,34,1072.3
9802,test_30_20,enforcer,30,20,600,35,1160.64
9803,test_50_12,enforcer,50,12,600,35,1078.8
9804,test_60_10,enforcer,60,10,600,35,1064.79
9805,test_30_20,enforcer,30,20,600,36,1138.14
9806,test_50_12,enforcer,50,12,600,36,1084.45
9807,test_60_10,enforcer,60,10,600,36,1069.96
9808,test_30_20,enforcer,30,20,600,37,1132.02
9809,test_50_12,enforcer,50,12,600,37,1084.09
9810,test_60_10,enforcer,60,10,600,37,1058.68
9811,test_30_20,enforcer,30,20,600,38,1129.99
9812,test_50_12,enforcer,50,12,600,38,1086.1
9813,test_60_10,enforcer,60,10,600,38,1071.56
9814,test_30_20,enforcer,30,20,600,39,1131.69
9815,test_50_12,enforcer,50,12,600,39,1089.03
9816,test_60_10,enforcer,60,10,600,39,1064.58
9817,test_30_20,enforcer,30,20,600,40,1133.56
9818,test_50_12,enforcer,50,12,600,40,1092.78
9819,test_60_10,enforcer,60,10,600,40,1066.17
9820,test_30_20,enforcer,30,20,600,41,1140.01
9821,test_50_12,enforcer,50,12,600,41,1073.63
9822,test_60_10,enforcer,60,10,600,41,1067.92
9823,test_30_20,enforcer,30,20,600,42,1137.34
9824,test_50_12,enforcer,50,12,600,42,1082.21
9825,test_60_10,enforcer,60,10,600,42,1063.5
9826,test_30_20,enforcer,30,20,600,43,1145.36
9827,test_50_12,enforcer,50,12,600,43,1089.62
9828,test_60_10,enforcer,60,10,600,43,1067.53
9829,test_30_20,enforcer,30,20,600,44,1143.12
9830,test_50_12,enforcer,50,12,600,44,1097.27
9831,test_60_10,enforcer,60,10,600,44,1069.66
9832,test_30_20,enforcer,30,20,600,45,1133.94
9833,test_50_12,enforcer,50,12,600,45,1088.47
9834,test_60_10,enforcer,60,10,600,45,1071.0
9835,test_30_20,enforcer,30,20,600,46,1134.58
9836,test_50_12,enforcer,50,12,600,46,1082.04
9837,test_60_10,enforcer,60,10,600,46,1066.53
9838,test_30_20,enforcer,30,20,600,47,1142.0
9839,test_50_12,enforcer,50,12,600,47,1079.17
9840,test_60_10,enforcer,60,10,600,47,1067.2
9841,test_30_20,enforcer,30,20,600,48,1147.6
9842,test_50_12,enforcer,50,12,600,48,1090.09
9843,test_60_10,enforcer,60,10,600,48,1064.26
9844,test_30_20,enforcer,30,20,600,49,1132.32
9845,test_50_12,enforcer,50,12,600,49,1079.2
9846,test_60_10,enforcer,60,10,600,49,1062.83
9847,test_30_20,enforcer,30,20,600,50,1143.46
9848,test_50_12,enforcer,50,12,600,50,1076.82
9849,test_60_10,enforcer,60,10,600,50,1066.95
9850,test_35_18,enforcer,35,18,630,1,1985.41
9851,test_45_14,enforcer,45,14,630,1,1777.04
9852,test_35_18,enforcer,35,18,630,2,1411.52
9853,test_45_14,enforcer,45,14,630,2,1373.28
9854,test_35_18,enforcer,35,18,630,3,1314.52
9855,test_45_14,enforcer,45,14,630,3,1381.77
9856,test_35_18,enforcer,35,18,630,4,1285.32
9857,test_45_14,enforcer,45,14,630,4,1254.22
9858,test_35_18,enforcer,35,18,630,5,1265.72
9859,test_45_14,enforcer,45,14,630,5,1241.64
9860,test_35_18,enforcer,35,18,630,6,1271.57
9861,test_45_14,enforcer,45,14,630,6,1236.98
9862,test_35_18,enforcer,35,18,630,7,1259.6
9863,test_45_14,enforcer,45,14,630,7,1235.03
9864,test_35_18,enforcer,35,18,630,8,1253.12
9865,test_45_14,enforcer,45,14,630,8,1221.21
9866,test_35_18,enforcer,35,18,630,9,1275.04
9867,test_45_14,enforcer,45,14,630,9,1229.38
9868,test_35_18,enforcer,35,18,630,10,1269.38
9869,test_45_14,enforcer,45,14,630,10,1235.35
9870,test_35_18,enforcer,35,18,630,11,1268.1
9871,test_45_14,enforcer,45,14,630,11,1236.47
9872,test_35_18,enforcer,35,18,630,12,1268.53
9873,test_45_14,enforcer,45,14,630,12,1217.43
9874,test_35_18,enforcer,35,18,630,13,1245.68
9875,test_45_14,enforcer,45,14,630,13,1210.69
9876,test_35_18,enforcer,35,18,630,14,1258.51
9877,test_45_14,enforcer,45,14,630,14,1224.03
9878,test_35_18,enforcer,35,18,630,15,1251.99
9879,test_45_14,enforcer,45,14,630,15,1212.64
9880,test_35_18,enforcer,35,18,630,16,1266.75
9881,test_45_14,enforcer,45,14,630,16,1204.92
9882,test_35_18,enforcer,35,18,630,17,1248.83
9883,test_45_14,enforcer,45,14,630,17,1206.04
9884,test_35_18,enforcer,35,18,630,18,1259.25
9885,test_45_14,enforcer,45,14,630,18,1211.37
9886,test_35_18,enforcer,35,18,630,19,1252.55
9887,test_45_14,enforcer,45,14,630,19,1204.14
9888,test_35_18,enforcer,35,18,630,20,1266.74
9889,test_45_14,enforcer,45,14,630,20,1203.68
9890,test_35_18,enforcer,35,18,630,21,1258.55
9891,test_45_14,enforcer,45,14,630,21,1202.44
9892,test_35_18,enforcer,35,18,630,22,1263.59
9893,test_45_14,enforcer,45,14,630,22,1208.7
9894,test_35_18,enforcer,35,18,630,23,1262.34
9895,test_45_14,enforcer,45,14,630,23,1220.59
9896,test_35_18,enforcer,35,18,630,24,1249.35
9897,test_45_14,enforcer,45,14,630,24,1200.04
9898,test_35_18,enforcer,35,18,630,25,1259.15
9899,test_45_14,enforcer,45,14,630,25,1207.26
9900,test_35_18,enforcer,35,18,630,26,1249.61
9901,test_45_14,enforcer,45,14,630,26,1204.49
9902,test_35_18,enforcer,35,18,630,27,1258.69
9903,test_45_14,enforcer,45,14,630,27,1207.46
9904,test_35_18,enforcer,35,18,630,28,1258.63
9905,test_45_14,enforcer,45,14,630,28,1207.45
9906,test_35_18,enforcer,35,18,630,29,1271.14
9907,test_45_14,enforcer,45,14,630,29,1211.42
9908,test_35_18,enforcer,35,18,630,30,1267.53
9909,test_45_14,enforcer,45,14,630,30,1242.63
9910,test_35_18,enforcer,35,18,630,31,1266.6
9911,test_45_14,enforcer,45,14,630,31,1218.12
9912,test_35_18,enforcer,35,18,630,32,1250.91
9913,test_45_14,enforcer,45,14,630,32,1224.36
9914,test_35_18,enforcer,35,18,630,33,1260.63
9915,test_45_14,enforcer,45,14,630,33,1213.67
9916,test_35_18,enforcer,35,18,630,34,1251.33
9917,test_45_14,enforcer,45,14,630,34,1214.42
9918,test_35_18,enforcer,35,18,630,35,1265.35
9919,test_45_14,enforcer,45,14,630,35,1221.48
9920,test_35_18,enforcer,35,18,630,36,1245.83
9921,test_45_14,enforcer,45,14,630,36,1209.13
9922,test_35_18,enforcer,35,18,630,37,1254.23
9923,test_45_14,enforcer,45,14,630,37,1217.29
9924,test_35_18,enforcer,35,18,630,38,1258.44
9925,test_45_14,enforcer,45,14,630,38,1209.48
9926,test_35_18,enforcer,35,18,630,39,1254.99
9927,test_45_14,enforcer,45,14,630,39,1209.63
9928,test_35_18,enforcer,35,18,630,40,1256.08
9929,test_45_14,enforcer,45,14,630,40,1201.92
9930,test_35_18,enforcer,35,18,630,41,1255.22
9931,test_45_14,enforcer,45,14,630,41,1203.75
9932,test_35_18,enforcer,35,18,630,42,1244.95
9933,test_45_14,enforcer,45,14,630,42,1202.76
9934,test_35_18,enforcer,35,18,630,43,1259.21
9935,test_45_14,enforcer,45,14,630,43,1201.17
9936,test_35_18,enforcer,35,18,630,44,1260.29
9937,test_45_14,enforcer,45,14,630,44,1212.67
9938,test_35_18,enforcer,35,18,630,45,1258.55
9939,test_45_14,enforcer,45,14,630,45,1198.07
9940,test_35_18,enforcer,35,18,630,46,1254.05
9941,test_45_14,enforcer,45,14,630,46,1205.44
9942,test_35_18,enforcer,35,18,630,47,1248.28
9943,test_45_14,enforcer,45,14,630,47,1203.8
9944,test_35_18,enforcer,35,18,630,48,1255.46
9945,test_45_14,enforcer,45,14,630,48,1203.0
9946,test_35_18,enforcer,35,18,630,49,1260.22
9947,test_45_14,enforcer,45,14,630,49,1200.01
9948,test_35_18,enforcer,35,18,630,50,1265.9
9949,test_45_14,enforcer,45,14,630,50,1204.93
9950,test_40_16,enforcer,40,16,640,1,1981.22
9951,test_40_16,enforcer,40,16,640,2,1480.5
9952,test_40_16,enforcer,40,16,640,3,1378.76
9953,test_40_16,enforcer,40,16,640,4,1340.35
9954,test_40_16,enforcer,40,16,640,5,1314.83
9955,test_40_16,enforcer,40,16,640,6,1326.54
9956,test_40_16,enforcer,40,16,640,7,1317.14
9957,test_40_16,enforcer,40,16,640,8,1312.06
9958,test_40_16,enforcer,40,16,640,9,1317.32
9959,test_40_16,enforcer,40,16,640,10,1325.42
9960,test_40_16,enforcer,40,16,640,11,1323.16
9961,test_40_16,enforcer,40,16,640,12,1302.91
9962,test_40_16,enforcer,40,16,640,13,1299.55
9963,test_40_16,enforcer,40,16,640,14,1305.48
9964,test_40_16,enforcer,40,16,640,15,1309.52
9965,test_40_16,enforcer,40,16,640,16,1295.25
9966,test_40_16,enforcer,40,16,640,17,1312.77
9967,test_40_16,enforcer,40,16,640,18,1308.46
9968,test_40_16,enforcer,40,16,640,19,1304.97
9969,test_40_16,enforcer,40,16,640,20,1292.22
9970,test_40_16,enforcer,40,16,640,21,1288.11
9971,test_40_16,enforcer,40,16,640,22,1292.66
9972,test_40_16,enforcer,40,16,640,23,1276.87
9973,test_40_16,enforcer,40,16,640,24,1286.32
9974,test_40_16,enforcer,40,16,640,25,1281.11
9975,test_40_16,enforcer,40,16,640,26,1289.97
9976,test_40_16,enforcer,40,16,640,27,1282.07
9977,test_40_16,enforcer,40,16,640,28,1285.17
9978,test_40_16,enforcer,40,16,640,29,1297.35
9979,test_40_16,enforcer,40,16,640,30,1313.81
9980,test_40_16,enforcer,40,16,640,31,1280.49
9981,test_40_16,enforcer,40,16,640,32,1282.88
9982,test_40_16,enforcer,40,16,640,33,1295.98
9983,test_40_16,enforcer,40,16,640,34,1284.2
9984,test_40_16,enforcer,40,16,640,35,1283.96
9985,test_40_16,enforcer,40,16,640,36,1277.39
9986,test_40_16,enforcer,40,16,640,37,1289.83
9987,test_40_16,enforcer,40,16,640,38,1282.26
9988,test_40_16,enforcer,40,16,640,39,1276.42
9989,test_40_16,enforcer,40,16,640,40,1294.75
9990,test_40_16,enforcer,40,16,640,41,1277.63
9991,test_40_16,enforcer,40,16,640,42,1287.23
9992,test_40_16,enforcer,40,16,640,43,1288.05
9993,test_40_16,enforcer,40,16,640,44,1288.37
9994,test_40_16,enforcer,40,16,640,45,1283.13
9995,test_40_16,enforcer,40,16,640,46,1285.59
9996,test_40_16,enforcer,40,16,640,47,1289.67
9997,test_40_16,enforcer,40,16,640,48,1284.26
9998,test_40_16,enforcer,40,16,640,49,1279.74
9999,test_40_16,enforcer,40,16,640,50,1273.53
10000,test_55_12,enforcer,55,12,660,1,1968.56
10001,test_55_12,enforcer,55,12,660,2,1486.97
10002,test_55_12,enforcer,55,12,660,3,1430.7
10003,test_55_12,enforcer,55,12,660,4,1370.49
10004,test_55_12,enforcer,55,12,660,5,1371.17
10005,test_55_12,enforcer,55,12,660,6,1356.59
10006,test_55_12,enforcer,55,12,660,7,1352.13
10007,test_55_12,enforcer,55,12,660,8,1356.61
10008,test_55_12,enforcer,55,12,660,9,1353.0
10009,test_55_12,enforcer,55,12,660,10,1352.52
10010,test_55_12,enforcer,55,12,660,11,1354.73
10011,test_55_12,enforcer,55,12,660,12,1357.38
10012,test_55_12,enforcer,55,12,660,13,1353.06
10013,test_55_12,enforcer,55,12,660,14,1348.37
10014,test_55_12,enforcer,55,12,660,15,1359.41
10015,test_55_12,enforcer,55,12,660,16,1341.55
10016,test_55_12,enforcer,55,12,660,17,1334.61
10017,test_55_12,enforcer,55,12,660,18,1363.94
10018,test_55_12,enforcer,55,12,660,19,1341.57
10019,test_55_12,enforcer,55,12,660,20,1338.16
10020,test_55_12,enforcer,55,12,660,21,1346.83
10021,test_55_12,enforcer,55,12,660,22,1337.83
10022,test_55_12,enforcer,55,12,660,23,1345.7
10023,test_55_12,enforcer,55,12,660,24,1346.02
10024,test_55_12,enforcer,55,12,660,25,1347.95
10025,test_55_12,enforcer,55,12,660,26,1334.85
10026,test_55_12,enforcer,55,12,660,27,1340.78
10027,test_55_12,enforcer,55,12,660,28,1360.16
10028,test_55_12,enforcer,55,12,660,29,1351.42
10029,test_55_12,enforcer,55,12,660,30,1337.57
10030,test_55_12,enforcer,55,12,660,31,1348.46
10031,test_55_12,enforcer,55,12,660,32,1351.63
10032,test_55_12,enforcer,55,12,660,33,1338.34
10033,test_55_12,enforcer,55,12,660,34,1346.47
10034,test_55_12,enforcer,55,12,660,35,1339.94
10035,test_55_12,enforcer,55,12,660,36,1343.32
10036,test_55_12,enforcer,55,12,660,37,1345.44
10037,test_55_12,enforcer,55,12,660,38,1337.83
10038,test_55_12,enforcer,55,12,660,39,1329.84
10039,test_55_12,enforcer,55,12,660,40,1330.64
10040,test_55_12,enforcer,55,12,660,41,1334.86
10041,test_55_12,enforcer,55,12,660,42,1336.1
10042,test_55_12,enforcer,55,12,660,43,1337.85
10043,test_55_12,enforcer,55,12,660,44,1337.85
10044,test_55_12,enforcer,55,12,660,45,1335.83
10045,test_55_12,enforcer,55,12,660,46,1337.26
10046,test_55_12,enforcer,55,12,660,47,1337.23
10047,test_55_12,enforcer,55,12,660,48,1344.96
10048,test_55_12,enforcer,55,12,660,49,1341.52
10049,test_55_12,enforcer,55,12,660,50,1338.8
10050,test_35_20,enforcer,35,20,700,1,2471.83
10051,test_50_14,enforcer,50,14,700,1,2191.1
10052,test_35_20,enforcer,35,20,700,2,1749.46
10053,test_50_14,enforcer,50,14,700,2,1734.25
10054,test_35_20,enforcer,35,20,700,3,1612.04
10055,test_50_14,enforcer,50,14,700,3,1676.85
10056,test_35_20,enforcer,35,20,700,4,1604.9
10057,test_50_14,enforcer,50,14,700,4,1595.02
10058,test_35_20,enforcer,35,20,700,5,1597.4
10059,test_50_14,enforcer,50,14,700,5,1581.3
10060,test_35_20,enforcer,35,20,700,6,1592.21
10061,test_50_14,enforcer,50,14,700,6,1594.9
10062,test_35_20,enforcer,35,20,700,7,1589.82
10063,test_50_14,enforcer,50,14,700,7,1589.26
10064,test_35_20,enforcer,35,20,700,8,1590.15
10065,test_50_14,enforcer,50,14,700,8,1590.4
10066,test_35_20,enforcer,35,20,700,9,1588.97
10067,test_50_14,enforcer,50,14,700,9,1591.37
10068,test_35_20,enforcer,35,20,700,10,1585.96
10069,test_50_14,enforcer,50,14,700,10,1585.91
10070,test_35_20,enforcer,35,20,700,11,1602.13
10071,test_50_14,enforcer,50,14,700,11,1567.28
10072,test_35_20,enforcer,35,20,700,12,1594.54
10073,test_50_14,enforcer,50,14,700,12,1590.12
10074,test_35_20,enforcer,35,20,700,13,1594.29
10075,test_50_14,enforcer,50,14,700,13,1568.07
10076,test_35_20,enforcer,35,20,700,14,1580.64
10077,test_50_14,enforcer,50,14,700,14,1593.88
10078,test_35_20,enforcer,35,20,700,15,1589.68
10079,test_50_14,enforcer,50,14,700,15,1573.74
10080,test_35_20,enforcer,35,20,700,16,1599.63
10081,test_50_14,enforcer,50,14,700,16,1560.89
10082,test_35_20,enforcer,35,20,700,17,1593.27
10083,test_50_14,enforcer,50,14,700,17,1552.45
10084,test_35_20,enforcer,35,20,700,18,1584.12
10085,test_50_14,enforcer,50,14,700,18,1561.46
10086,test_35_20,enforcer,35,20,700,19,1588.28
10087,test_50_14,enforcer,50,14,700,19,1566.44
10088,test_35_20,enforcer,35,20,700,20,1590.63
10089,test_50_14,enforcer,50,14,700,20,1573.57
10090,test_35_20,enforcer,35,20,700,21,1582.66
10091,test_50_14,enforcer,50,14,700,21,1569.55
10092,test_35_20,enforcer,35,20,700,22,1589.61
10093,test_50_14,enforcer,50,14,700,22,1553.32
10094,test_35_20,enforcer,35,20,700,23,1584.8
10095,test_50_14,enforcer,50,14,700,23,1547.68
10096,test_35_20,enforcer,35,20,700,24,1585.95
10097,test_50_14,enforcer,50,14,700,24,1556.2
10098,test_35_20,enforcer,35,20,700,25,1582.15
10099,test_50_14,enforcer,50,14,700,25,1582.5
10100,test_35_20,enforcer,35,20,700,26,1599.04
10101,test_50_14,enforcer,50,14,700,26,1594.96
10102,test_35_20,enforcer,35,20,700,27,1583.14
10103,test_50_14,enforcer,50,14,700,27,1569.33
10104,test_35_20,enforcer,35,20,700,28,1581.69
10105,test_50_14,enforcer,50,14,700,28,1563.51
10106,test_35_20,enforcer,35,20,700,29,1576.87
10107,test_50_14,enforcer,50,14,700,29,1564.16
10108,test_35_20,enforcer,35,20,700,30,1581.17
10109,test_50_14,enforcer,50,14,700,30,1559.97
10110,test_35_20,enforcer,35,20,700,31,1591.76
10111,test_50_14,enforcer,50,14,700,31,1561.03
10112,test_35_20,enforcer,35,20,700,32,1585.1
10113,test_50_14,enforcer,50,14,700,32,1575.56
10114,test_35_20,enforcer,35,20,700,33,1593.68
10115,test_50_14,enforcer,50,14,700,33,1562.39
10116,test_35_20,enforcer,35,20,700,34,1585.82
10117,test_50_14,enforcer,50,14,700,34,1559.41
10118,test_35_20,enforcer,35,20,700,35,1588.74
10119,test_50_14,enforcer,50,14,700,35,1562.05
10120,test_35_20,enforcer,35,20,700,36,1599.95
10121,test_50_14,enforcer,50,14,700,36,1587.88
10122,test_35_20,enforcer,35,20,700,37,1589.53
10123,test_50_14,enforcer,50,14,700,37,1571.77
10124,test_35_20,enforcer,35,20,700,38,1590.74
10125,test_50_14,enforcer,50,14,700,38,1562.18
10126,test_35_20,enforcer,35,20,700,39,1593.24
10127,test_50_14,enforcer,50,14,700,39,1552.55
10128,test_35_20,enforcer,35,20,700,40,1588.33
10129,test_50_14,enforcer,50,14,700,40,1547.82
10130,test_35_20,enforcer,35,20,700,41,1602.65
10131,test_50_14,enforcer,50,14,700,41,1567.69
10132,test_35_20,enforcer,35,20,700,42,1581.77
10133,test_50_14,enforcer,50,14,700,42,1568.07
10134,test_35_20,enforcer,35,20,700,43,1576.05
10135,test_50_14,enforcer,50,14,700,43,1576.21
10136,test_35_20,enforcer,35,20,700,44,1577.16
10137,test_50_14,enforcer,50,14,700,44,1557.85
10138,test_35_20,enforcer,35,20,700,45,1579.41
10139,test_50_14,enforcer,50,14,700,45,1563.34
10140,test_35_20,enforcer,35,20,700,46,1582.2
10141,test_50_14,enforcer,50,14,700,46,1554.81
10142,test_35_20,enforcer,35,20,700,47,1584.81
10143,test_50_14,enforcer,50,14,700,47,1572.45
10144,test_35_20,enforcer,35,20,700,48,1582.35
10145,test_50_14,enforcer,50,14,700,48,1536.82
10146,test_35_20,enforcer,35,20,700,49,1578.7
10147,test_50_14,enforcer,50,14,700,49,1564.87
10148,test_35_20,enforcer,35,20,700,50,1586.54
10149,test_50_14,enforcer,50,14,700,50,1556.74
10150,test_40_18,enforcer,40,18,720,1,2421.57
10151,test_45_16,enforcer,45,16,720,1,2272.17
10152,test_60_12,enforcer,60,12,720,1,2213.37
10153,test_40_18,enforcer,40,18,720,2,1807.21
10154,test_45_16,enforcer,45,16,720,2,1854.52
10155,test_60_12,enforcer,60,12,720,2,1815.94
10156,test_40_18,enforcer,40,18,720,3,1727.77
10157,test_45_16,enforcer,45,16,720,3,1728.1
10158,test_60_12,enforcer,60,12,720,3,1733.78
10159,test_40_18,enforcer,40,18,720,4,1711.97
10160,test_45_16,enforcer,45,16,720,4,1735.72
10161,test_60_12,enforcer,60,12,720,4,1688.23
10162,test_40_18,enforcer,40,18,720,5,1711.22
10163,test_45_16,enforcer,45,16,720,5,1726.99
10164,test_60_12,enforcer,60,12,720,5,1687.99
10165,test_40_18,enforcer,40,18,720,6,1695.05
10166,test_45_16,enforcer,45,16,720,6,1685.35
10167,test_60_12,enforcer,60,12,720,6,1680.73
10168,test_40_18,enforcer,40,18,720,7,1695.63
10169,test_45_16,enforcer,45,16,720,7,1699.86
10170,test_60_12,enforcer,60,12,720,7,1684.88
10171,test_40_18,enforcer,40,18,720,8,1701.57
10172,test_45_16,enforcer,45,16,720,8,1717.44
10173,test_60_12,enforcer,60,12,720,8,1672.76
10174,test_40_18,enforcer,40,18,720,9,1692.85
10175,test_45_16,enforcer,45,16,720,9,1697.72
10176,test_60_12,enforcer,60,12,720,9,1671.52
10177,test_40_18,enforcer,40,18,720,10,1706.4
10178,test_45_16,enforcer,45,16,720,10,1690.82
10179,test_60_12,enforcer,60,12,720,10,1666.92
10180,test_40_18,enforcer,40,18,720,11,1707.45
10181,test_45_16,enforcer,45,16,720,11,1698.28
10182,test_60_12,enforcer,60,12,720,11,1656.87
10183,test_40_18,enforcer,40,18,720,12,1702.8
10184,test_45_16,enforcer,45,16,720,12,1689.57
10185,test_60_12,enforcer,60,12,720,12,1662.4
10186,test_40_18,enforcer,40,18,720,13,1684.09
10187,test_45_16,enforcer,45,16,720,13,1702.54
10188,test_60_12,enforcer,60,12,720,13,1662.12
10189,test_40_18,enforcer,40,18,720,14,1679.31
10190,test_45_16,enforcer,45,16,720,14,1721.83
10191,test_60_12,enforcer,60,12,720,14,1666.99
10192,test_40_18,enforcer,40,18,720,15,1681.66
10193,test_45_16,enforcer,45,16,720,15,1703.4
10194,test_60_12,enforcer,60,12,720,15,1661.07
10195,test_40_18,enforcer,40,18,720,16,1683.68
10196,test_45_16,enforcer,45,16,720,16,1703.94
10197,test_60_12,enforcer,60,12,720,16,1666.33
10198,test_40_18,enforcer,40,18,720,17,1677.86
10199,test_45_16,enforcer,45,16,720,17,1715.77
10200,test_60_12,enforcer,60,12,720,17,1671.75
10201,test_40_18,enforcer,40,18,720,18,1677.81
10202,test_45_16,enforcer,45,16,720,18,1703.14
10203,test_60_12,enforcer,60,12,720,18,1659.28
10204,test_40_18,enforcer,40,18,720,19,1687.89
10205,test_45_16,enforcer,45,16,720,19,1686.31
10206,test_60_12,enforcer,60,12,720,19,1659.41
10207,test_40_18,enforcer,40,18,720,20,1696.82
10208,test_45_16,enforcer,45,16,720,20,1697.6
10209,test_60_12,enforcer,60,12,720,20,1658.53
10210,test_40_18,enforcer,40,18,720,21,1689.64
10211,test_45_16,enforcer,45,16,720,21,1685.91
10212,test_60_12,enforcer,60,12,720,21,1648.38
10213,test_40_18,enforcer,40,18,720,22,1710.51
10214,test_45_16,enforcer,45,16,720,22,1689.42
10215,test_60_12,enforcer,60,12,720,22,1644.99
10216,test_40_18,enforcer,40,18,720,23,1679.99
10217,test_45_16,enforcer,45,16,720,23,1698.3
10218,test_60_12,enforcer,60,12,720,23,1650.3
10219,test_40_18,enforcer,40,18,720,24,1686.16
10220,test_45_16,enforcer,45,16,720,24,1689.2
10221,test_60_12,enforcer,60,12,720,24,1641.27
10222,test_40_18,enforcer,40,18,720,25,1673.0
10223,test_45_16,enforcer,45,16,720,25,1680.01
10224,test_60_12,enforcer,60,12,720,25,1650.48
10225,test_40_18,enforcer,40,18,720,26,1715.77
10226,test_45_16,enforcer,45,16,720,26,1733.16
10227,test_60_12,enforcer,60,12,720,26,1677.73
10228,test_40_18,enforcer,40,18,720,27,1681.67
10229,test_45_16,enforcer,45,16,720,27,1686.47
10230,test_60_12,enforcer,60,12,720,27,1647.33
10231,test_40_18,enforcer,40,18,720,28,1664.74
10232,test_45_16,enforcer,45,16,720,28,1689.35
10233,test_60_12,enforcer,60,12,720,28,1634.08
10234,test_40_18,enforcer,40,18,720,29,1660.65
10235,test_45_16,enforcer,45,16,720,29,1683.65
10236,test_60_12,enforcer,60,12,720,29,1649.07
10237,test_40_18,enforcer,40,18,720,30,1680.05
10238,test_45_16,enforcer,45,16,720,30,1691.83
10239,test_60_12,enforcer,60,12,720,30,1646.88
10240,test_40_18,enforcer,40,18,720,31,1677.68
10241,test_45_16,enforcer,45,16,720,31,1697.4
10242,test_60_12,enforcer,60,12,720,31,1646.0
10243,test_40_18,enforcer,40,18,720,32,1671.38
10244,test_45_16,enforcer,45,16,720,32,1679.19
10245,test_60_12,enforcer,60,12,720,32,1661.46
10246,test_40_18,enforcer,40,18,720,33,1683.3
10247,test_45_16,enforcer,45,16,720,33,1678.84
10248,test_60_12,enforcer,60,12,720,33,1635.84
10249,test_40_18,enforcer,40,18,720,34,1672.23
10250,test_45_16,enforcer,45,16,720,34,1691.61
10251,test_60_12,enforcer,60,12,720,34,1641.65
10252,test_40_18,enforcer,40,18,720,35,1653.07
10253,test_45_16,enforcer,45,16,720,35,1684.67
10254,test_60_12,enforcer,60,12,720,35,1654.6
10255,test_40_18,enforcer,40,18,720,36,1660.01
10256,test_45_16,enforcer,45,16,720,36,1677.71
10257,test_60_12,enforcer,60,12,720,36,1648.19
10258,test_40_18,enforcer,40,18,720,37,1672.22
10259,test_45_16,enforcer,45,16,720,37,1693.61
10260,test_60_12,enforcer,60,12,720,37,1648.39
10261,test_40_18,enforcer,40,18,720,38,1680.42
10262,test_45_16,enforcer,45,16,720,38,1682.87
10263,test_60_12,enforcer,60,12,720,38,1644.61
10264,test_40_18,enforcer,40,18,720,39,1665.64
10265,test_45_16,enforcer,45,16,720,39,1689.48
10266,test_60_12,enforcer,60,12,720,39,1639.98
10267,test_40_18,enforcer,40,18,720,40,1678.39
10268,test_45_16,enforcer,45,16,720,40,1698.07
10269,test_60_12,enforcer,60,12,720,40,1639.19
10270,test_40_18,enforcer,40,18,720,41,1677.0
10271,test_45_16,enforcer,45,16,720,41,1682.86
10272,test_60_12,enforcer,60,12,720,41,1647.57
10273,test_40_18,enforcer,40,18,720,42,1672.59
10274,test_45_16,enforcer,45,16,720,42,1685.04
10275,test_60_12,enforcer,60,12,720,42,1644.8
10276,test_40_18,enforcer,40,18,720,43,1689.83
10277,test_45_16,enforcer,45,16,720,43,1687.93
10278,test_60_12,enforcer,60,12,720,43,1636.93
10279,test_40_18,enforcer,40,18,720,44,1679.89
10280,test_45_16,enforcer,45,16,720,44,1690.04
10281,test_60_12,enforcer,60,12,720,44,1645.13
10282,test_40_18,enforcer,40,18,720,45,1690.95
10283,test_45_16,enforcer,45,16,720,45,1675.39
10284,test_60_12,enforcer,60,12,720,45,1629.92
10285,test_40_18,enforcer,40,18,720,46,1694.12
10286,test_45_16,enforcer,45,16,720,46,1690.52
10287,test_60_12,enforcer,60,12,720,46,1634.53
10288,test_40_18,enforcer,40,18,720,47,1681.07
10289,test_45_16,enforcer,45,16,720,47,1690.17
10290,test_60_12,enforcer,60,12,720,47,1637.12
10291,test_40_18,enforcer,40,18,720,48,1667.72
10292,test_45_16,enforcer,45,16,720,48,1691.28
10293,test_60_12,enforcer,60,12,720,48,1634.14
10294,test_40_18,enforcer,40,18,720,49,1678.69
10295,test_45_16,enforcer,45,16,720,49,1692.9
10296,test_60_12,enforcer,60,12,720,49,1638.16
10297,test_40_18,enforcer,40,18,720,50,1671.55
10298,test_45_16,enforcer,45,16,720,50,1687.64
10299,test_60_12,enforcer,60,12,720,50,1645.84
10300,test_55_14,enforcer,55,14,770,1,2803.51
10301,test_55_14,enforcer,55,14,770,2,2344.62
10302,test_55_14,enforcer,55,14,770,3,2214.81
10303,test_55_14,enforcer,55,14,770,4,2200.76
10304,test_55_14,enforcer,55,14,770,5,2212.99
10305,test_55_14,enforcer,55,14,770,6,2165.31
10306,test_55_14,enforcer,55,14,770,7,2198.21
10307,test_55_14,enforcer,55,14,770,8,2194.09
10308,test_55_14,enforcer,55,14,770,9,2193.08
10309,test_55_14,enforcer,55,14,770,10,2194.69
10310,test_55_14,enforcer,55,14,770,11,2192.58
10311,test_55_14,enforcer,55,14,770,12,2217.73
10312,test_55_14,enforcer,55,14,770,13,2188.43
10313,test_55_14,enforcer,55,14,770,14,2196.14
10314,test_55_14,enforcer,55,14,770,15,2172.25
10315,test_55_14,enforcer,55,14,770,16,2191.31
10316,test_55_14,enforcer,55,14,770,17,2136.59
10317,test_55_14,enforcer,55,14,770,18,2166.64
10318,test_55_14,enforcer,55,14,770,19,2171.0
10319,test_55_14,enforcer,55,14,770,20,2128.3
10320,test_55_14,enforcer,55,14,770,21,2180.66
10321,test_55_14,enforcer,55,14,770,22,2175.37
10322,test_55_14,enforcer,55,14,770,23,2119.39
10323,test_55_14,enforcer,55,14,770,24,2177.61
10324,test_55_14,enforcer,55,14,770,25,2125.76
10325,test_55_14,enforcer,55,14,770,26,2116.85
10326,test_55_14,enforcer,55,14,770,27,2163.42
10327,test_55_14,enforcer,55,14,770,28,2134.73
10328,test_55_14,enforcer,55,14,770,29,2109.13
10329,test_55_14,enforcer,55,14,770,30,2161.7
10330,test_55_14,enforcer,55,14,770,31,2122.75
10331,test_55_14,enforcer,55,14,770,32,2119.26
10332,test_55_14,enforcer,55,14,770,33,2155.38
10333,test_55_14,enforcer,55,14,770,34,2121.83
10334,test_55_14,enforcer,55,14,770,35,2112.57
10335,test_55_14,enforcer,55,14,770,36,2124.53
10336,test_55_14,enforcer,55,14,770,37,2116.43
10337,test_55_14,enforcer,55,14,770,38,2127.5
10338,test_55_14,enforcer,55,14,770,39,2099.21
10339,test_55_14,enforcer,55,14,770,40,2155.31
10340,test_55_14,enforcer,55,14,770,41,2104.03
10341,test_55_14,enforcer,55,14,770,42,2127.03
10342,test_55_14,enforcer,55,14,770,43,2143.56
10343,test_55_14,enforcer,55,14,770,44,2135.21
10344,test_55_14,enforcer,55,14,770,45,2125.62
10345,test_55_14,enforcer,55,14,770,46,2167.96
10346,test_55_14,enforcer,55,14,770,47,2107.44
10347,test_55_14,enforcer,55,14,770,48,2114.79
10348,test_55_14,enforcer,55,14,770,49,2184.09
10349,test_55_14,enforcer,55,14,770,50,2131.35
10350,test_40_20,enforcer,40,20,800,1,3269.15
10351,test_50_16,enforcer,50,16,800,1,3061.66
10352,test_40_20,enforcer,40,20,800,2,2527.14
10353,test_50_16,enforcer,50,16,800,2,2546.82
10354,test_40_20,enforcer,40,20,800,3,2468.45
10355,test_50_16,enforcer,50,16,800,3,2441.3
10356,test_40_20,enforcer,40,20,800,4,2436.42
10357,test_50_16,enforcer,50,16,800,4,2431.33
10358,test_40_20,enforcer,40,20,800,5,2418.99
10359,test_50_16,enforcer,50,16,800,5,2417.73
10360,test_40_20,enforcer,40,20,800,6,2392.48
10361,test_50_16,enforcer,50,16,800,6,2400.53
10362,test_40_20,enforcer,40,20,800,7,2409.47
10363,test_50_16,enforcer,50,16,800,7,2426.84
10364,test_40_20,enforcer,40,20,800,8,2454.2
10365,test_50_16,enforcer,50,16,800,8,2436.44
10366,test_40_20,enforcer,40,20,800,9,2452.47
10367,test_50_16,enforcer,50,16,800,9,2427.16
10368,test_40_20,enforcer,40,20,800,10,2442.48
10369,test_50_16,enforcer,50,16,800,10,2419.56
10370,test_40_20,enforcer,40,20,800,11,2457.94
10371,test_50_16,enforcer,50,16,800,11,2405.15
10372,test_40_20,enforcer,40,20,800,12,2463.13
10373,test_50_16,enforcer,50,16,800,12,2396.52
10374,test_40_20,enforcer,40,20,800,13,2468.9
10375,test_50_16,enforcer,50,16,800,13,2387.25
10376,test_40_20,enforcer,40,20,800,14,2463.76
10377,test_50_16,enforcer,50,16,800,14,2372.51
10378,test_40_20,enforcer,40,20,800,15,2452.24
10379,test_50_16,enforcer,50,16,800,15,2359.98
10380,test_40_20,enforcer,40,20,800,16,2428.21
10381,test_50_16,enforcer,50,16,800,16,2418.37
10382,test_40_20,enforcer,40,20,800,17,2443.33
10383,test_50_16,enforcer,50,16,800,17,2381.93
10384,test_40_20,enforcer,40,20,800,18,2449.33
10385,test_50_16,enforcer,50,16,800,18,2378.95
10386,test_40_20,enforcer,40,20,800,19,2436.91
10387,test_50_16,enforcer,50,16,800,19,2374.7
10388,test_40_20,enforcer,40,20,800,20,2441.97
10389,test_50_16,enforcer,50,16,800,20,2388.37
10390,test_40_20,enforcer,40,20,800,21,2425.51
10391,test_50_16,enforcer,50,16,800,21,2357.86
10392,test_40_20,enforcer,40,20,800,22,2443.08
10393,test_50_16,enforcer,50,16,800,22,2404.77
10394,test_40_20,enforcer,40,20,800,23,2448.53
10395,test_50_16,enforcer,50,16,800,23,2401.11
10396,test_40_20,enforcer,40,20,800,24,2413.39
10397,test_50_16,enforcer,50,16,800,24,2406.16
10398,test_40_20,enforcer,40,20,800,25,2423.74
10399,test_50_16,enforcer,50,16,800,25,2393.52
10400,test_40_20,enforcer,40,20,800,26,2383.35
10401,test_50_16,enforcer,50,16,800,26,2407.45
10402,test_40_20,enforcer,40,20,800,27,2405.08
10403,test_50_16,enforcer,50,16,800,27,2394.04
10404,test_40_20,enforcer,40,20,800,28,2443.63
10405,test_50_16,enforcer,50,16,800,28,2360.72
10406,test_40_20,enforcer,40,20,800,29,2443.21
10407,test_50_16,enforcer,50,16,800,29,2395.59
10408,test_40_20,enforcer,40,20,800,30,2435.0
10409,test_50_16,enforcer,50,16,800,30,2393.82
10410,test_40_20,enforcer,40,20,800,31,2454.49
10411,test_50_16,enforcer,50,16,800,31,2389.44
10412,test_40_20,enforcer,40,20,800,32,2452.75
10413,test_50_16,enforcer,50,16,800,32,2380.62
10414,test_40_20,enforcer,40,20,800,33,2442.6
10415,test_50_16,enforcer,50,16,800,33,2383.23
10416,test_40_20,enforcer,40,20,800,34,2431.67
10417,test_50_16,enforcer,50,16,800,34,2367.06
10418,test_40_20,enforcer,40,20,800,35,2426.28
10419,test_50_16,enforcer,50,16,800,35,2404.13
10420,test_40_20,enforcer,40,20,800,36,2425.54
10421,test_50_16,enforcer,50,16,800,36,2401.33
10422,test_40_20,enforcer,40,20,800,37,2426.18
10423,test_50_16,enforcer,50,16,800,37,2400.48
10424,test_40_20,enforcer,40,20,800,38,2424.37
10425,test_50_16,enforcer,50,16,800,38,2395.7
10426,test_40_20,enforcer,40,20,800,39,2423.97
10427,test_50_16,enforcer,50,16,800,39,2381.08
10428,test_40_20,enforcer,40,20,800,40,2466.85
10429,test_50_16,enforcer,50,16,800,40,2391.35
10430,test_40_20,enforcer,40,20,800,41,2427.31
10431,test_50_16,enforcer,50,16,800,41,2346.88
10432,test_40_20,enforcer,40,20,800,42,2438.71
10433,test_50_16,enforcer,50,16,800,42,2391.56
10434,test_40_20,enforcer,40,20,800,43,2446.75
10435,test_50_16,enforcer,50,16,800,43,2385.7
10436,test_40_20,enforcer,40,20,800,44,2430.77
10437,test_50_16,enforcer,50,16,800,44,2396.26
10438,test_40_20,enforcer,40,20,800,45,2426.58
10439,test_50_16,enforcer,50,16,800,45,2368.35
10440,test_40_20,enforcer,40,20,800,46,2411.96
10441,test_50_16,enforcer,50,16,800,46,2342.47
10442,test_40_20,enforcer,40,20,800,47,2408.9
10443,test_50_16,enforcer,50,16,800,47,2335.82
10444,test_40_20,enforcer,40,20,800,48,2426.61
10445,test_50_16,enforcer,50,16,800,48,2395.96
10446,test_40_20,enforcer,40,20,800,49,2422.62
10447,test_50_16,enforcer,50,16,800,49,2370.91
10448,test_40_20,enforcer,40,20,800,50,2422.24
10449,test_50_16,enforcer,50,16,800,50,2381.39
10450,test_45_18,enforcer,45,18,810,1,3351.88
10451,test_45_18,enforcer,45,18,810,2,2730.85
10452,test_45_18,enforcer,45,18,810,3,2564.17
10453,test_45_18,enforcer,45,18,810,4,2565.98
10454,test_45_18,enforcer,45,18,810,5,2527.49
10455,test_45_18,enforcer,45,18,810,6,2538.37
10456,test_45_18,enforcer,45,18,810,7,2542.56
10457,test_45_18,enforcer,45,18,810,8,2539.09
10458,test_45_18,enforcer,45,18,810,9,2507.68
10459,test_45_18,enforcer,45,18,810,10,2505.31
10460,test_45_18,enforcer,45,18,810,11,2511.78
10461,test_45_18,enforcer,45,18,810,12,2524.13
10462,test_45_18,enforcer,45,18,810,13,2518.05
10463,test_45_18,enforcer,45,18,810,14,2526.02
10464,test_45_18,enforcer,45,18,810,15,2545.55
10465,test_45_18,enforcer,45,18,810,16,2524.21
10466,test_45_18,enforcer,45,18,810,17,2522.35
10467,test_45_18,enforcer,45,18,810,18,2529.57
10468,test_45_18,enforcer,45,18,810,19,2516.97
10469,test_45_18,enforcer,45,18,810,20,2515.31
10470,test_45_18,enforcer,45,18,810,21,2519.01
10471,test_45_18,enforcer,45,18,810,22,2512.88
10472,test_45_18,enforcer,45,18,810,23,2501.79
10473,test_45_18,enforcer,45,18,810,24,2499.23
10474,test_45_18,enforcer,45,18,810,25,2506.84
10475,test_45_18,enforcer,45,18,810,26,2503.35
10476,test_45_18,enforcer,45,18,810,27,2500.88
10477,test_45_18,enforcer,45,18,810,28,2501.83
10478,test_45_18,enforcer,45,18,810,29,2509.47
10479,test_45_18,enforcer,45,18,810,30,2498.61
10480,test_45_18,enforcer,45,18,810,31,2483.25
10481,test_45_18,enforcer,45,18,810,32,2483.58
10482,test_45_18,enforcer,45,18,810,33,2495.6
10483,test_45_18,enforcer,45,18,810,34,2498.2
10484,test_45_18,enforcer,45,18,810,35,2483.3
10485,test_45_18,enforcer,45,18,810,36,2484.55
10486,test_45_18,enforcer,45,18,810,37,2489.45
10487,test_45_18,enforcer,45,18,810,38,2505.21
10488,test_45_18,enforcer,45,18,810,39,2505.26
10489,test_45_18,enforcer,45,18,810,40,2500.2
10490,test_45_18,enforcer,45,18,810,41,2510.79
10491,test_45_18,enforcer,45,18,810,42,2513.09
10492,test_45_18,enforcer,45,18,810,43,2516.15
10493,test_45_18,enforcer,45,18,810,44,2512.5
10494,test_45_18,enforcer,45,18,810,45,2502.51
10495,test_45_18,enforcer,45,18,810,46,2475.46
10496,test_45_18,enforcer,45,18,810,47,2465.07
10497,test_45_18,enforcer,45,18,810,48,2474.11
10498,test_45_18,enforcer,45,18,810,49,2486.37
10499,test_45_18,enforcer,45,18,810,50,2499.98
10500,test_60_14,enforcer,60,14,840,1,3344.6
10501,test_60_14,enforcer,60,14,840,2,2858.83
10502,test_60_14,enforcer,60,14,840,3,2813.74
10503,test_60_14,enforcer,60,14,840,4,2810.87
10504,test_60_14,enforcer,60,14,840,5,2782.7
10505,test_60_14,enforcer,60,14,840,6,2791.01
10506,test_60_14,enforcer,60,14,840,7,2784.47
10507,test_60_14,enforcer,60,14,840,8,2785.91
10508,test_60_14,enforcer,60,14,840,9,2809.03
10509,test_60_14,enforcer,60,14,840,10,2804.58
10510,test_60_14,enforcer,60,14,840,11,2779.91
10511,test_60_14,enforcer,60,14,840,12,2786.85
10512,test_60_14,enforcer,60,14,840,13,2812.76
10513,test_60_14,enforcer,60,14,840,14,2789.86
10514,test_60_14,enforcer,60,14,840,15,2783.12
10515,test_60_14,enforcer,60,14,840,16,2792.66
10516,test_60_14,enforcer,60,14,840,17,2798.09
10517,test_60_14,enforcer,60,14,840,18,2801.71
10518,test_60_14,enforcer,60,14,840,19,2799.02
10519,test_60_14,enforcer,60,14,840,20,2787.29
10520,test_60_14,enforcer,60,14,840,21,2802.27
10521,test_60_14,enforcer,60,14,840,22,2781.9
10522,test_60_14,enforcer,60,14,840,23,2768.45
10523,test_60_14,enforcer,60,14,840,24,2790.31
10524,test_60_14,enforcer,60,14,840,25,2782.14
10525,test_60_14,enforcer,60,14,840,26,2757.5
10526,test_60_14,enforcer,60,14,840,27,2758.86
10527,test_60_14,enforcer,60,14,840,28,2771.36
10528,test_60_14,enforcer,60,14,840,29,2769.32
10529,test_60_14,enforcer,60,14,840,30,2791.47
10530,test_60_14,enforcer,60,14,840,31,2770.11
10531,test_60_14,enforcer,60,14,840,32,2794.02
10532,test_60_14,enforcer,60,14,840,33,2780.71
10533,test_60_14,enforcer,60,14,840,34,2755.71
10534,test_60_14,enforcer,60,14,840,35,2768.95
10535,test_60_14,enforcer,60,14,840,36,2769.11
10536,test_60_14,enforcer,60,14,840,37,2763.85
10537,test_60_14,enforcer,60,14,840,38,2740.46
10538,test_60_14,enforcer,60,14,840,39,2757.45
10539,test_60_14,enforcer,60,14,840,40,2767.8
10540,test_60_14,enforcer,60,14,840,41,2774.48
10541,test_60_14,enforcer,60,14,840,42,2775.85
10542,test_60_14,enforcer,60,14,840,43,2779.99
10543,test_60_14,enforcer,60,14,840,44,2757.46
10544,test_60_14,enforcer,60,14,840,45,2775.33
10545,test_60_14,enforcer,60,14,840,46,2760.32
10546,test_60_14,enforcer,60,14,840,47,2768.01
10547,test_60_14,enforcer,60,14,840,48,2786.32
10548,test_60_14,enforcer,60,14,840,49,2754.53
10549,test_60_14,enforcer,60,14,840,50,2770.47
10550,test_55_16,enforcer,55,16,880,1,3724.81
10551,test_55_16,enforcer,55,16,880,2,3215.64
10552,test_55_16,enforcer,55,16,880,3,3136.22
10553,test_55_16,enforcer,55,16,880,4,3109.71
10554,test_55_16,enforcer,55,16,880,5,3080.26
10555,test_55_16,enforcer,55,16,880,6,3090.92
10556,test_55_16,enforcer,55,16,880,7,3085.58
10557,test_55_16,enforcer,55,16,880,8,3066.96
10558,test_55_16,enforcer,55,16,880,9,3073.94
10559,test_55_16,enforcer,55,16,880,10,3040.29
10560,test_55_16,enforcer,55,16,880,11,3057.41
10561,test_55_16,enforcer,55,16,880,12,3052.7
10562,test_55_16,enforcer,55,16,880,13,3047.14
10563,test_55_16,enforcer,55,16,880,14,3055.39
10564,test_55_16,enforcer,55,16,880,15,3046.57
10565,test_55_16,enforcer,55,16,880,16,3068.66
10566,test_55_16,enforcer,55,16,880,17,3044.48
10567,test_55_16,enforcer,55,16,880,18,3040.3
10568,test_55_16,enforcer,55,16,880,19,3051.55
10569,test_55_16,enforcer,55,16,880,20,3077.23
10570,test_55_16,enforcer,55,16,880,21,3067.98
10571,test_55_16,enforcer,55,16,880,22,3052.84
10572,test_55_16,enforcer,55,16,880,23,3027.48
10573,test_55_16,enforcer,55,16,880,24,3035.65
10574,test_55_16,enforcer,55,16,880,25,3038.51
10575,test_55_16,enforcer,55,16,880,26,3037.9
10576,test_55_16,enforcer,55,16,880,27,3056.65
10577,test_55_16,enforcer,55,16,880,28,3052.43
10578,test_55_16,enforcer,55,16,880,29,3061.41
10579,test_55_16,enforcer,55,16,880,30,3055.98
10580,test_55_16,enforcer,55,16,880,31,3024.78
10581,test_55_16,enforcer,55,16,880,32,3023.81
10582,test_55_16,enforcer,55,16,880,33,3039.57
10583,test_55_16,enforcer,55,16,880,34,3040.74
10584,test_55_16,enforcer,55,16,880,35,3042.6
10585,test_55_16,enforcer,55,16,880,36,3041.77
10586,test_55_16,enforcer,55,16,880,37,3040.68
10587,test_55_16,enforcer,55,16,880,38,3052.91
10588,test_55_16,enforcer,55,16,880,39,3032.85
10589,test_55_16,enforcer,55,16,880,40,3040.85
10590,test_55_16,enforcer,55,16,880,41,3052.04
10591,test_55_16,enforcer,55,16,880,42,3056.26
10592,test_55_16,enforcer,55,16,880,43,3060.3
10593,test_55_16,enforcer,55,16,880,44,3038.12
10594,test_55_16,enforcer,55,16,880,45,3026.0
10595,test_55_16,enforcer,55,16,880,46,3018.71
10596,test_55_16,enforcer,55,16,880,47,3022.33
10597,test_55_16,enforcer,55,16,880,48,3056.09
10598,test_55_16,enforcer,55,16,880,49,3041.4
10599,test_55_16,enforcer,55,16,880,50,3044.41
10600,test_45_20,enforcer,45,20,900,1,4053.76
10601,test_50_18,enforcer,50,18,900,1,4013.96
10602,test_45_20,enforcer,45,20,900,2,3356.57
10603,test_50_18,enforcer,50,18,900,2,3222.77
10604,test_45_20,enforcer,45,20,900,3,3288.94
10605,test_50_18,enforcer,50,18,900,3,3208.62
10606,test_45_20,enforcer,45,20,900,4,3273.72
10607,test_50_18,enforcer,50,18,900,4,3184.55
10608,test_45_20,enforcer,45,20,900,5,3281.97
10609,test_50_18,enforcer,50,18,900,5,3181.36
10610,test_45_20,enforcer,45,20,900,6,3250.43
10611,test_50_18,enforcer,50,18,900,6,3173.56
10612,test_45_20,enforcer,45,20,900,7,3272.23
10613,test_50_18,enforcer,50,18,900,7,3202.77
10614,test_45_20,enforcer,45,20,900,8,3258.2
10615,test_50_18,enforcer,50,18,900,8,3166.97
10616,test_45_20,enforcer,45,20,900,9,3255.18
10617,test_50_18,enforcer,50,18,900,9,3194.4
10618,test_45_20,enforcer,45,20,900,10,3261.45
10619,test_50_18,enforcer,50,18,900,10,3146.07
10620,test_45_20,enforcer,45,20,900,11,3253.77
10621,test_50_18,enforcer,50,18,900,11,3140.89
10622,test_45_20,enforcer,45,20,900,12,3225.56
10623,test_50_18,enforcer,50,18,900,12,3155.7
10624,test_45_20,enforcer,45,20,900,13,3248.22
10625,test_50_18,enforcer,50,18,900,13,3162.71
10626,test_45_20,enforcer,45,20,900,14,3249.55
10627,test_50_18,enforcer,50,18,900,14,3183.07
10628,test_45_20,enforcer,45,20,900,15,3267.28
10629,test_50_18,enforcer,50,18,900,15,3188.85
10630,test_45_20,enforcer,45,20,900,16,3273.1
10631,test_50_18,enforcer,50,18,900,16,3164.54
10632,test_45_20,enforcer,45,20,900,17,3285.05
10633,test_50_18,enforcer,50,18,900,17,3150.61
10634,test_45_20,enforcer,45,20,900,18,3242.05
10635,test_50_18,enforcer,50,18,900,18,3163.88
10636,test_45_20,enforcer,45,20,900,19,3229.7
10637,test_50_18,enforcer,50,18,900,19,3145.01
10638,test_45_20,enforcer,45,20,900,20,3244.89
10639,test_50_18,enforcer,50,18,900,20,3165.68
10640,test_45_20,enforcer,45,20,900,21,3243.59
10641,test_50_18,enforcer,50,18,900,21,3151.63
10642,test_45_20,enforcer,45,20,900,22,3255.25
10643,test_50_18,enforcer,50,18,900,22,3157.66
10644,test_45_20,enforcer,45,20,900,23,3204.0
10645,test_50_18,enforcer,50,18,900,23,3158.06
10646,test_45_20,enforcer,45,20,900,24,3191.23
10647,test_50_18,enforcer,50,18,900,24,3165.97
10648,test_45_20,enforcer,45,20,900,25,3198.2
10649,test_50_18,enforcer,50,18,900,25,3137.75
10650,test_45_20,enforcer,45,20,900,26,3179.01
10651,test_50_18,enforcer,50,18,900,26,3121.64
10652,test_45_20,enforcer,45,20,900,27,3206.52
10653,test_50_18,enforcer,50,18,900,27,3141.71
10654,test_45_20,enforcer,45,20,900,28,3226.72
10655,test_50_18,enforcer,50,18,900,28,3169.44
10656,test_45_20,enforcer,45,20,900,29,3230.99
10657,test_50_18,enforcer,50,18,900,29,3124.16
10658,test_45_20,enforcer,45,20,900,30,3194.74
10659,test_50_18,enforcer,50,18,900,30,3146.92
10660,test_45_20,enforcer,45,20,900,31,3256.37
10661,test_50_18,enforcer,50,18,900,31,3158.77
10662,test_45_20,enforcer,45,20,900,32,3204.96
10663,test_50_18,enforcer,50,18,900,32,3154.36
10664,test_45_20,enforcer,45,20,900,33,3170.09
10665,test_50_18,enforcer,50,18,900,33,3136.65
10666,test_45_20,enforcer,45,20,900,34,3191.55
10667,test_50_18,enforcer,50,18,900,34,3177.29
10668,test_45_20,enforcer,45,20,900,35,3212.88
10669,test_50_18,enforcer,50,18,900,35,3153.01
10670,test_45_20,enforcer,45,20,900,36,3188.69
10671,test_50_18,enforcer,50,18,900,36,3156.69
10672,test_45_20,enforcer,45,20,900,37,3219.45
10673,test_50_18,enforcer,50,18,900,37,3161.2
10674,test_45_20,enforcer,45,20,900,38,3192.63
10675,test_50_18,enforcer,50,18,900,38,3135.38
10676,test_45_20,enforcer,45,20,900,39,3200.44
10677,test_50_18,enforcer,50,18,900,39,3143.52
10678,test_45_20,enforcer,45,20,900,40,3190.31
10679,test_50_18,enforcer,50,18,900,40,3159.29
10680,test_45_20,enforcer,45,20,900,41,3191.64
10681,test_50_18,enforcer,50,18,900,41,3139.25
10682,test_45_20,enforcer,45,20,900,42,3205.82
10683,test_50_18,enforcer,50,18,900,42,3157.17
10684,test_45_20,enforcer,45,20,900,43,3205.88
10685,test_50_18,enforcer,50,18,900,43,3135.2
10686,test_45_20,enforcer,45,20,900,44,3190.18
10687,test_50_18,enforcer,50,18,900,44,3132.9
10688,test_45_20,enforcer,45,20,900,45,3179.29
10689,test_50_18,enforcer,50,18,900,45,3127.16
10690,test_45_20,enforcer,45,20,900,46,3175.65
10691,test_50_18,enforcer,50,18,900,46,3132.97
10692,test_45_20,enforcer,45,20,900,47,3195.32
10693,test_50_18,enforcer,50,18,900,47,3116.61
10694,test_45_20,enforcer,45,20,900,48,3204.91
10695,test_50_18,enforcer,50,18,900,48,3146.79
10696,test_45_20,enforcer,45,20,900,49,3188.67
10697,test_50_18,enforcer,50,18,900,49,3140.67
10698,test_45_20,enforcer,45,20,900,50,3213.78
10699,test_50_18,enforcer,50,18,900,50,3159.52
10700,test_60_16,enforcer,60,16,960,1,4374.87
10701,test_60_16,enforcer,60,16,960,2,3839.27
10702,test_60_16,enforcer,60,16,960,3,3808.85
10703,test_60_16,enforcer,60,16,960,4,3790.71
10704,test_60_16,enforcer,60,16,960,5,3784.24
10705,test_60_16,enforcer,60,16,960,6,3793.91
10706,test_60_16,enforcer,60,16,960,7,3799.82
10707,test_60_16,enforcer,60,16,960,8,3795.8
10708,test_60_16,enforcer,60,16,960,9,3788.18
10709,test_60_16,enforcer,60,16,960,10,3802.36
10710,test_60_16,enforcer,60,16,960,11,3745.11
10711,test_60_16,enforcer,60,16,960,12,3735.62
10712,test_60_16,enforcer,60,16,960,13,3756.12
10713,test_60_16,enforcer,60,16,960,14,3713.28
10714,test_60_16,enforcer,60,16,960,15,3717.8
10715,test_60_16,enforcer,60,16,960,16,3756.6
10716,test_60_16,enforcer,60,16,960,17,3720.68
10717,test_60_16,enforcer,60,16,960,18,3733.09
10718,test_60_16,enforcer,60,16,960,19,3748.38
10719,test_60_16,enforcer,60,16,960,20,3738.96
10720,test_60_16,enforcer,60,16,960,21,3745.71
10721,test_60_16,enforcer,60,16,960,22,3729.94
10722,test_60_16,enforcer,60,16,960,23,3736.96
10723,test_60_16,enforcer,60,16,960,24,3741.91
10724,test_60_16,enforcer,60,16,960,25,3735.67
10725,test_60_16,enforcer,60,16,960,26,3743.04
10726,test_60_16,enforcer,60,16,960,27,3712.71
10727,test_60_16,enforcer,60,16,960,28,3700.91
10728,test_60_16,enforcer,60,16,960,29,3714.02
10729,test_60_16,enforcer,60,16,960,30,3715.17
10730,test_60_16,enforcer,60,16,960,31,3746.48
10731,test_60_16,enforcer,60,16,960,32,3732.01
10732,test_60_16,enforcer,60,16,960,33,3726.85
10733,test_60_16,enforcer,60,16,960,34,3757.23
10734,test_60_16,enforcer,60,16,960,35,3732.63
10735,test_60_16,enforcer,60,16,960,36,3721.37
10736,test_60_16,enforcer,60,16,960,37,3716.39
10737,test_60_16,enforcer,60,16,960,38,3750.57
10738,test_60_16,enforcer,60,16,960,39,3738.25
10739,test_60_16,enforcer,60,16,960,40,3716.18
10740,test_60_16,enforcer,60,16,960,41,3710.97
10741,test_60_16,enforcer,60,16,960,42,3720.43
10742,test_60_16,enforcer,60,16,960,43,3712.11
10743,test_60_16,enforcer,60,16,960,44,3717.33
10744,test_60_16,enforcer,60,16,960,45,3725.19
10745,test_60_16,enforcer,60,16,960,46,3728.76
10746,test_60_16,enforcer,60,16,960,47,3712.02
10747,test_60_16,enforcer,60,16,960,48,3739.9
10748,test_60_16,enforcer,60,16,960,49,3736.08
10749,test_60_16,enforcer,60,16,960,50,3717.24
10750,test_55_18,enforcer,55,18,990,1,4854.19
10751,test_55_18,enforcer,55,18,990,2,4235.57
10752,test_55_18,enforcer,55,18,990,3,4149.75
10753,test_55_18,enforcer,55,18,990,4,4146.42
10754,test_55_18,enforcer,55,18,990,5,4130.03
10755,test_55_18,enforcer,55,18,990,6,4105.18
10756,test_55_18,enforcer,55,18,990,7,4105.73
10757,test_55_18,enforcer,55,18,990,8,4113.09
10758,test_55_18,enforcer,55,18,990,9,4079.19
10759,test_55_18,enforcer,55,18,990,10,4074.98
10760,test_55_18,enforcer,55,18,990,11,4096.96
10761,test_55_18,enforcer,55,18,990,12,4090.37
10762,test_55_18,enforcer,55,18,990,13,4115.89
10763,test_55_18,enforcer,55,18,990,14,4065.58
10764,test_55_18,enforcer,55,18,990,15,4076.02
10765,test_55_18,enforcer,55,18,990,16,4088.66
10766,test_55_18,enforcer,55,18,990,17,4085.31
10767,test_55_18,enforcer,55,18,990,18,4091.8
10768,test_55_18,enforcer,55,18,990,19,4088.66
10769,test_55_18,enforcer,55,18,990,20,4095.51
10770,test_55_18,enforcer,55,18,990,21,4081.57
10771,test_55_18,enforcer,55,18,990,22,4082.6
10772,test_55_18,enforcer,55,18,990,23,4077.7
10773,test_55_18,enforcer,55,18,990,24,4098.85
10774,test_55_18,enforcer,55,18,990,25,4085.42
10775,test_55_18,enforcer,55,18,990,26,4091.44
10776,test_55_18,enforcer,55,18,990,27,4086.95
10777,test_55_18,enforcer,55,18,990,28,4083.06
10778,test_55_18,enforcer,55,18,990,29,4091.98
10779,test_55_18,enforcer,55,18,990,30,4062.97
10780,test_55_18,enforcer,55,18,990,31,4072.81
10781,test_55_18,enforcer,55,18,990,32,4103.73
10782,test_55_18,enforcer,55,18,990,33,4114.05
10783,test_55_18,enforcer,55,18,990,34,4109.36
10784,test_55_18,enforcer,55,18,990,35,4074.94
10785,test_55_18,enforcer,55,18,990,36,4086.22
10786,test_55_18,enforcer,55,18,990,37,4066.73
10787,test_55_18,enforcer,55,18,990,38,4069.1
10788,test_55_18,enforcer,55,18,990,39,4107.48
10789,test_55_18,enforcer,55,18,990,40,4083.23
10790,test_55_18,enforcer,55,18,990,41,4089.96
10791,test_55_18,enforcer,55,18,990,42,4055.5
10792,test_55_18,enforcer,55,18,990,43,4090.42
10793,test_55_18,enforcer,55,18,990,44,4074.76
10794,test_55_18,enforcer,55,18,990,45,4095.02
10795,test_55_18,enforcer,55,18,990,46,4079.67
10796,test_55_18,enforcer,55,18,990,47,4073.22
10797,test_55_18,enforcer,55,18,990,48,4083.66
10798,test_55_18,enforcer,55,18,990,49,4086.76
10799,test_55_18,enforcer,55,18,990,50,4084.4
10800,test_50_20,enforcer,50,20,1000,1,5124.42
10801,test_50_20,enforcer,50,20,1000,2,4329.09
10802,test_50_20,enforcer,50,20,1000,3,4293.84
10803,test_50_20,enforcer,50,20,1000,4,4286.57
10804,test_50_20,enforcer,50,20,1000,5,4282.31
10805,test_50_20,enforcer,50,20,1000,6,4274.39
10806,test_50_20,enforcer,50,20,1000,7,4252.88
10807,test_50_20,enforcer,50,20,1000,8,4265.59
10808,test_50_20,enforcer,50,20,1000,9,4254.18
10809,test_50_20,enforcer,50,20,1000,10,4235.06
10810,test_50_20,enforcer,50,20,1000,11,4245.39
10811,test_50_20,enforcer,50,20,1000,12,4214.15
10812,test_50_20,enforcer,50,20,1000,13,4205.47
10813,test_50_20,enforcer,50,20,1000,14,4205.05
10814,test_50_20,enforcer,50,20,1000,15,4189.56
10815,test_50_20,enforcer,50,20,1000,16,4209.62
10816,test_50_20,enforcer,50,20,1000,17,4251.93
10817,test_50_20,enforcer,50,20,1000,18,4239.35
10818,test_50_20,enforcer,50,20,1000,19,4201.21
10819,test_50_20,enforcer,50,20,1000,20,4240.15
10820,test_50_20,enforcer,50,20,1000,21,4221.24
10821,test_50_20,enforcer,50,20,1000,22,4196.73
10822,test_50_20,enforcer,50,20,1000,23,4244.65
10823,test_50_20,enforcer,50,20,1000,24,4214.43
10824,test_50_20,enforcer,50,20,1000,25,4208.88
10825,test_50_20,enforcer,50,20,1000,26,4235.88
10826,test_50_20,enforcer,50,20,1000,27,4209.36
10827,test_50_20,enforcer,50,20,1000,28,4232.19
10828,test_50_20,enforcer,50,20,1000,29,4193.3
10829,test_50_20,enforcer,50,20,1000,30,4221.47
10830,test_50_20,enforcer,50,20,1000,31,4217.02
10831,test_50_20,enforcer,50,20,1000,32,4210.66
10832,test_50_20,enforcer,50,20,1000,33,4219.28
10833,test_50_20,enforcer,50,20,1000,34,4210.74
10834,test_50_20,enforcer,50,20,1000,35,4214.71
10835,test_50_20,enforcer,50,20,1000,36,4211.25
10836,test_50_20,enforcer,50,20,1000,37,4232.79
10837,test_50_20,enforcer,50,20,1000,38,4203.86
10838,test_50_20,enforcer,50,20,1000,39,4234.03
10839,test_50_20,enforcer,50,20,1000,40,4218.88
10840,test_50_20,enforcer,50,20,1000,41,4203.41
10841,test_50_20,enforcer,50,20,1000,42,4204.54
10842,test_50_20,enforcer,50,20,1000,43,4221.89
10843,test_50_20,enforcer,50,20,1000,44,4214.56
10844,test_50_20,enforcer,50,20,1000,45,4221.02
10845,test_50_20,enforcer,50,20,1000,46,4197.56
10846,test_50_20,enforcer,50,20,1000,47,4174.18
10847,test_50_20,enforcer,50,20,1000,48,4219.25
10848,test_50_20,enforcer,50,20,1000,49,4230.01
10849,test_50_20,enforcer,50,20,1000,50,4206.19
10850,test_60_18,enforcer,60,18,1080,1,5865.23
10851,test_60_18,enforcer,60,18,1080,2,5164.91
10852,test_60_18,enforcer,60,18,1080,3,5118.87
10853,test_60_18,enforcer,60,18,1080,4,5106.19
10854,test_60_18,enforcer,60,18,1080,5,5108.04
10855,test_60_18,enforcer,60,18,1080,6,5064.52
10856,test_60_18,enforcer,60,18,1080,7,5060.58
10857,test_60_18,enforcer,60,18,1080,8,5041.23
10858,test_60_18,enforcer,60,18,1080,9,5078.04
10859,test_60_18,enforcer,60,18,1080,10,5031.46
10860,test_60_18,enforcer,60,18,1080,11,5003.07
10861,test_60_18,enforcer,60,18,1080,12,4977.28
10862,test_60_18,enforcer,60,18,1080,13,5062.39
10863,test_60_18,enforcer,60,18,1080,14,5009.3
10864,test_60_18,enforcer,60,18,1080,15,5026.42
10865,test_60_18,enforcer,60,18,1080,16,5036.88
10866,test_60_18,enforcer,60,18,1080,17,5036.03
10867,test_60_18,enforcer,60,18,1080,18,5039.49
10868,test_60_18,enforcer,60,18,1080,19,5005.95
10869,test_60_18,enforcer,60,18,1080,20,5016.37
10870,test_60_18,enforcer,60,18,1080,21,4995.45
10871,test_60_18,enforcer,60,18,1080,22,5122.89
10872,test_60_18,enforcer,60,18,1080,23,5262.95
10873,test_60_18,enforcer,60,18,1080,24,5161.13
10874,test_60_18,enforcer,60,18,1080,25,5194.76
10875,test_60_18,enforcer,60,18,1080,26,5186.96
10876,test_60_18,enforcer,60,18,1080,27,5166.09
10877,test_60_18,enforcer,60,18,1080,28,5187.93
10878,test_60_18,enforcer,60,18,1080,29,5097.41
10879,test_60_18,enforcer,60,18,1080,30,5050.7
10880,test_60_18,enforcer,60,18,1080,31,5040.66
10881,test_60_18,enforcer,60,18,1080,32,5030.97
10882,test_60_18,enforcer,60,18,1080,33,5050.87
10883,test_60_18,enforcer,60,18,1080,34,5031.28
10884,test_60_18,enforcer,60,18,1080,35,5018.63
10885,test_60_18,enforcer,60,18,1080,36,5008.25
10886,test_60_18,enforcer,60,18,1080,37,5000.67
10887,test_60_18,enforcer,60,18,1080,38,5016.78
10888,test_60_18,enforcer,60,18,1080,39,5040.38
10889,test_60_18,enforcer,60,18,1080,40,5017.61
10890,test_60_18,enforcer,60,18,1080,41,5016.53
10891,test_60_18,enforcer,60,18,1080,42,4978.36
10892,test_60_18,enforcer,60,18,1080,43,5012.2
10893,test_60_18,enforcer,60,18,1080,44,5022.12
10894,test_60_18,enforcer,60,18,1080,45,5033.41
10895,test_60_18,enforcer,60,18,1080,46,5001.91
10896,test_60_18,enforcer,60,18,1080,47,5020.65
10897,test_60_18,enforcer,60,18,1080,48,5027.72
10898,test_60_18,enforcer,60,18,1080,49,4997.88
10899,test_60_18,enforcer,60,18,1080,50,5003.16
10900,test_55_20,enforcer,55,20,1100,1,6229.99
10901,test_55_20,enforcer,55,20,1100,2,5392.91
10902,test_55_20,enforcer,55,20,1100,3,5374.1
10903,test_55_20,enforcer,55,20,1100,4,5369.72
10904,test_55_20,enforcer,55,20,1100,5,5373.5
10905,test_55_20,enforcer,55,20,1100,6,5342.46
10906,test_55_20,enforcer,55,20,1100,7,5295.2
10907,test_55_20,enforcer,55,20,1100,8,5255.14
10908,test_55_20,enforcer,55,20,1100,9,5256.08
10909,test_55_20,enforcer,55,20,1100,10,5256.8
10910,test_55_20,enforcer,55,20,1100,11,5288.03
10911,test_55_20,enforcer,55,20,1100,12,5250.95
10912,test_55_20,enforcer,55,20,1100,13,5246.46
10913,test_55_20,enforcer,55,20,1100,14,5259.57
10914,test_55_20,enforcer,55,20,1100,15,5278.48
10915,test_55_20,enforcer,55,20,1100,16,5277.63
10916,test_55_20,enforcer,55,20,1100,17,5266.76
10917,test_55_20,enforcer,55,20,1100,18,5268.95
10918,test_55_20,enforcer,55,20,1100,19,5261.39
10919,test_55_20,enforcer,55,20,1100,20,5286.9
10920,test_55_20,enforcer,55,20,1100,21,5265.93
10921,test_55_20,enforcer,55,20,1100,22,5254.87
10922,test_55_20,enforcer,55,20,1100,23,5252.4
10923,test_55_20,enforcer,55,20,1100,24,5254.89
10924,test_55_20,enforcer,55,20,1100,25,5270.72
10925,test_55_20,enforcer,55,20,1100,26,5249.14
10926,test_55_20,enforcer,55,20,1100,27,5222.97
10927,test_55_20,enforcer,55,20,1100,28,5224.84
10928,test_55_20,enforcer,55,20,1100,29,5240.75
10929,test_55_20,enforcer,55,20,1100,30,5227.32
10930,test_55_20,enforcer,55,20,1100,31,5245.01
10931,test_55_20,enforcer,55,20,1100,32,5219.06
10932,test_55_20,enforcer,55,20,1100,33,5241.44
10933,test_55_20,enforcer,55,20,1100,34,5248.73
10934,test_55_20,enforcer,55,20,1100,35,5260.92
10935,test_55_20,enforcer,55,20,1100,36,5258.26
10936,test_55_20,enforcer,55,20,1100,37,5274.22
10937,test_55_20,enforcer,55,20,1100,38,5252.34
10938,test_55_20,enforcer,55,20,1100,39,5250.83
10939,test_55_20,enforcer,55,20,1100,40,5250.74
10940,test_55_20,enforcer,55,20,1100,41,5252.24
10941,test_55_20,enforcer,55,20,1100,42,5281.57
10942,test_55_20,enforcer,55,20,1100,43,5441.93
10943,test_55_20,enforcer,55,20,1100,44,5407.5
10944,test_55_20,enforcer,55,20,1100,45,5361.0
10945,test_55_20,enforcer,55,20,1100,46,5467.59
10946,test_55_20,enforcer,55,20,1100,47,5323.41
10947,test_55_20,enforcer,55,20,1100,48,5274.77
10948,test_55_20,enforcer,55,20,1100,49,5249.92
10949,test_55_20,enforcer,55,20,1100,50,5254.47
10950,test_60_20,enforcer,60,20,1200,1,7775.86
10951,test_60_20,enforcer,60,20,1200,2,7019.81
10952,test_60_20,enforcer,60,20,1200,3,6917.8
10953,test_60_20,enforcer,60,20,1200,4,6814.54
10954,test_60_20,enforcer,60,20,1200,5,6815.6
10955,test_60_20,enforcer,60,20,1200,6,6768.88
10956,test_60_20,enforcer,60,20,1200,7,6870.3
10957,test_60_20,enforcer,60,20,1200,8,6816.78
10958,test_60_20,enforcer,60,20,1200,9,6866.78
10959,test_60_20,enforcer,60,20,1200,10,6841.12
10960,test_60_20,enforcer,60,20,1200,11,6799.36
10961,test_60_20,enforcer,60,20,1200,12,6821.75
10962,test_60_20,enforcer,60,20,1200,13,6859.96
10963,test_60_20,enforcer,60,20,1200,14,6823.06
10964,test_60_20,enforcer,60,20,1200,15,6836.29
10965,test_60_20,enforcer,60,20,1200,16,6786.38
10966,test_60_20,enforcer,60,20,1200,17,6801.2
10967,test_60_20,enforcer,60,20,1200,18,6858.51
10968,test_60_20,enforcer,60,20,1200,19,6815.05
10969,test_60_20,enforcer,60,20,1200,20,6784.91
10970,test_60_20,enforcer,60,20,1200,21,6808.44
10971,test_60_20,enforcer,60,20,1200,22,6787.73
10972,test_60_20,enforcer,60,20,1200,23,6775.41
10973,test_60_20,enforcer,60,20,1200,24,6808.33
10974,test_60_20,enforcer,60,20,1200,25,6863.1
10975,test_60_20,enforcer,60,20,1200,26,6793.76
10976,test_60_20,enforcer,60,20,1200,27,6793.84
10977,test_60_20,enforcer,60,20,1200,28,6795.01
10978,test_60_20,enforcer,60,20,1200,29,6762.43
10979,test_60_20,enforcer,60,20,1200,30,6809.39
10980,test_60_20,enforcer,60,20,1200,31,6771.86
10981,test_60_20,enforcer,60,20,1200,32,6758.87
10982,test_60_20,enforcer,60,20,1200,33,6818.44
10983,test_60_20,enforcer,60,20,1200,34,6822.67
10984,test_60_20,enforcer,60,20,1200,35,6809.4
10985,test_60_20,enforcer,60,20,1200,36,6819.19
10986,test_60_20,enforcer,60,20,1200,37,6804.75
10987,test_60_20,enforcer,60,20,1200,38,6825.73
10988,test_60_20,enforcer,60,20,1200,39,6814.08
10989,test_60_20,enforcer,60,20,1200,40,6800.6
10990,test_60_20,enforcer,60,20,1200,41,6748.24
10991,test_60_20,enforcer,60,20,1200,42,6826.66
10992,test_60_20,enforcer,60,20,1200,43,6802.96
10993,test_60_20,enforcer,60,20,1200,44,6795.85
10994,test_60_20,enforcer,60,20,1200,45,6808.95
10995,test_60_20,enforcer,60,20,1200,46,6796.38
10996,test_60_20,enforcer,60,20,1200,47,6755.51
10997,test_60_20,enforcer,60,20,1200,48,6785.72
10998,test_60_20,enforcer,60,20,1200,49,6799.56
10999,test_60_20,enforcer,60,20,1200,50,6797.48
11000,test_10_2,asmeta,10,2,20,1,27.0
11001,test_10_2,asmeta,10,2,20,2,7.0
11002,test_10_2,asmeta,10,2,20,3,7.0
11003,test_10_2,asmeta,10,2,20,4,7.0
11004,test_10_2,asmeta,10,2,20,5,4.0
11005,test_10_2,asmeta,10,2,20,6,5.0
11006,test_10_2,asmeta,10,2,20,7,12.0
11007,test_10_2,asmeta,10,2,20,8,4.0
11008,test_10_2,asmeta,10,2,20,9,3.0
11009,test_10_2,asmeta,10,2,20,10,3.0
11010,test_10_2,asmeta,10,2,20,11,3.0
11011,test_10_2,asmeta,10,2,20,12,3.0
11012,test_10_2,asmeta,10,2,20,13,3.0
11013,test_10_2,asmeta,10,2,20,14,2.0
11014,test_10_2,asmeta,10,2,20,15,2.0
11015,test_10_2,asmeta,10,2,20,16,3.0
11016,test_10_2,asmeta,10,2,20,17,3.0
11017,test_10_2,asmeta,10,2,20,18,2.0
11018,test_10_2,asmeta,10,2,20,19,2.0
11019,test_10_2,asmeta,10,2,20,20,2.0
11020,test_10_2,asmeta,10,2,20,21,2.0
11021,test_10_2,asmeta,10,2,20,22,2.0
11022,test_10_2,asmeta,10,2,20,23,2.0
11023,test_10_2,asmeta,10,2,20,24,2.0
11024,test_10_2,asmeta,10,2,20,25,2.0
11025,test_10_2,asmeta,10,2,20,26,2.0
11026,test_10_2,asmeta,10,2,20,27,2.0
11027,test_10_2,asmeta,10,2,20,28,2.0
11028,test_10_2,asmeta,10,2,20,29,2.0
11029,test_10_2,asmeta,10,2,20,30,2.0
11030,test_10_2,asmeta,10,2,20,31,2.0
11031,test_10_2,asmeta,10,2,20,32,2.0
11032,test_10_2,asmeta,10,2,20,33,2.0
11033,test_10_2,asmeta,10,2,20,34,2.0
11034,test_10_2,asmeta,10,2,20,35,1.0
11035,test_10_2,asmeta,10,2,20,36,1.0
11036,test_10_2,asmeta,10,2,20,37,2.0
11037,test_10_2,asmeta,10,2,20,38,2.0
11038,test_10_2,asmeta,10,2,20,39,1.0
11039,test_10_2,asmeta,10,2,20,40,1.0
11040,test_10_2,asmeta,10,2,20,41,1.0
11041,test_10_2,asmeta,10,2,20,42,1.0
11042,test_10_2,asmeta,10,2,20,43,2.0
11043,test_10_2,asmeta,10,2,20,44,1.0
11044,test_10_2,asmeta,10,2,20,45,2.0
11045,test_10_2,asmeta,10,2,20,46,1.0
11046,test_10_2,asmeta,10,2,20,47,1.0
11047,test_10_2,asmeta,10,2,20,48,1.0
11048,test_10_2,asmeta,10,2,20,49,1.0
11049,test_10_2,asmeta,10,2,20,50,2.0
11050,test_15_2,asmeta,15,2,30,1,29.0
11051,test_15_2,asmeta,15,2,30,2,8.0
11052,test_15_2,asmeta,15,2,30,3,9.0
11053,test_15_2,asmeta,15,2,30,4,6.0
11054,test_15_2,asmeta,15,2,30,5,8.0
11055,test_15_2,asmeta,15,2,30,6,5.0
11056,test_15_2,asmeta,15,2,30,7,4.0
11057,test_15_2,asmeta,15,2,30,8,6.0
11058,test_15_2,asmeta,15,2,30,9,4.0
11059,test_15_2,asmeta,15,2,30,10,4.0
11060,test_15_2,asmeta,15,2,30,11,3.0
11061,test_15_2,asmeta,15,2,30,12,3.0
11062,test_15_2,asmeta,15,2,30,13,5.0
11063,test_15_2,asmeta,15,2,30,14,3.0
11064,test_15_2,asmeta,15,2,30,15,5.0
11065,test_15_2,asmeta,15,2,30,16,6.0
11066,test_15_2,asmeta,15,2,30,17,5.0
11067,test_15_2,asmeta,15,2,30,18,6.0
11068,test_15_2,asmeta,15,2,30,19,5.0
11069,test_15_2,asmeta,15,2,30,20,4.0
11070,test_15_2,asmeta,15,2,30,21,5.0
11071,test_15_2,asmeta,15,2,30,22,5.0
11072,test_15_2,asmeta,15,2,30,23,5.0
11073,test_15_2,asmeta,15,2,30,24,4.0
11074,test_15_2,asmeta,15,2,30,25,4.0
11075,test_15_2,asmeta,15,2,30,26,5.0
11076,test_15_2,asmeta,15,2,30,27,6.0
11077,test_15_2,asmeta,15,2,30,28,4.0
11078,test_15_2,asmeta,15,2,30,29,4.0
11079,test_15_2,asmeta,15,2,30,30,4.0
11080,test_15_2,asmeta,15,2,30,31,6.0
11081,test_15_2,asmeta,15,2,30,32,5.0
11082,test_15_2,asmeta,15,2,30,33,4.0
11083,test_15_2,asmeta,15,2,30,34,5.0
11084,test_15_2,asmeta,15,2,30,35,5.0
11085,test_15_2,asmeta,15,2,30,36,4.0
11086,test_15_2,asmeta,15,2,30,37,5.0
11087,test_15_2,asmeta,15,2,30,38,4.0
11088,test_15_2,asmeta,15,2,30,39,5.0
11089,test_15_2,asmeta,15,2,30,40,5.0
11090,test_15_2,asmeta,15,2,30,41,4.0
11091,test_15_2,asmeta,15,2,30,42,5.0
11092,test_15_2,asmeta,15,2,30,43,4.0
11093,test_15_2,asmeta,15,2,30,44,4.0
11094,test_15_2,asmeta,15,2,30,45,4.0
11095,test_15_2,asmeta,15,2,30,46,3.0
11096,test_15_2,asmeta,15,2,30,47,2.0
11097,test_15_2,asmeta,15,2,30,48,2.0
11098,test_15_2,asmeta,15,2,30,49,2.0
11099,test_15_2,asmeta,15,2,30,50,3.0
11100,test_10_4,asmeta,10,4,40,1,38.0
11101,test_20_2,asmeta,20,2,40,1,34.0
11102,test_10_4,asmeta,10,4,40,2,11.0
11103,test_20_2,asmeta,20,2,40,2,12.0
11104,test_10_4,asmeta,10,4,40,3,9.0
11105,test_20_2,asmeta,20,2,40,3,8.0
11106,test_10_4,asmeta,10,4,40,4,13.0
11107,test_20_2,asmeta,20,2,40,4,13.0
11108,test_10_4,asmeta,10,4,40,5,7.0
11109,test_20_2,asmeta,20,2,40,5,14.0
11110,test_10_4,asmeta,10,4,40,6,7.0
11111,test_20_2,asmeta,20,2,40,6,7.0
11112,test_10_4,asmeta,10,4,40,7,6.0
11113,test_20_2,asmeta,20,2,40,7,7.0
11114,test_10_4,asmeta,10,4,40,8,5.0
11115,test_20_2,asmeta,20,2,40,8,5.0
11116,test_10_4,asmeta,10,4,40,9,8.0
11117,test_20_2,asmeta,20,2,40,9,9.0
11118,test_10_4,asmeta,10,4,40,10,5.0
11119,test_20_2,asmeta,20,2,40,10,5.0
11120,test_10_4,asmeta,10,4,40,11,5.0
11121,test_20_2,asmeta,20,2,40,11,5.0
11122,test_10_4,asmeta,10,4,40,12,8.0
11123,test_20_2,asmeta,20,2,40,12,5.0
11124,test_10_4,asmeta,10,4,40,13,7.0
11125,test_20_2,asmeta,20,2,40,13,4.0
11126,test_10_4,asmeta,10,4,40,14,4.0
11127,test_20_2,asmeta,20,2,40,14,6.0
11128,test_10_4,asmeta,10,4,40,15,4.0
11129,test_20_2,asmeta,20,2,40,15,3.0
11130,test_10_4,asmeta,10,4,40,16,5.0
11131,test_20_2,asmeta,20,2,40,16,7.0
11132,test_10_4,asmeta,10,4,40,17,4.0
11133,test_20_2,asmeta,20,2,40,17,8.0
11134,test_10_4,asmeta,10,4,40,18,4.0
11135,test_20_2,asmeta,20,2,40,18,6.0
11136,test_10_4,asmeta,10,4,40,19,4.0
11137,test_20_2,asmeta,20,2,40,19,6.0
11138,test_10_4,asmeta,10,4,40,20,4.0
11139,test_20_2,asmeta,20,2,40,20,6.0
11140,test_10_4,asmeta,10,4,40,21,4.0
11141,test_20_2,asmeta,20,2,40,21,8.0
11142,test_10_4,asmeta,10,4,40,22,4.0
11143,test_20_2,asmeta,20,2,40,22,7.0
11144,test_10_4,asmeta,10,4,40,23,4.0
11145,test_20_2,asmeta,20,2,40,23,6.0
11146,test_10_4,asmeta,10,4,40,24,8.0
11147,test_20_2,asmeta,20,2,40,24,6.0
11148,test_10_4,asmeta,10,4,40,25,4.0
11149,test_20_2,asmeta,20,2,40,25,6.0
11150,test_10_4,asmeta,10,4,40,26,4.0
11151,test_20_2,asmeta,20,2,40,26,6.0
11152,test_10_4,asmeta,10,4,40,27,4.0
11153,test_20_2,asmeta,20,2,40,27,6.0
11154,test_10_4,asmeta,10,4,40,28,4.0
11155,test_20_2,asmeta,20,2,40,28,7.0
11156,test_10_4,asmeta,10,4,40,29,8.0
11157,test_20_2,asmeta,20,2,40,29,6.0
11158,test_10_4,asmeta,10,4,40,30,4.0
11159,test_20_2,asmeta,20,2,40,30,6.0
11160,test_10_4,asmeta,10,4,40,31,7.0
11161,test_20_2,asmeta,20,2,40,31,6.0
11162,test_10_4,asmeta,10,4,40,32,7.0
11163,test_20_2,asmeta,20,2,40,32,6.0
11164,test_10_4,asmeta,10,4,40,33,7.0
11165,test_20_2,asmeta,20,2,40,33,7.0
11166,test_10_4,asmeta,10,4,40,34,7.0
11167,test_20_2,asmeta,20,2,40,34,6.0
11168,test_10_4,asmeta,10,4,40,35,7.0
11169,test_20_2,asmeta,20,2,40,35,6.0
11170,test_10_4,asmeta,10,4,40,36,7.0
11171,test_20_2,asmeta,20,2,40,36,6.0
11172,test_10_4,asmeta,10,4,40,37,7.0
11173,test_20_2,asmeta,20,2,40,37,7.0
11174,test_10_4,asmeta,10,4,40,38,9.0
11175,test_20_2,asmeta,20,2,40,38,3.0
11176,test_10_4,asmeta,10,4,40,39,7.0
11177,test_20_2,asmeta,20,2,40,39,4.0
11178,test_10_4,asmeta,10,4,40,40,7.0
11179,test_20_2,asmeta,20,2,40,40,3.0
11180,test_10_4,asmeta,10,4,40,41,7.0
11181,test_20_2,asmeta,20,2,40,41,3.0
11182,test_10_4,asmeta,10,4,40,42,7.0
11183,test_20_2,asmeta,20,2,40,42,3.0
11184,test_10_4,asmeta,10,4,40,43,7.0
11185,test_20_2,asmeta,20,2,40,43,3.0
11186,test_10_4,asmeta,10,4,40,44,7.0
11187,test_20_2,asmeta,20,2,40,44,3.0
11188,test_10_4,asmeta,10,4,40,45,7.0
11189,test_20_2,asmeta,20,2,40,45,3.0
11190,test_10_4,asmeta,10,4,40,46,7.0
11191,test_20_2,asmeta,20,2,40,46,3.0
11192,test_10_4,asmeta,10,4,40,47,7.0
11193,test_20_2,asmeta,20,2,40,47,3.0
11194,test_10_4,asmeta,10,4,40,48,7.0
11195,test_20_2,asmeta,20,2,40,48,3.0
11196,test_10_4,asmeta,10,4,40,49,7.0
11197,test_20_2,asmeta,20,2,40,49,3.0
11198,test_10_4,asmeta,10,4,40,50,7.0
11199,test_20_2,asmeta,20,2,40,50,3.0
11200,test_25_2,asmeta,25,2,50,1,40.0
11201,test_25_2,asmeta,25,2,50,2,14.0
11202,test_25_2,asmeta,25,2,50,3,16.0
11203,test_25_2,asmeta,25,2,50,4,11.0
11204,test_25_2,asmeta,25,2,50,5,8.0
11205,test_25_2,asmeta,25,2,50,6,9.0
11206,test_25_2,asmeta,25,2,50,7,7.0
11207,test_25_2,asmeta,25,2,50,8,7.0
11208,test_25_2,asmeta,25,2,50,9,6.0
11209,test_25_2,asmeta,25,2,50,10,14.0
11210,test_25_2,asmeta,25,2,50,11,8.0
11211,test_25_2,asmeta,25,2,50,12,10.0
11212,test_25_2,asmeta,25,2,50,13,9.0
11213,test_25_2,asmeta,25,2,50,14,10.0
11214,test_25_2,asmeta,25,2,50,15,9.0
11215,test_25_2,asmeta,25,2,50,16,9.0
11216,test_25_2,asmeta,25,2,50,17,8.0
11217,test_25_2,asmeta,25,2,50,18,9.0
11218,test_25_2,asmeta,25,2,50,19,9.0
11219,test_25_2,asmeta,25,2,50,20,8.0
11220,test_25_2,asmeta,25,2,50,21,10.0
11221,test_25_2,asmeta,25,2,50,22,9.0
11222,test_25_2,asmeta,25,2,50,23,8.0
11223,test_25_2,asmeta,25,2,50,24,9.0
11224,test_25_2,asmeta,25,2,50,25,8.0
11225,test_25_2,asmeta,25,2,50,26,8.0
11226,test_25_2,asmeta,25,2,50,27,8.0
11227,test_25_2,asmeta,25,2,50,28,5.0
11228,test_25_2,asmeta,25,2,50,29,5.0
11229,test_25_2,asmeta,25,2,50,30,5.0
11230,test_25_2,asmeta,25,2,50,31,5.0
11231,test_25_2,asmeta,25,2,50,32,5.0
11232,test_25_2,asmeta,25,2,50,33,5.0
11233,test_25_2,asmeta,25,2,50,34,5.0
11234,test_25_2,asmeta,25,2,50,35,5.0
11235,test_25_2,asmeta,25,2,50,36,5.0
11236,test_25_2,asmeta,25,2,50,37,6.0
11237,test_25_2,asmeta,25,2,50,38,4.0
11238,test_25_2,asmeta,25,2,50,39,5.0
11239,test_25_2,asmeta,25,2,50,40,5.0
11240,test_25_2,asmeta,25,2,50,41,5.0
11241,test_25_2,asmeta,25,2,50,42,5.0
11242,test_25_2,asmeta,25,2,50,43,5.0
11243,test_25_2,asmeta,25,2,50,44,5.0
11244,test_25_2,asmeta,25,2,50,45,9.0
11245,test_25_2,asmeta,25,2,50,46,4.0
11246,test_25_2,asmeta,25,2,50,47,5.0
11247,test_25_2,asmeta,25,2,50,48,4.0
11248,test_25_2,asmeta,25,2,50,49,5.0
11249,test_25_2,asmeta,25,2,50,50,5.0
11250,test_10_6,asmeta,10,6,60,1,66.0
11251,test_15_4,asmeta,15,4,60,1,51.0
11252,test_30_2,asmeta,30,2,60,1,45.0
11253,test_10_6,asmeta,10,6,60,2,22.0
11254,test_15_4,asmeta,15,4,60,2,21.0
11255,test_30_2,asmeta,30,2,60,2,25.0
11256,test_10_6,asmeta,10,6,60,3,13.0
11257,test_15_4,asmeta,15,4,60,3,12.0
11258,test_30_2,asmeta,30,2,60,3,19.0
11259,test_10_6,asmeta,10,6,60,4,16.0
11260,test_15_4,asmeta,15,4,60,4,11.0
11261,test_30_2,asmeta,30,2,60,4,12.0
11262,test_10_6,asmeta,10,6,60,5,11.0
11263,test_15_4,asmeta,15,4,60,5,15.0
11264,test_30_2,asmeta,30,2,60,5,19.0
11265,test_10_6,asmeta,10,6,60,6,18.0
11266,test_15_4,asmeta,15,4,60,6,11.0
11267,test_30_2,asmeta,30,2,60,6,10.0
11268,test_10_6,asmeta,10,6,60,7,18.0
11269,test_15_4,asmeta,15,4,60,7,10.0
11270,test_30_2,asmeta,30,2,60,7,10.0
11271,test_10_6,asmeta,10,6,60,8,9.0
11272,test_15_4,asmeta,15,4,60,8,10.0
11273,test_30_2,asmeta,30,2,60,8,15.0
11274,test_10_6,asmeta,10,6,60,9,9.0
11275,test_15_4,asmeta,15,4,60,9,13.0
11276,test_30_2,asmeta,30,2,60,9,8.0
11277,test_10_6,asmeta,10,6,60,10,11.0
11278,test_15_4,asmeta,15,4,60,10,8.0
11279,test_30_2,asmeta,30,2,60,10,7.0
11280,test_10_6,asmeta,10,6,60,11,8.0
11281,test_15_4,asmeta,15,4,60,11,8.0
11282,test_30_2,asmeta,30,2,60,11,13.0
11283,test_10_6,asmeta,10,6,60,12,7.0
11284,test_15_4,asmeta,15,4,60,12,8.0
11285,test_30_2,asmeta,30,2,60,12,11.0
11286,test_10_6,asmeta,10,6,60,13,7.0
11287,test_15_4,asmeta,15,4,60,13,9.0
11288,test_30_2,asmeta,30,2,60,13,13.0
11289,test_10_6,asmeta,10,6,60,14,8.0
11290,test_15_4,asmeta,15,4,60,14,7.0
11291,test_30_2,asmeta,30,2,60,14,13.0
11292,test_10_6,asmeta,10,6,60,15,12.0
11293,test_15_4,asmeta,15,4,60,15,15.0
11294,test_30_2,asmeta,30,2,60,15,17.0
11295,test_10_6,asmeta,10,6,60,16,12.0
11296,test_15_4,asmeta,15,4,60,16,15.0
11297,test_30_2,asmeta,30,2,60,16,17.0
11298,test_10_6,asmeta,10,6,60,17,13.0
11299,test_15_4,asmeta,15,4,60,17,13.0
11300,test_30_2,asmeta,30,2,60,17,14.0
11301,test_10_6,asmeta,10,6,60,18,12.0
11302,test_15_4,asmeta,15,4,60,18,14.0
11303,test_30_2,asmeta,30,2,60,18,14.0
11304,test_10_6,asmeta,10,6,60,19,12.0
11305,test_15_4,asmeta,15,4,60,19,14.0
11306,test_30_2,asmeta,30,2,60,19,13.0
11307,test_10_6,asmeta,10,6,60,20,13.0
11308,test_15_4,asmeta,15,4,60,20,17.0
11309,test_30_2,asmeta,30,2,60,20,14.0
11310,test_10_6,asmeta,10,6,60,21,12.0
11311,test_15_4,asmeta,15,4,60,21,13.0
11312,test_30_2,asmeta,30,2,60,21,13.0
11313,test_10_6,asmeta,10,6,60,22,12.0
11314,test_15_4,asmeta,15,4,60,22,13.0
11315,test_30_2,asmeta,30,2,60,22,14.0
11316,test_10_6,asmeta,10,6,60,23,14.0
11317,test_15_4,asmeta,15,4,60,23,13.0
11318,test_30_2,asmeta,30,2,60,23,13.0
11319,test_10_6,asmeta,10,6,60,24,14.0
11320,test_15_4,asmeta,15,4,60,24,13.0
11321,test_30_2,asmeta,30,2,60,24,14.0
11322,test_10_6,asmeta,10,6,60,25,12.0
11323,test_15_4,asmeta,15,4,60,25,13.0
11324,test_30_2,asmeta,30,2,60,25,19.0
11325,test_10_6,asmeta,10,6,60,26,12.0
11326,test_15_4,asmeta,15,4,60,26,14.0
11327,test_30_2,asmeta,30,2,60,26,7.0
11328,test_10_6,asmeta,10,6,60,27,13.0
11329,test_15_4,asmeta,15,4,60,27,13.0
11330,test_30_2,asmeta,30,2,60,27,8.0
11331,test_10_6,asmeta,10,6,60,28,7.0
11332,test_15_4,asmeta,15,4,60,28,14.0
11333,test_30_2,asmeta,30,2,60,28,8.0
11334,test_10_6,asmeta,10,6,60,29,7.0
11335,test_15_4,asmeta,15,4,60,29,7.0
11336,test_30_2,asmeta,30,2,60,29,7.0
11337,test_10_6,asmeta,10,6,60,30,6.0
11338,test_15_4,asmeta,15,4,60,30,7.0
11339,test_30_2,asmeta,30,2,60,30,7.0
11340,test_10_6,asmeta,10,6,60,31,7.0
11341,test_15_4,asmeta,15,4,60,31,7.0
11342,test_30_2,asmeta,30,2,60,31,7.0
11343,test_10_6,asmeta,10,6,60,32,8.0
11344,test_15_4,asmeta,15,4,60,32,8.0
11345,test_30_2,asmeta,30,2,60,32,7.0
11346,test_10_6,asmeta,10,6,60,33,7.0
11347,test_15_4,asmeta,15,4,60,33,9.0
11348,test_30_2,asmeta,30,2,60,33,7.0
11349,test_10_6,asmeta,10,6,60,34,7.0
11350,test_15_4,asmeta,15,4,60,34,7.0
11351,test_30_2,asmeta,30,2,60,34,7.0
11352,test_10_6,asmeta,10,6,60,35,7.0
11353,test_15_4,asmeta,15,4,60,35,7.0
11354,test_30_2,asmeta,30,2,60,35,8.0
11355,test_10_6,asmeta,10,6,60,36,7.0
11356,test_15_4,asmeta,15,4,60,36,8.0
11357,test_30_2,asmeta,30,2,60,36,7.0
11358,test_10_6,asmeta,10,6,60,37,7.0
11359,test_15_4,asmeta,15,4,60,37,7.0
11360,test_30_2,asmeta,30,2,60,37,7.0
11361,test_10_6,asmeta,10,6,60,38,7.0
11362,test_15_4,asmeta,15,4,60,38,9.0
11363,test_30_2,asmeta,30,2,60,38,7.0
11364,test_10_6,asmeta,10,6,60,39,7.0
11365,test_15_4,asmeta,15,4,60,39,7.0
11366,test_30_2,asmeta,30,2,60,39,8.0
11367,test_10_6,asmeta,10,6,60,40,7.0
11368,test_15_4,asmeta,15,4,60,40,7.0
11369,test_30_2,asmeta,30,2,60,40,13.0
11370,test_10_6,asmeta,10,6,60,41,7.0
11371,test_15_4,asmeta,15,4,60,41,7.0
11372,test_30_2,asmeta,30,2,60,41,7.0
11373,test_10_6,asmeta,10,6,60,42,11.0
11374,test_15_4,asmeta,15,4,60,42,13.0
11375,test_30_2,asmeta,30,2,60,42,7.0
11376,test_10_6,asmeta,10,6,60,43,6.0
11377,test_15_4,asmeta,15,4,60,43,9.0
11378,test_30_2,asmeta,30,2,60,43,10.0
11379,test_10_6,asmeta,10,6,60,44,7.0
11380,test_15_4,asmeta,15,4,60,44,7.0
11381,test_30_2,asmeta,30,2,60,44,7.0
11382,test_10_6,asmeta,10,6,60,45,6.0
11383,test_15_4,asmeta,15,4,60,45,7.0
11384,test_30_2,asmeta,30,2,60,45,7.0
11385,test_10_6,asmeta,10,6,60,46,6.0
11386,test_15_4,asmeta,15,4,60,46,8.0
11387,test_30_2,asmeta,30,2,60,46,7.0
11388,test_10_6,asmeta,10,6,60,47,7.0
11389,test_15_4,asmeta,15,4,60,47,8.0
11390,test_30_2,asmeta,30,2,60,47,7.0
11391,test_10_6,asmeta,10,6,60,48,6.0
11392,test_15_4,asmeta,15,4,60,48,6.0
11393,test_30_2,asmeta,30,2,60,48,7.0
11394,test_10_6,asmeta,10,6,60,49,6.0
11395,test_15_4,asmeta,15,4,60,49,6.0
11396,test_30_2,asmeta,30,2,60,49,7.0
11397,test_10_6,asmeta,10,6,60,50,6.0
11398,test_15_4,asmeta,15,4,60,50,7.0
11399,test_30_2,asmeta,30,2,60,50,7.0
11400,test_35_2,asmeta,35,2,70,1,56.0
11401,test_35_2,asmeta,35,2,70,2,31.0
11402,test_35_2,asmeta,35,2,70,3,15.0
11403,test_35_2,asmeta,35,2,70,4,18.0
11404,test_35_2,asmeta,35,2,70,5,13.0
11405,test_35_2,asmeta,35,2,70,6,16.0
11406,test_35_2,asmeta,35,2,70,7,11.0
11407,test_35_2,asmeta,35,2,70,8,10.0
11408,test_35_2,asmeta,35,2,70,9,9.0
11409,test_35_2,asmeta,35,2,70,10,15.0
11410,test_35_2,asmeta,35,2,70,11,16.0
11411,test_35_2,asmeta,35,2,70,12,17.0
11412,test_35_2,asmeta,35,2,70,13,15.0
11413,test_35_2,asmeta,35,2,70,14,14.0
11414,test_35_2,asmeta,35,2,70,15,16.0
11415,test_35_2,asmeta,35,2,70,16,15.0
11416,test_35_2,asmeta,35,2,70,17,14.0
11417,test_35_2,asmeta,35,2,70,18,15.0
11418,test_35_2,asmeta,35,2,70,19,17.0
11419,test_35_2,asmeta,35,2,70,20,13.0
11420,test_35_2,asmeta,35,2,70,21,8.0
11421,test_35_2,asmeta,35,2,70,22,9.0
11422,test_35_2,asmeta,35,2,70,23,9.0
11423,test_35_2,asmeta,35,2,70,24,8.0
11424,test_35_2,asmeta,35,2,70,25,8.0
11425,test_35_2,asmeta,35,2,70,26,8.0
11426,test_35_2,asmeta,35,2,70,27,8.0
11427,test_35_2,asmeta,35,2,70,28,9.0
11428,test_35_2,asmeta,35,2,70,29,8.0
11429,test_35_2,asmeta,35,2,70,30,9.0
11430,test_35_2,asmeta,35,2,70,31,12.0
11431,test_35_2,asmeta,35,2,70,32,8.0
11432,test_35_2,asmeta,35,2,70,33,8.0
11433,test_35_2,asmeta,35,2,70,34,9.0
11434,test_35_2,asmeta,35,2,70,35,8.0
11435,test_35_2,asmeta,35,2,70,36,8.0
11436,test_35_2,asmeta,35,2,70,37,8.0
11437,test_35_2,asmeta,35,2,70,38,8.0
11438,test_35_2,asmeta,35,2,70,39,8.0
11439,test_35_2,asmeta,35,2,70,40,8.0
11440,test_35_2,asmeta,35,2,70,41,8.0
11441,test_35_2,asmeta,35,2,70,42,12.0
11442,test_35_2,asmeta,35,2,70,43,8.0
11443,test_35_2,asmeta,35,2,70,44,9.0
11444,test_35_2,asmeta,35,2,70,45,8.0
11445,test_35_2,asmeta,35,2,70,46,9.0
11446,test_35_2,asmeta,35,2,70,47,8.0
11447,test_35_2,asmeta,35,2,70,48,9.0
11448,test_35_2,asmeta,35,2,70,49,8.0
11449,test_35_2,asmeta,35,2,70,50,8.0
11450,test_10_8,asmeta,10,8,80,1,91.0
11451,test_20_4,asmeta,20,4,80,1,68.0
11452,test_40_2,asmeta,40,2,80,1,58.0
11453,test_10_8,asmeta,10,8,80,2,19.0
11454,test_20_4,asmeta,20,4,80,2,22.0
11455,test_40_2,asmeta,40,2,80,2,28.0
11456,test_10_8,asmeta,10,8,80,3,26.0
11457,test_20_4,asmeta,20,4,80,3,24.0
11458,test_40_2,asmeta,40,2,80,3,27.0
11459,test_10_8,asmeta,10,8,80,4,24.0
11460,test_20_4,asmeta,20,4,80,4,22.0
11461,test_40_2,asmeta,40,2,80,4,20.0
11462,test_10_8,asmeta,10,8,80,5,22.0
11463,test_20_4,asmeta,20,4,80,5,20.0
11464,test_40_2,asmeta,40,2,80,5,19.0
11465,test_10_8,asmeta,10,8,80,6,26.0
11466,test_20_4,asmeta,20,4,80,6,17.0
11467,test_40_2,asmeta,40,2,80,6,16.0
11468,test_10_8,asmeta,10,8,80,7,22.0
11469,test_20_4,asmeta,20,4,80,7,17.0
11470,test_40_2,asmeta,40,2,80,7,18.0
11471,test_10_8,asmeta,10,8,80,8,22.0
11472,test_20_4,asmeta,20,4,80,8,14.0
11473,test_40_2,asmeta,40,2,80,8,13.0
11474,test_10_8,asmeta,10,8,80,9,23.0
11475,test_20_4,asmeta,20,4,80,9,16.0
11476,test_40_2,asmeta,40,2,80,9,16.0
11477,test_10_8,asmeta,10,8,80,10,20.0
11478,test_20_4,asmeta,20,4,80,10,21.0
11479,test_40_2,asmeta,40,2,80,10,18.0
11480,test_10_8,asmeta,10,8,80,11,20.0
11481,test_20_4,asmeta,20,4,80,11,21.0
11482,test_40_2,asmeta,40,2,80,11,19.0
11483,test_10_8,asmeta,10,8,80,12,20.0
11484,test_20_4,asmeta,20,4,80,12,20.0
11485,test_40_2,asmeta,40,2,80,12,21.0
11486,test_10_8,asmeta,10,8,80,13,21.0
11487,test_20_4,asmeta,20,4,80,13,23.0
11488,test_40_2,asmeta,40,2,80,13,19.0
11489,test_10_8,asmeta,10,8,80,14,13.0
11490,test_20_4,asmeta,20,4,80,14,19.0
11491,test_40_2,asmeta,40,2,80,14,19.0
11492,test_10_8,asmeta,10,8,80,15,12.0
11493,test_20_4,asmeta,20,4,80,15,23.0
11494,test_40_2,asmeta,40,2,80,15,19.0
11495,test_10_8,asmeta,10,8,80,16,12.0
11496,test_20_4,asmeta,20,4,80,16,19.0
11497,test_40_2,asmeta,40,2,80,16,24.0
11498,test_10_8,asmeta,10,8,80,17,11.0
11499,test_20_4,asmeta,20,4,80,17,19.0
11500,test_40_2,asmeta,40,2,80,17,20.0
11501,test_10_8,asmeta,10,8,80,18,12.0
11502,test_20_4,asmeta,20,4,80,18,20.0
11503,test_40_2,asmeta,40,2,80,18,22.0
11504,test_10_8,asmeta,10,8,80,19,11.0
11505,test_20_4,asmeta,20,4,80,19,13.0
11506,test_40_2,asmeta,40,2,80,19,11.0
11507,test_10_8,asmeta,10,8,80,20,11.0
11508,test_20_4,asmeta,20,4,80,20,11.0
11509,test_40_2,asmeta,40,2,80,20,11.0
11510,test_10_8,asmeta,10,8,80,21,11.0
11511,test_20_4,asmeta,20,4,80,21,11.0
11512,test_40_2,asmeta,40,2,80,21,11.0
11513,test_10_8,asmeta,10,8,80,22,14.0
11514,test_20_4,asmeta,20,4,80,22,11.0
11515,test_40_2,asmeta,40,2,80,22,11.0
11516,test_10_8,asmeta,10,8,80,23,11.0
11517,test_20_4,asmeta,20,4,80,23,11.0
11518,test_40_2,asmeta,40,2,80,23,11.0
11519,test_10_8,asmeta,10,8,80,24,11.0
11520,test_20_4,asmeta,20,4,80,24,12.0
11521,test_40_2,asmeta,40,2,80,24,11.0
11522,test_10_8,asmeta,10,8,80,25,11.0
11523,test_20_4,asmeta,20,4,80,25,11.0
11524,test_40_2,asmeta,40,2,80,25,11.0
11525,test_10_8,asmeta,10,8,80,26,11.0
11526,test_20_4,asmeta,20,4,80,26,11.0
11527,test_40_2,asmeta,40,2,80,26,14.0
11528,test_10_8,asmeta,10,8,80,27,11.0
11529,test_20_4,asmeta,20,4,80,27,15.0
11530,test_40_2,asmeta,40,2,80,27,12.0
11531,test_10_8,asmeta,10,8,80,28,10.0
11532,test_20_4,asmeta,20,4,80,28,11.0
11533,test_40_2,asmeta,40,2,80,28,14.0
11534,test_10_8,asmeta,10,8,80,29,11.0
11535,test_20_4,asmeta,20,4,80,29,10.0
11536,test_40_2,asmeta,40,2,80,29,11.0
11537,test_10_8,asmeta,10,8,80,30,11.0
11538,test_20_4,asmeta,20,4,80,30,11.0
11539,test_40_2,asmeta,40,2,80,30,10.0
11540,test_10_8,asmeta,10,8,80,31,14.0
11541,test_20_4,asmeta,20,4,80,31,12.0
11542,test_40_2,asmeta,40,2,80,31,11.0
11543,test_10_8,asmeta,10,8,80,32,12.0
11544,test_20_4,asmeta,20,4,80,32,11.0
11545,test_40_2,asmeta,40,2,80,32,11.0
11546,test_10_8,asmeta,10,8,80,33,13.0
11547,test_20_4,asmeta,20,4,80,33,10.0
11548,test_40_2,asmeta,40,2,80,33,11.0
11549,test_10_8,asmeta,10,8,80,34,11.0
11550,test_20_4,asmeta,20,4,80,34,10.0
11551,test_40_2,asmeta,40,2,80,34,11.0
11552,test_10_8,asmeta,10,8,80,35,11.0
11553,test_20_4,asmeta,20,4,80,35,10.0
11554,test_40_2,asmeta,40,2,80,35,11.0
11555,test_10_8,asmeta,10,8,80,36,11.0
11556,test_20_4,asmeta,20,4,80,36,10.0
11557,test_40_2,asmeta,40,2,80,36,11.0
11558,test_10_8,asmeta,10,8,80,37,11.0
11559,test_20_4,asmeta,20,4,80,37,14.0
11560,test_40_2,asmeta,40,2,80,37,14.0
11561,test_10_8,asmeta,10,8,80,38,11.0
11562,test_20_4,asmeta,20,4,80,38,12.0
11563,test_40_2,asmeta,40,2,80,38,11.0
11564,test_10_8,asmeta,10,8,80,39,11.0
11565,test_20_4,asmeta,20,4,80,39,11.0
11566,test_40_2,asmeta,40,2,80,39,10.0
11567,test_10_8,asmeta,10,8,80,40,14.0
11568,test_20_4,asmeta,20,4,80,40,12.0
11569,test_40_2,asmeta,40,2,80,40,11.0
11570,test_10_8,asmeta,10,8,80,41,10.0
11571,test_20_4,asmeta,20,4,80,41,11.0
11572,test_40_2,asmeta,40,2,80,41,11.0
11573,test_10_8,asmeta,10,8,80,42,11.0
11574,test_20_4,asmeta,20,4,80,42,10.0
11575,test_40_2,asmeta,40,2,80,42,10.0
11576,test_10_8,asmeta,10,8,80,43,10.0
11577,test_20_4,asmeta,20,4,80,43,11.0
11578,test_40_2,asmeta,40,2,80,43,11.0
11579,test_10_8,asmeta,10,8,80,44,11.0
11580,test_20_4,asmeta,20,4,80,44,12.0
11581,test_40_2,asmeta,40,2,80,44,10.0
11582,test_10_8,asmeta,10,8,80,45,11.0
11583,test_20_4,asmeta,20,4,80,45,10.0
11584,test_40_2,asmeta,40,2,80,45,11.0
11585,test_10_8,asmeta,10,8,80,46,11.0
11586,test_20_4,asmeta,20,4,80,46,15.0
11587,test_40_2,asmeta,40,2,80,46,14.0
11588,test_10_8,asmeta,10,8,80,47,11.0
11589,test_20_4,asmeta,20,4,80,47,11.0
11590,test_40_2,asmeta,40,2,80,47,10.0
11591,test_10_8,asmeta,10,8,80,48,10.0
11592,test_20_4,asmeta,20,4,80,48,12.0
11593,test_40_2,asmeta,40,2,80,48,10.0
11594,test_10_8,asmeta,10,8,80,49,14.0
11595,test_20_4,asmeta,20,4,80,49,15.0
11596,test_40_2,asmeta,40,2,80,49,10.0
11597,test_10_8,asmeta,10,8,80,50,11.0
11598,test_20_4,asmeta,20,4,80,50,10.0
11599,test_40_2,asmeta,40,2,80,50,11.0
11600,test_15_6,asmeta,15,6,90,1,89.0
11601,test_45_2,asmeta,45,2,90,1,68.0
11602,test_15_6,asmeta,15,6,90,2,26.0
11603,test_45_2,asmeta,45,2,90,2,33.0
11604,test_15_6,asmeta,15,6,90,3,26.0
11605,test_45_2,asmeta,45,2,90,3,34.0
11606,test_15_6,asmeta,15,6,90,4,41.0
11607,test_45_2,asmeta,45,2,90,4,28.0
11608,test_15_6,asmeta,15,6,90,5,32.0
11609,test_45_2,asmeta,45,2,90,5,26.0
11610,test_15_6,asmeta,15,6,90,6,29.0
11611,test_45_2,asmeta,45,2,90,6,28.0
11612,test_15_6,asmeta,15,6,90,7,26.0
11613,test_45_2,asmeta,45,2,90,7,26.0
11614,test_15_6,asmeta,15,6,90,8,28.0
11615,test_45_2,asmeta,45,2,90,8,30.0
11616,test_15_6,asmeta,15,6,90,9,27.0
11617,test_45_2,asmeta,45,2,90,9,28.0
11618,test_15_6,asmeta,15,6,90,10,29.0
11619,test_45_2,asmeta,45,2,90,10,28.0
11620,test_15_6,asmeta,15,6,90,11,14.0
11621,test_45_2,asmeta,45,2,90,11,24.0
11622,test_15_6,asmeta,15,6,90,12,16.0
11623,test_45_2,asmeta,45,2,90,12,24.0
11624,test_15_6,asmeta,15,6,90,13,14.0
11625,test_45_2,asmeta,45,2,90,13,14.0
11626,test_15_6,asmeta,15,6,90,14,14.0
11627,test_45_2,asmeta,45,2,90,14,14.0
11628,test_15_6,asmeta,15,6,90,15,17.0
11629,test_45_2,asmeta,45,2,90,15,15.0
11630,test_15_6,asmeta,15,6,90,16,14.0
11631,test_45_2,asmeta,45,2,90,16,15.0
11632,test_15_6,asmeta,15,6,90,17,15.0
11633,test_45_2,asmeta,45,2,90,17,16.0
11634,test_15_6,asmeta,15,6,90,18,17.0
11635,test_45_2,asmeta,45,2,90,18,14.0
11636,test_15_6,asmeta,15,6,90,19,13.0
11637,test_45_2,asmeta,45,2,90,19,15.0
11638,test_15_6,asmeta,15,6,90,20,13.0
11639,test_45_2,asmeta,45,2,90,20,17.0
11640,test_15_6,asmeta,15,6,90,21,13.0
11641,test_45_2,asmeta,45,2,90,21,15.0
11642,test_15_6,asmeta,15,6,90,22,13.0
11643,test_45_2,asmeta,45,2,90,22,15.0
11644,test_15_6,asmeta,15,6,90,23,14.0
11645,test_45_2,asmeta,45,2,90,23,15.0
11646,test_15_6,asmeta,15,6,90,24,13.0
11647,test_45_2,asmeta,45,2,90,24,13.0
11648,test_15_6,asmeta,15,6,90,25,14.0
11649,test_45_2,asmeta,45,2,90,25,13.0
11650,test_15_6,asmeta,15,6,90,26,15.0
11651,test_45_2,asmeta,45,2,90,26,13.0
11652,test_15_6,asmeta,15,6,90,27,13.0
11653,test_45_2,asmeta,45,2,90,27,13.0
11654,test_15_6,asmeta,15,6,90,28,13.0
11655,test_45_2,asmeta,45,2,90,28,17.0
11656,test_15_6,asmeta,15,6,90,29,13.0
11657,test_45_2,asmeta,45,2,90,29,13.0
11658,test_15_6,asmeta,15,6,90,30,13.0
11659,test_45_2,asmeta,45,2,90,30,13.0
11660,test_15_6,asmeta,15,6,90,31,13.0
11661,test_45_2,asmeta,45,2,90,31,13.0
11662,test_15_6,asmeta,15,6,90,32,14.0
11663,test_45_2,asmeta,45,2,90,32,13.0
11664,test_15_6,asmeta,15,6,90,33,13.0
11665,test_45_2,asmeta,45,2,90,33,14.0
11666,test_15_6,asmeta,15,6,90,34,13.0
11667,test_45_2,asmeta,45,2,90,34,13.0
11668,test_15_6,asmeta,15,6,90,35,13.0
11669,test_45_2,asmeta,45,2,90,35,14.0
11670,test_15_6,asmeta,15,6,90,36,13.0
11671,test_45_2,asmeta,45,2,90,36,14.0
11672,test_15_6,asmeta,15,6,90,37,13.0
11673,test_45_2,asmeta,45,2,90,37,13.0
11674,test_15_6,asmeta,15,6,90,38,13.0
11675,test_45_2,asmeta,45,2,90,38,13.0
11676,test_15_6,asmeta,15,6,90,39,13.0
11677,test_45_2,asmeta,45,2,90,39,13.0
11678,test_15_6,asmeta,15,6,90,40,15.0
11679,test_45_2,asmeta,45,2,90,40,13.0
11680,test_15_6,asmeta,15,6,90,41,16.0
11681,test_45_2,asmeta,45,2,90,41,13.0
11682,test_15_6,asmeta,15,6,90,42,12.0
11683,test_45_2,asmeta,45,2,90,42,13.0
11684,test_15_6,asmeta,15,6,90,43,13.0
11685,test_45_2,asmeta,45,2,90,43,17.0
11686,test_15_6,asmeta,15,6,90,44,13.0
11687,test_45_2,asmeta,45,2,90,44,15.0
11688,test_15_6,asmeta,15,6,90,45,13.0
11689,test_45_2,asmeta,45,2,90,45,13.0
11690,test_15_6,asmeta,15,6,90,46,13.0
11691,test_45_2,asmeta,45,2,90,46,13.0
11692,test_15_6,asmeta,15,6,90,47,13.0
11693,test_45_2,asmeta,45,2,90,47,13.0
11694,test_15_6,asmeta,15,6,90,48,13.0
11695,test_45_2,asmeta,45,2,90,48,13.0
11696,test_15_6,asmeta,15,6,90,49,16.0
11697,test_45_2,asmeta,45,2,90,49,13.0
11698,test_15_6,asmeta,15,6,90,50,13.0
11699,test_45_2,asmeta,45,2,90,50,13.0
11700,test_10_10,asmeta,10,10,100,1,109.0
11701,test_25_4,asmeta,25,4,100,1,91.0
11702,test_50_2,asmeta,50,2,100,1,79.0
11703,test_10_10,asmeta,10,10,100,2,33.0
11704,test_25_4,asmeta,25,4,100,2,43.0
11705,test_50_2,asmeta,50,2,100,2,27.0
11706,test_10_10,asmeta,10,10,100,3,38.0
11707,test_25_4,asmeta,25,4,100,3,32.0
11708,test_50_2,asmeta,50,2,100,3,33.0
11709,test_10_10,asmeta,10,10,100,4,39.0
11710,test_25_4,asmeta,25,4,100,4,33.0
11711,test_50_2,asmeta,50,2,100,4,31.0
11712,test_10_10,asmeta,10,10,100,5,38.0
11713,test_25_4,asmeta,25,4,100,5,30.0
11714,test_50_2,asmeta,50,2,100,5,26.0
11715,test_10_10,asmeta,10,10,100,6,33.0
11716,test_25_4,asmeta,25,4,100,6,33.0
11717,test_50_2,asmeta,50,2,100,6,31.0
11718,test_10_10,asmeta,10,10,100,7,30.0
11719,test_25_4,asmeta,25,4,100,7,36.0
11720,test_50_2,asmeta,50,2,100,7,38.0
11721,test_10_10,asmeta,10,10,100,8,32.0
11722,test_25_4,asmeta,25,4,100,8,33.0
11723,test_50_2,asmeta,50,2,100,8,29.0
11724,test_10_10,asmeta,10,10,100,9,28.0
11725,test_25_4,asmeta,25,4,100,9,32.0
11726,test_50_2,asmeta,50,2,100,9,29.0
11727,test_10_10,asmeta,10,10,100,10,19.0
11728,test_25_4,asmeta,25,4,100,10,29.0
11729,test_50_2,asmeta,50,2,100,10,29.0
11730,test_10_10,asmeta,10,10,100,11,18.0
11731,test_25_4,asmeta,25,4,100,11,33.0
11732,test_50_2,asmeta,50,2,100,11,28.0
11733,test_10_10,asmeta,10,10,100,12,20.0
11734,test_25_4,asmeta,25,4,100,12,19.0
11735,test_50_2,asmeta,50,2,100,12,23.0
11736,test_10_10,asmeta,10,10,100,13,18.0
11737,test_25_4,asmeta,25,4,100,13,18.0
11738,test_50_2,asmeta,50,2,100,13,17.0
11739,test_10_10,asmeta,10,10,100,14,18.0
11740,test_25_4,asmeta,25,4,100,14,18.0
11741,test_50_2,asmeta,50,2,100,14,17.0
11742,test_10_10,asmeta,10,10,100,15,21.0
11743,test_25_4,asmeta,25,4,100,15,17.0
11744,test_50_2,asmeta,50,2,100,15,16.0
11745,test_10_10,asmeta,10,10,100,16,18.0
11746,test_25_4,asmeta,25,4,100,16,18.0
11747,test_50_2,asmeta,50,2,100,16,17.0
11748,test_10_10,asmeta,10,10,100,17,20.0
11749,test_25_4,asmeta,25,4,100,17,17.0
11750,test_50_2,asmeta,50,2,100,17,17.0
11751,test_10_10,asmeta,10,10,100,18,19.0
11752,test_25_4,asmeta,25,4,100,18,20.0
11753,test_50_2,asmeta,50,2,100,18,21.0
11754,test_10_10,asmeta,10,10,100,19,17.0
11755,test_25_4,asmeta,25,4,100,19,18.0
11756,test_50_2,asmeta,50,2,100,19,18.0
11757,test_10_10,asmeta,10,10,100,20,17.0
11758,test_25_4,asmeta,25,4,100,20,18.0
11759,test_50_2,asmeta,50,2,100,20,16.0
11760,test_10_10,asmeta,10,10,100,21,17.0
11761,test_25_4,asmeta,25,4,100,21,16.0
11762,test_50_2,asmeta,50,2,100,21,17.0
11763,test_10_10,asmeta,10,10,100,22,21.0
11764,test_25_4,asmeta,25,4,100,22,16.0
11765,test_50_2,asmeta,50,2,100,22,18.0
11766,test_10_10,asmeta,10,10,100,23,17.0
11767,test_25_4,asmeta,25,4,100,23,17.0
11768,test_50_2,asmeta,50,2,100,23,16.0
11769,test_10_10,asmeta,10,10,100,24,16.0
11770,test_25_4,asmeta,25,4,100,24,16.0
11771,test_50_2,asmeta,50,2,100,24,16.0
11772,test_10_10,asmeta,10,10,100,25,17.0
11773,test_25_4,asmeta,25,4,100,25,22.0
11774,test_50_2,asmeta,50,2,100,25,20.0
11775,test_10_10,asmeta,10,10,100,26,17.0
11776,test_25_4,asmeta,25,4,100,26,17.0
11777,test_50_2,asmeta,50,2,100,26,17.0
11778,test_10_10,asmeta,10,10,100,27,17.0
11779,test_25_4,asmeta,25,4,100,27,17.0
11780,test_50_2,asmeta,50,2,100,27,17.0
11781,test_10_10,asmeta,10,10,100,28,28.0
11782,test_25_4,asmeta,25,4,100,28,18.0
11783,test_50_2,asmeta,50,2,100,28,17.0
11784,test_10_10,asmeta,10,10,100,29,17.0
11785,test_25_4,asmeta,25,4,100,29,16.0
11786,test_50_2,asmeta,50,2,100,29,17.0
11787,test_10_10,asmeta,10,10,100,30,17.0
11788,test_25_4,asmeta,25,4,100,30,16.0
11789,test_50_2,asmeta,50,2,100,30,16.0
11790,test_10_10,asmeta,10,10,100,31,17.0
11791,test_25_4,asmeta,25,4,100,31,21.0
11792,test_50_2,asmeta,50,2,100,31,17.0
11793,test_10_10,asmeta,10,10,100,32,17.0
11794,test_25_4,asmeta,25,4,100,32,16.0
11795,test_50_2,asmeta,50,2,100,32,17.0
11796,test_10_10,asmeta,10,10,100,33,17.0
11797,test_25_4,asmeta,25,4,100,33,17.0
11798,test_50_2,asmeta,50,2,100,33,16.0
11799,test_10_10,asmeta,10,10,100,34,20.0
11800,test_25_4,asmeta,25,4,100,34,16.0
11801,test_50_2,asmeta,50,2,100,34,16.0
11802,test_10_10,asmeta,10,10,100,35,17.0
11803,test_25_4,asmeta,25,4,100,35,16.0
11804,test_50_2,asmeta,50,2,100,35,16.0
11805,test_10_10,asmeta,10,10,100,36,18.0
11806,test_25_4,asmeta,25,4,100,36,16.0
11807,test_50_2,asmeta,50,2,100,36,16.0
11808,test_10_10,asmeta,10,10,100,37,17.0
11809,test_25_4,asmeta,25,4,100,37,16.0
11810,test_50_2,asmeta,50,2,100,37,16.0
11811,test_10_10,asmeta,10,10,100,38,16.0
11812,test_25_4,asmeta,25,4,100,38,19.0
11813,test_50_2,asmeta,50,2,100,38,20.0
11814,test_10_10,asmeta,10,10,100,39,16.0
11815,test_25_4,asmeta,25,4,100,39,16.0
11816,test_50_2,asmeta,50,2,100,39,16.0
11817,test_10_10,asmeta,10,10,100,40,16.0
11818,test_25_4,asmeta,25,4,100,40,16.0
11819,test_50_2,asmeta,50,2,100,40,17.0
11820,test_10_10,asmeta,10,10,100,41,28.0
11821,test_25_4,asmeta,25,4,100,41,16.0
11822,test_50_2,asmeta,50,2,100,41,15.0
11823,test_10_10,asmeta,10,10,100,42,16.0
11824,test_25_4,asmeta,25,4,100,42,16.0
11825,test_50_2,asmeta,50,2,100,42,16.0
11826,test_10_10,asmeta,10,10,100,43,18.0
11827,test_25_4,asmeta,25,4,100,43,16.0
11828,test_50_2,asmeta,50,2,100,43,16.0
11829,test_10_10,asmeta,10,10,100,44,16.0
11830,test_25_4,asmeta,25,4,100,44,18.0
11831,test_50_2,asmeta,50,2,100,44,16.0
11832,test_10_10,asmeta,10,10,100,45,16.0
11833,test_25_4,asmeta,25,4,100,45,16.0
11834,test_50_2,asmeta,50,2,100,45,21.0
11835,test_10_10,asmeta,10,10,100,46,16.0
11836,test_25_4,asmeta,25,4,100,46,16.0
11837,test_50_2,asmeta,50,2,100,46,18.0
11838,test_10_10,asmeta,10,10,100,47,21.0
11839,test_25_4,asmeta,25,4,100,47,16.0
11840,test_50_2,asmeta,50,2,100,47,16.0
11841,test_10_10,asmeta,10,10,100,48,18.0
11842,test_25_4,asmeta,25,4,100,48,16.0
11843,test_50_2,asmeta,50,2,100,48,16.0
11844,test_10_10,asmeta,10,10,100,49,17.0
11845,test_25_4,asmeta,25,4,100,49,16.0
11846,test_50_2,asmeta,50,2,100,49,16.0
11847,test_10_10,asmeta,10,10,100,50,16.0
11848,test_25_4,asmeta,25,4,100,50,16.0
11849,test_50_2,asmeta,50,2,100,50,16.0
11850,test_55_2,asmeta,55,2,110,1,88.0
11851,test_55_2,asmeta,55,2,110,2,38.0
11852,test_55_2,asmeta,55,2,110,3,44.0
11853,test_55_2,asmeta,55,2,110,4,35.0
11854,test_55_2,asmeta,55,2,110,5,34.0
11855,test_55_2,asmeta,55,2,110,6,39.0
11856,test_55_2,asmeta,55,2,110,7,40.0
11857,test_55_2,asmeta,55,2,110,8,36.0
11858,test_55_2,asmeta,55,2,110,9,36.0
11859,test_55_2,asmeta,55,2,110,10,34.0
11860,test_55_2,asmeta,55,2,110,11,21.0
11861,test_55_2,asmeta,55,2,110,12,21.0
11862,test_55_2,asmeta,55,2,110,13,21.0
11863,test_55_2,asmeta,55,2,110,14,21.0
11864,test_55_2,asmeta,55,2,110,15,20.0
11865,test_55_2,asmeta,55,2,110,16,25.0
11866,test_55_2,asmeta,55,2,110,17,21.0
11867,test_55_2,asmeta,55,2,110,18,20.0
11868,test_55_2,asmeta,55,2,110,19,22.0
11869,test_55_2,asmeta,55,2,110,20,20.0
11870,test_55_2,asmeta,55,2,110,21,24.0
11871,test_55_2,asmeta,55,2,110,22,21.0
11872,test_55_2,asmeta,55,2,110,23,20.0
11873,test_55_2,asmeta,55,2,110,24,20.0
11874,test_55_2,asmeta,55,2,110,25,20.0
11875,test_55_2,asmeta,55,2,110,26,22.0
11876,test_55_2,asmeta,55,2,110,27,25.0
11877,test_55_2,asmeta,55,2,110,28,20.0
11878,test_55_2,asmeta,55,2,110,29,20.0
11879,test_55_2,asmeta,55,2,110,30,21.0
11880,test_55_2,asmeta,55,2,110,31,21.0
11881,test_55_2,asmeta,55,2,110,32,20.0
11882,test_55_2,asmeta,55,2,110,33,23.0
11883,test_55_2,asmeta,55,2,110,34,20.0
11884,test_55_2,asmeta,55,2,110,35,19.0
11885,test_55_2,asmeta,55,2,110,36,19.0
11886,test_55_2,asmeta,55,2,110,37,19.0
11887,test_55_2,asmeta,55,2,110,38,23.0
11888,test_55_2,asmeta,55,2,110,39,19.0
11889,test_55_2,asmeta,55,2,110,40,19.0
11890,test_55_2,asmeta,55,2,110,41,19.0
11891,test_55_2,asmeta,55,2,110,42,19.0
11892,test_55_2,asmeta,55,2,110,43,19.0
11893,test_55_2,asmeta,55,2,110,44,24.0
11894,test_55_2,asmeta,55,2,110,45,19.0
11895,test_55_2,asmeta,55,2,110,46,21.0
11896,test_55_2,asmeta,55,2,110,47,19.0
11897,test_55_2,asmeta,55,2,110,48,20.0
11898,test_55_2,asmeta,55,2,110,49,19.0
11899,test_55_2,asmeta,55,2,110,50,23.0
11900,test_10_12,asmeta,10,12,120,1,137.0
11901,test_15_8,asmeta,15,8,120,1,117.0
11902,test_20_6,asmeta,20,6,120,1,117.0
11903,test_30_4,asmeta,30,4,120,1,108.0
11904,test_60_2,asmeta,60,2,120,1,109.0
11905,test_10_12,asmeta,10,12,120,2,47.0
11906,test_15_8,asmeta,15,8,120,2,52.0
11907,test_20_6,asmeta,20,6,120,2,49.0
11908,test_30_4,asmeta,30,4,120,2,52.0
11909,test_60_2,asmeta,60,2,120,2,56.0
11910,test_10_12,asmeta,10,12,120,3,66.0
11911,test_15_8,asmeta,15,8,120,3,61.0
11912,test_20_6,asmeta,20,6,120,3,66.0
11913,test_30_4,asmeta,30,4,120,3,56.0
11914,test_60_2,asmeta,60,2,120,3,50.0
11915,test_10_12,asmeta,10,12,120,4,54.0
11916,test_15_8,asmeta,15,8,120,4,58.0
11917,test_20_6,asmeta,20,6,120,4,56.0
11918,test_30_4,asmeta,30,4,120,4,56.0
11919,test_60_2,asmeta,60,2,120,4,52.0
11920,test_10_12,asmeta,10,12,120,5,54.0
11921,test_15_8,asmeta,15,8,120,5,50.0
11922,test_20_6,asmeta,20,6,120,5,47.0
11923,test_30_4,asmeta,30,4,120,5,50.0
11924,test_60_2,asmeta,60,2,120,5,51.0
11925,test_10_12,asmeta,10,12,120,6,43.0
11926,test_15_8,asmeta,15,8,120,6,46.0
11927,test_20_6,asmeta,20,6,120,6,50.0
11928,test_30_4,asmeta,30,4,120,6,52.0
11929,test_60_2,asmeta,60,2,120,6,46.0
11930,test_10_12,asmeta,10,12,120,7,39.0
11931,test_15_8,asmeta,15,8,120,7,41.0
11932,test_20_6,asmeta,20,6,120,7,49.0
11933,test_30_4,asmeta,30,4,120,7,41.0
11934,test_60_2,asmeta,60,2,120,7,47.0
11935,test_10_12,asmeta,10,12,120,8,27.0
11936,test_15_8,asmeta,15,8,120,8,27.0
11937,test_20_6,asmeta,20,6,120,8,25.0
11938,test_30_4,asmeta,30,4,120,8,32.0
11939,test_60_2,asmeta,60,2,120,8,44.0
11940,test_10_12,asmeta,10,12,120,9,25.0
11941,test_15_8,asmeta,15,8,120,9,25.0
11942,test_20_6,asmeta,20,6,120,9,25.0
11943,test_30_4,asmeta,30,4,120,9,26.0
11944,test_60_2,asmeta,60,2,120,9,27.0
11945,test_10_12,asmeta,10,12,120,10,25.0
11946,test_15_8,asmeta,15,8,120,10,30.0
11947,test_20_6,asmeta,20,6,120,10,24.0
11948,test_30_4,asmeta,30,4,120,10,25.0
11949,test_60_2,asmeta,60,2,120,10,26.0
11950,test_10_12,asmeta,10,12,120,11,25.0
11951,test_15_8,asmeta,15,8,120,11,24.0
11952,test_20_6,asmeta,20,6,120,11,25.0
11953,test_30_4,asmeta,30,4,120,11,25.0
11954,test_60_2,asmeta,60,2,120,11,26.0
11955,test_10_12,asmeta,10,12,120,12,29.0
11956,test_15_8,asmeta,15,8,120,12,27.0
11957,test_20_6,asmeta,20,6,120,12,30.0
11958,test_30_4,asmeta,30,4,120,12,26.0
11959,test_60_2,asmeta,60,2,120,12,26.0
11960,test_10_12,asmeta,10,12,120,13,24.0
11961,test_15_8,asmeta,15,8,120,13,27.0
11962,test_20_6,asmeta,20,6,120,13,24.0
11963,test_30_4,asmeta,30,4,120,13,25.0
11964,test_60_2,asmeta,60,2,120,13,31.0
11965,test_10_12,asmeta,10,12,120,14,24.0
11966,test_15_8,asmeta,15,8,120,14,25.0
11967,test_20_6,asmeta,20,6,120,14,24.0
11968,test_30_4,asmeta,30,4,120,14,24.0
11969,test_60_2,asmeta,60,2,120,14,25.0
11970,test_10_12,asmeta,10,12,120,15,24.0
11971,test_15_8,asmeta,15,8,120,15,23.0
11972,test_20_6,asmeta,20,6,120,15,24.0
11973,test_30_4,asmeta,30,4,120,15,25.0
11974,test_60_2,asmeta,60,2,120,15,25.0
11975,test_10_12,asmeta,10,12,120,16,25.0
11976,test_15_8,asmeta,15,8,120,16,24.0
11977,test_20_6,asmeta,20,6,120,16,25.0
11978,test_30_4,asmeta,30,4,120,16,26.0
11979,test_60_2,asmeta,60,2,120,16,27.0
11980,test_10_12,asmeta,10,12,120,17,24.0
11981,test_15_8,asmeta,15,8,120,17,29.0
11982,test_20_6,asmeta,20,6,120,17,28.0
11983,test_30_4,asmeta,30,4,120,17,24.0
11984,test_60_2,asmeta,60,2,120,17,26.0
11985,test_10_12,asmeta,10,12,120,18,24.0
11986,test_15_8,asmeta,15,8,120,18,24.0
11987,test_20_6,asmeta,20,6,120,18,25.0
11988,test_30_4,asmeta,30,4,120,18,24.0
11989,test_60_2,asmeta,60,2,120,18,29.0
11990,test_10_12,asmeta,10,12,120,19,25.0
11991,test_15_8,asmeta,15,8,120,19,24.0
11992,test_20_6,asmeta,20,6,120,19,25.0
11993,test_30_4,asmeta,30,4,120,19,24.0
11994,test_60_2,asmeta,60,2,120,19,25.0
11995,test_10_12,asmeta,10,12,120,20,23.0
11996,test_15_8,asmeta,15,8,120,20,24.0
11997,test_20_6,asmeta,20,6,120,20,24.0
11998,test_30_4,asmeta,30,4,120,20,24.0
11999,test_60_2,asmeta,60,2,120,20,24.0
12000,test_10_12,asmeta,10,12,120,21,26.0
12001,test_15_8,asmeta,15,8,120,21,25.0
12002,test_20_6,asmeta,20,6,120,21,24.0
12003,test_30_4,asmeta,30,4,120,21,23.0
12004,test_60_2,asmeta,60,2,120,21,24.0
12005,test_10_12,asmeta,10,12,120,22,23.0
12006,test_15_8,asmeta,15,8,120,22,27.0
12007,test_20_6,asmeta,20,6,120,22,27.0
12008,test_30_4,asmeta,30,4,120,22,24.0
12009,test_60_2,asmeta,60,2,120,22,25.0
12010,test_10_12,asmeta,10,12,120,23,24.0
12011,test_15_8,asmeta,15,8,120,23,23.0
12012,test_20_6,asmeta,20,6,120,23,28.0
12013,test_30_4,asmeta,30,4,120,23,25.0
12014,test_60_2,asmeta,60,2,120,23,35.0
12015,test_10_12,asmeta,10,12,120,24,23.0
12016,test_15_8,asmeta,15,8,120,24,23.0
12017,test_20_6,asmeta,20,6,120,24,23.0
12018,test_30_4,asmeta,30,4,120,24,23.0
12019,test_60_2,asmeta,60,2,120,24,24.0
12020,test_10_12,asmeta,10,12,120,25,24.0
12021,test_15_8,asmeta,15,8,120,25,23.0
12022,test_20_6,asmeta,20,6,120,25,23.0
12023,test_30_4,asmeta,30,4,120,25,23.0
12024,test_60_2,asmeta,60,2,120,25,27.0
12025,test_10_12,asmeta,10,12,120,26,29.0
12026,test_15_8,asmeta,15,8,120,26,23.0
12027,test_20_6,asmeta,20,6,120,26,25.0
12028,test_30_4,asmeta,30,4,120,26,23.0
12029,test_60_2,asmeta,60,2,120,26,24.0
12030,test_10_12,asmeta,10,12,120,27,23.0
12031,test_15_8,asmeta,15,8,120,27,27.0
12032,test_20_6,asmeta,20,6,120,27,27.0
12033,test_30_4,asmeta,30,4,120,27,27.0
12034,test_60_2,asmeta,60,2,120,27,24.0
12035,test_10_12,asmeta,10,12,120,28,25.0
12036,test_15_8,asmeta,15,8,120,28,23.0
12037,test_20_6,asmeta,20,6,120,28,23.0
12038,test_30_4,asmeta,30,4,120,28,24.0
12039,test_60_2,asmeta,60,2,120,28,29.0
12040,test_10_12,asmeta,10,12,120,29,23.0
12041,test_15_8,asmeta,15,8,120,29,24.0
12042,test_20_6,asmeta,20,6,120,29,23.0
12043,test_30_4,asmeta,30,4,120,29,23.0
12044,test_60_2,asmeta,60,2,120,29,24.0
12045,test_10_12,asmeta,10,12,120,30,26.0
12046,test_15_8,asmeta,15,8,120,30,24.0
12047,test_20_6,asmeta,20,6,120,30,23.0
12048,test_30_4,asmeta,30,4,120,30,23.0
12049,test_60_2,asmeta,60,2,120,30,25.0
12050,test_10_12,asmeta,10,12,120,31,23.0
12051,test_15_8,asmeta,15,8,120,31,23.0
12052,test_20_6,asmeta,20,6,120,31,23.0
12053,test_30_4,asmeta,30,4,120,31,23.0
12054,test_60_2,asmeta,60,2,120,31,24.0
12055,test_10_12,asmeta,10,12,120,32,23.0
12056,test_15_8,asmeta,15,8,120,32,23.0
12057,test_20_6,asmeta,20,6,120,32,27.0
12058,test_30_4,asmeta,30,4,120,32,27.0
12059,test_60_2,asmeta,60,2,120,32,25.0
12060,test_10_12,asmeta,10,12,120,33,26.0
12061,test_15_8,asmeta,15,8,120,33,22.0
12062,test_20_6,asmeta,20,6,120,33,23.0
12063,test_30_4,asmeta,30,4,120,33,23.0
12064,test_60_2,asmeta,60,2,120,33,28.0
12065,test_10_12,asmeta,10,12,120,34,23.0
12066,test_15_8,asmeta,15,8,120,34,22.0
12067,test_20_6,asmeta,20,6,120,34,22.0
12068,test_30_4,asmeta,30,4,120,34,23.0
12069,test_60_2,asmeta,60,2,120,34,25.0
12070,test_10_12,asmeta,10,12,120,35,26.0
12071,test_15_8,asmeta,15,8,120,35,22.0
12072,test_20_6,asmeta,20,6,120,35,23.0
12073,test_30_4,asmeta,30,4,120,35,23.0
12074,test_60_2,asmeta,60,2,120,35,24.0
12075,test_10_12,asmeta,10,12,120,36,24.0
12076,test_15_8,asmeta,15,8,120,36,27.0
12077,test_20_6,asmeta,20,6,120,36,23.0
12078,test_30_4,asmeta,30,4,120,36,23.0
12079,test_60_2,asmeta,60,2,120,36,23.0
12080,test_10_12,asmeta,10,12,120,37,23.0
12081,test_15_8,asmeta,15,8,120,37,23.0
12082,test_20_6,asmeta,20,6,120,37,27.0
12083,test_30_4,asmeta,30,4,120,37,26.0
12084,test_60_2,asmeta,60,2,120,37,25.0
12085,test_10_12,asmeta,10,12,120,38,25.0
12086,test_15_8,asmeta,15,8,120,38,22.0
12087,test_20_6,asmeta,20,6,120,38,23.0
12088,test_30_4,asmeta,30,4,120,38,23.0
12089,test_60_2,asmeta,60,2,120,38,27.0
12090,test_10_12,asmeta,10,12,120,39,26.0
12091,test_15_8,asmeta,15,8,120,39,24.0
12092,test_20_6,asmeta,20,6,120,39,23.0
12093,test_30_4,asmeta,30,4,120,39,23.0
12094,test_60_2,asmeta,60,2,120,39,23.0
12095,test_10_12,asmeta,10,12,120,40,23.0
12096,test_15_8,asmeta,15,8,120,40,23.0
12097,test_20_6,asmeta,20,6,120,40,23.0
12098,test_30_4,asmeta,30,4,120,40,23.0
12099,test_60_2,asmeta,60,2,120,40,24.0
12100,test_10_12,asmeta,10,12,120,41,23.0
12101,test_15_8,asmeta,15,8,120,41,27.0
12102,test_20_6,asmeta,20,6,120,41,23.0
12103,test_30_4,asmeta,30,4,120,41,23.0
12104,test_60_2,asmeta,60,2,120,41,23.0
12105,test_10_12,asmeta,10,12,120,42,23.0
12106,test_15_8,asmeta,15,8,120,42,23.0
12107,test_20_6,asmeta,20,6,120,42,26.0
12108,test_30_4,asmeta,30,4,120,42,26.0
12109,test_60_2,asmeta,60,2,120,42,25.0
12110,test_10_12,asmeta,10,12,120,43,23.0
12111,test_15_8,asmeta,15,8,120,43,28.0
12112,test_20_6,asmeta,20,6,120,43,24.0
12113,test_30_4,asmeta,30,4,120,43,28.0
12114,test_60_2,asmeta,60,2,120,43,28.0
12115,test_10_12,asmeta,10,12,120,44,27.0
12116,test_15_8,asmeta,15,8,120,44,23.0
12117,test_20_6,asmeta,20,6,120,44,23.0
12118,test_30_4,asmeta,30,4,120,44,29.0
12119,test_60_2,asmeta,60,2,120,44,24.0
12120,test_10_12,asmeta,10,12,120,45,24.0
12121,test_15_8,asmeta,15,8,120,45,23.0
12122,test_20_6,asmeta,20,6,120,45,23.0
12123,test_30_4,asmeta,30,4,120,45,22.0
12124,test_60_2,asmeta,60,2,120,45,25.0
12125,test_10_12,asmeta,10,12,120,46,23.0
12126,test_15_8,asmeta,15,8,120,46,28.0
12127,test_20_6,asmeta,20,6,120,46,27.0
12128,test_30_4,asmeta,30,4,120,46,24.0
12129,test_60_2,asmeta,60,2,120,46,24.0
12130,test_10_12,asmeta,10,12,120,47,23.0
12131,test_15_8,asmeta,15,8,120,47,23.0
12132,test_20_6,asmeta,20,6,120,47,23.0
12133,test_30_4,asmeta,30,4,120,47,27.0
12134,test_60_2,asmeta,60,2,120,47,25.0
12135,test_10_12,asmeta,10,12,120,48,23.0
12136,test_15_8,asmeta,15,8,120,48,22.0
12137,test_20_6,asmeta,20,6,120,48,25.0
12138,test_30_4,asmeta,30,4,120,48,26.0
12139,test_60_2,asmeta,60,2,120,48,29.0
12140,test_10_12,asmeta,10,12,120,49,24.0
12141,test_15_8,asmeta,15,8,120,49,23.0
12142,test_20_6,asmeta,20,6,120,49,22.0
12143,test_30_4,asmeta,30,4,120,49,23.0
12144,test_60_2,asmeta,60,2,120,49,23.0
12145,test_10_12,asmeta,10,12,120,50,25.0
12146,test_15_8,asmeta,15,8,120,50,22.0
12147,test_20_6,asmeta,20,6,120,50,23.0
12148,test_30_4,asmeta,30,4,120,50,22.0
12149,test_60_2,asmeta,60,2,120,50,24.0
12150,test_10_14,asmeta,10,14,140,1,189.0
12151,test_35_4,asmeta,35,4,140,1,130.0
12152,test_10_14,asmeta,10,14,140,2,61.0
12153,test_35_4,asmeta,35,4,140,2,64.0
12154,test_10_14,asmeta,10,14,140,3,72.0
12155,test_35_4,asmeta,35,4,140,3,80.0
12156,test_10_14,asmeta,10,14,140,4,70.0
12157,test_35_4,asmeta,35,4,140,4,67.0
12158,test_10_14,asmeta,10,14,140,5,61.0
12159,test_35_4,asmeta,35,4,140,5,61.0
12160,test_10_14,asmeta,10,14,140,6,44.0
12161,test_35_4,asmeta,35,4,140,6,45.0
12162,test_10_14,asmeta,10,14,140,7,36.0
12163,test_35_4,asmeta,35,4,140,7,33.0
12164,test_10_14,asmeta,10,14,140,8,37.0
12165,test_35_4,asmeta,35,4,140,8,35.0
12166,test_10_14,asmeta,10,14,140,9,41.0
12167,test_35_4,asmeta,35,4,140,9,38.0
12168,test_10_14,asmeta,10,14,140,10,36.0
12169,test_35_4,asmeta,35,4,140,10,36.0
12170,test_10_14,asmeta,10,14,140,11,36.0
12171,test_35_4,asmeta,35,4,140,11,33.0
12172,test_10_14,asmeta,10,14,140,12,39.0
12173,test_35_4,asmeta,35,4,140,12,34.0
12174,test_10_14,asmeta,10,14,140,13,35.0
12175,test_35_4,asmeta,35,4,140,13,37.0
12176,test_10_14,asmeta,10,14,140,14,33.0
12177,test_35_4,asmeta,35,4,140,14,33.0
12178,test_10_14,asmeta,10,14,140,15,40.0
12179,test_35_4,asmeta,35,4,140,15,32.0
12180,test_10_14,asmeta,10,14,140,16,41.0
12181,test_35_4,asmeta,35,4,140,16,32.0
12182,test_10_14,asmeta,10,14,140,17,34.0
12183,test_35_4,asmeta,35,4,140,17,32.0
12184,test_10_14,asmeta,10,14,140,18,35.0
12185,test_35_4,asmeta,35,4,140,18,31.0
12186,test_10_14,asmeta,10,14,140,19,40.0
12187,test_35_4,asmeta,35,4,140,19,32.0
12188,test_10_14,asmeta,10,14,140,20,35.0
12189,test_35_4,asmeta,35,4,140,20,35.0
12190,test_10_14,asmeta,10,14,140,21,32.0
12191,test_35_4,asmeta,35,4,140,21,31.0
12192,test_10_14,asmeta,10,14,140,22,36.0
12193,test_35_4,asmeta,35,4,140,22,33.0
12194,test_10_14,asmeta,10,14,140,23,51.0
12195,test_35_4,asmeta,35,4,140,23,31.0
12196,test_10_14,asmeta,10,14,140,24,46.0
12197,test_35_4,asmeta,35,4,140,24,35.0
12198,test_10_14,asmeta,10,14,140,25,33.0
12199,test_35_4,asmeta,35,4,140,25,31.0
12200,test_10_14,asmeta,10,14,140,26,32.0
12201,test_35_4,asmeta,35,4,140,26,31.0
12202,test_10_14,asmeta,10,14,140,27,39.0
12203,test_35_4,asmeta,35,4,140,27,36.0
12204,test_10_14,asmeta,10,14,140,28,33.0
12205,test_35_4,asmeta,35,4,140,28,33.0
12206,test_10_14,asmeta,10,14,140,29,33.0
12207,test_35_4,asmeta,35,4,140,29,31.0
12208,test_10_14,asmeta,10,14,140,30,34.0
12209,test_35_4,asmeta,35,4,140,30,31.0
12210,test_10_14,asmeta,10,14,140,31,39.0
12211,test_35_4,asmeta,35,4,140,31,36.0
12212,test_10_14,asmeta,10,14,140,32,33.0
12213,test_35_4,asmeta,35,4,140,32,31.0
12214,test_10_14,asmeta,10,14,140,33,32.0
12215,test_35_4,asmeta,35,4,140,33,33.0
12216,test_10_14,asmeta,10,14,140,34,32.0
12217,test_35_4,asmeta,35,4,140,34,35.0
12218,test_10_14,asmeta,10,14,140,35,38.0
12219,test_35_4,asmeta,35,4,140,35,31.0
12220,test_10_14,asmeta,10,14,140,36,32.0
12221,test_35_4,asmeta,35,4,140,36,31.0
12222,test_10_14,asmeta,10,14,140,37,32.0
12223,test_35_4,asmeta,35,4,140,37,31.0
12224,test_10_14,asmeta,10,14,140,38,32.0
12225,test_35_4,asmeta,35,4,140,38,35.0
12226,test_10_14,asmeta,10,14,140,39,38.0
12227,test_35_4,asmeta,35,4,140,39,32.0
12228,test_10_14,asmeta,10,14,140,40,32.0
12229,test_35_4,asmeta,35,4,140,40,33.0
12230,test_10_14,asmeta,10,14,140,41,33.0
12231,test_35_4,asmeta,35,4,140,41,31.0
12232,test_10_14,asmeta,10,14,140,42,33.0
12233,test_35_4,asmeta,35,4,140,42,46.0
12234,test_10_14,asmeta,10,14,140,43,36.0
12235,test_35_4,asmeta,35,4,140,43,46.0
12236,test_10_14,asmeta,10,14,140,44,32.0
12237,test_35_4,asmeta,35,4,140,44,31.0
12238,test_10_14,asmeta,10,14,140,45,33.0
12239,test_35_4,asmeta,35,4,140,45,31.0
12240,test_10_14,asmeta,10,14,140,46,32.0
12241,test_35_4,asmeta,35,4,140,46,34.0
12242,test_10_14,asmeta,10,14,140,47,35.0
12243,test_35_4,asmeta,35,4,140,47,31.0
12244,test_10_14,asmeta,10,14,140,48,32.0
12245,test_35_4,asmeta,35,4,140,48,31.0
12246,test_10_14,asmeta,10,14,140,49,32.0
12247,test_35_4,asmeta,35,4,140,49,30.0
12248,test_10_14,asmeta,10,14,140,50,31.0
12249,test_35_4,asmeta,35,4,140,50,33.0
12250,test_15_10,asmeta,15,10,150,1,195.0
12251,test_25_6,asmeta,25,6,150,1,156.0
12252,test_15_10,asmeta,15,10,150,2,86.0
12253,test_25_6,asmeta,25,6,150,2,89.0
12254,test_15_10,asmeta,15,10,150,3,93.0
12255,test_25_6,asmeta,25,6,150,3,81.0
12256,test_15_10,asmeta,15,10,150,4,83.0
12257,test_25_6,asmeta,25,6,150,4,80.0
12258,test_15_10,asmeta,15,10,150,5,55.0
12259,test_25_6,asmeta,25,6,150,5,60.0
12260,test_15_10,asmeta,15,10,150,6,44.0
12261,test_25_6,asmeta,25,6,150,6,42.0
12262,test_15_10,asmeta,15,10,150,7,48.0
12263,test_25_6,asmeta,25,6,150,7,43.0
12264,test_15_10,asmeta,15,10,150,8,48.0
12265,test_25_6,asmeta,25,6,150,8,47.0
12266,test_15_10,asmeta,15,10,150,9,45.0
12267,test_25_6,asmeta,25,6,150,9,44.0
12268,test_15_10,asmeta,15,10,150,10,40.0
12269,test_25_6,asmeta,25,6,150,10,38.0
12270,test_15_10,asmeta,15,10,150,11,47.0
12271,test_25_6,asmeta,25,6,150,11,44.0
12272,test_15_10,asmeta,15,10,150,12,44.0
12273,test_25_6,asmeta,25,6,150,12,38.0
12274,test_15_10,asmeta,15,10,150,13,40.0
12275,test_25_6,asmeta,25,6,150,13,38.0
12276,test_15_10,asmeta,15,10,150,14,45.0
12277,test_25_6,asmeta,25,6,150,14,42.0
12278,test_15_10,asmeta,15,10,150,15,41.0
12279,test_25_6,asmeta,25,6,150,15,37.0
12280,test_15_10,asmeta,15,10,150,16,40.0
12281,test_25_6,asmeta,25,6,150,16,38.0
12282,test_15_10,asmeta,15,10,150,17,42.0
12283,test_25_6,asmeta,25,6,150,17,39.0
12284,test_15_10,asmeta,15,10,150,18,41.0
12285,test_25_6,asmeta,25,6,150,18,57.0
12286,test_15_10,asmeta,15,10,150,19,39.0
12287,test_25_6,asmeta,25,6,150,19,52.0
12288,test_15_10,asmeta,15,10,150,20,43.0
12289,test_25_6,asmeta,25,6,150,20,38.0
12290,test_15_10,asmeta,15,10,150,21,40.0
12291,test_25_6,asmeta,25,6,150,21,38.0
12292,test_15_10,asmeta,15,10,150,22,40.0
12293,test_25_6,asmeta,25,6,150,22,38.0
12294,test_15_10,asmeta,15,10,150,23,39.0
12295,test_25_6,asmeta,25,6,150,23,37.0
12296,test_15_10,asmeta,15,10,150,24,41.0
12297,test_25_6,asmeta,25,6,150,24,39.0
12298,test_15_10,asmeta,15,10,150,25,38.0
12299,test_25_6,asmeta,25,6,150,25,40.0
12300,test_15_10,asmeta,15,10,150,26,39.0
12301,test_25_6,asmeta,25,6,150,26,36.0
12302,test_15_10,asmeta,15,10,150,27,43.0
12303,test_25_6,asmeta,25,6,150,27,37.0
12304,test_15_10,asmeta,15,10,150,28,39.0
12305,test_25_6,asmeta,25,6,150,28,38.0
12306,test_15_10,asmeta,15,10,150,29,45.0
12307,test_25_6,asmeta,25,6,150,29,41.0
12308,test_15_10,asmeta,15,10,150,30,56.0
12309,test_25_6,asmeta,25,6,150,30,37.0
12310,test_15_10,asmeta,15,10,150,31,58.0
12311,test_25_6,asmeta,25,6,150,31,37.0
12312,test_15_10,asmeta,15,10,150,32,38.0
12313,test_25_6,asmeta,25,6,150,32,37.0
12314,test_15_10,asmeta,15,10,150,33,38.0
12315,test_25_6,asmeta,25,6,150,33,42.0
12316,test_15_10,asmeta,15,10,150,34,45.0
12317,test_25_6,asmeta,25,6,150,34,37.0
12318,test_15_10,asmeta,15,10,150,35,39.0
12319,test_25_6,asmeta,25,6,150,35,37.0
12320,test_15_10,asmeta,15,10,150,36,39.0
12321,test_25_6,asmeta,25,6,150,36,37.0
12322,test_15_10,asmeta,15,10,150,37,38.0
12323,test_25_6,asmeta,25,6,150,37,41.0
12324,test_15_10,asmeta,15,10,150,38,42.0
12325,test_25_6,asmeta,25,6,150,38,38.0
12326,test_15_10,asmeta,15,10,150,39,39.0
12327,test_25_6,asmeta,25,6,150,39,37.0
12328,test_15_10,asmeta,15,10,150,40,40.0
12329,test_25_6,asmeta,25,6,150,40,37.0
12330,test_15_10,asmeta,15,10,150,41,41.0
12331,test_25_6,asmeta,25,6,150,41,41.0
12332,test_15_10,asmeta,15,10,150,42,38.0
12333,test_25_6,asmeta,25,6,150,42,37.0
12334,test_15_10,asmeta,15,10,150,43,38.0
12335,test_25_6,asmeta,25,6,150,43,36.0
12336,test_15_10,asmeta,15,10,150,44,40.0
12337,test_25_6,asmeta,25,6,150,44,36.0
12338,test_15_10,asmeta,15,10,150,45,42.0
12339,test_25_6,asmeta,25,6,150,45,40.0
12340,test_15_10,asmeta,15,10,150,46,39.0
12341,test_25_6,asmeta,25,6,150,46,36.0
12342,test_15_10,asmeta,15,10,150,47,39.0
12343,test_25_6,asmeta,25,6,150,47,38.0
12344,test_15_10,asmeta,15,10,150,48,39.0
12345,test_25_6,asmeta,25,6,150,48,36.0
12346,test_15_10,asmeta,15,10,150,49,41.0
12347,test_25_6,asmeta,25,6,150,49,39.0
12348,test_15_10,asmeta,15,10,150,50,37.0
12349,test_25_6,asmeta,25,6,150,50,38.0
12350,test_10_16,asmeta,10,16,160,1,263.0
12351,test_20_8,asmeta,20,8,160,1,179.0
12352,test_40_4,asmeta,40,4,160,1,165.0
12353,test_10_16,asmeta,10,16,160,2,110.0
12354,test_20_8,asmeta,20,8,160,2,100.0
12355,test_40_4,asmeta,40,4,160,2,80.0
12356,test_10_16,asmeta,10,16,160,3,82.0
12357,test_20_8,asmeta,20,8,160,3,103.0
12358,test_40_4,asmeta,40,4,160,3,88.0
12359,test_10_16,asmeta,10,16,160,4,50.0
12360,test_20_8,asmeta,20,8,160,4,81.0
12361,test_40_4,asmeta,40,4,160,4,77.0
12362,test_10_16,asmeta,10,16,160,5,45.0
12363,test_20_8,asmeta,20,8,160,5,53.0
12364,test_40_4,asmeta,40,4,160,5,77.0
12365,test_10_16,asmeta,10,16,160,6,46.0
12366,test_20_8,asmeta,20,8,160,6,55.0
12367,test_40_4,asmeta,40,4,160,6,49.0
12368,test_10_16,asmeta,10,16,160,7,47.0
12369,test_20_8,asmeta,20,8,160,7,55.0
12370,test_40_4,asmeta,40,4,160,7,56.0
12371,test_10_16,asmeta,10,16,160,8,48.0
12372,test_20_8,asmeta,20,8,160,8,55.0
12373,test_40_4,asmeta,40,4,160,8,52.0
12374,test_10_16,asmeta,10,16,160,9,46.0
12375,test_20_8,asmeta,20,8,160,9,51.0
12376,test_40_4,asmeta,40,4,160,9,45.0
12377,test_10_16,asmeta,10,16,160,10,43.0
12378,test_20_8,asmeta,20,8,160,10,51.0
12379,test_40_4,asmeta,40,4,160,10,44.0
12380,test_10_16,asmeta,10,16,160,11,46.0
12381,test_20_8,asmeta,20,8,160,11,46.0
12382,test_40_4,asmeta,40,4,160,11,48.0
12383,test_10_16,asmeta,10,16,160,12,42.0
12384,test_20_8,asmeta,20,8,160,12,45.0
12385,test_40_4,asmeta,40,4,160,12,44.0
12386,test_10_16,asmeta,10,16,160,13,43.0
12387,test_20_8,asmeta,20,8,160,13,49.0
12388,test_40_4,asmeta,40,4,160,13,43.0
12389,test_10_16,asmeta,10,16,160,14,42.0
12390,test_20_8,asmeta,20,8,160,14,45.0
12391,test_40_4,asmeta,40,4,160,14,46.0
12392,test_10_16,asmeta,10,16,160,15,44.0
12393,test_20_8,asmeta,20,8,160,15,43.0
12394,test_40_4,asmeta,40,4,160,15,44.0
12395,test_10_16,asmeta,10,16,160,16,46.0
12396,test_20_8,asmeta,20,8,160,16,67.0
12397,test_40_4,asmeta,40,4,160,16,45.0
12398,test_10_16,asmeta,10,16,160,17,42.0
12399,test_20_8,asmeta,20,8,160,17,60.0
12400,test_40_4,asmeta,40,4,160,17,48.0
12401,test_10_16,asmeta,10,16,160,18,42.0
12402,test_20_8,asmeta,20,8,160,18,45.0
12403,test_40_4,asmeta,40,4,160,18,42.0
12404,test_10_16,asmeta,10,16,160,19,45.0
12405,test_20_8,asmeta,20,8,160,19,49.0
12406,test_40_4,asmeta,40,4,160,19,44.0
12407,test_10_16,asmeta,10,16,160,20,42.0
12408,test_20_8,asmeta,20,8,160,20,46.0
12409,test_40_4,asmeta,40,4,160,20,46.0
12410,test_10_16,asmeta,10,16,160,21,43.0
12411,test_20_8,asmeta,20,8,160,21,47.0
12412,test_40_4,asmeta,40,4,160,21,43.0
12413,test_10_16,asmeta,10,16,160,22,44.0
12414,test_20_8,asmeta,20,8,160,22,44.0
12415,test_40_4,asmeta,40,4,160,22,42.0
12416,test_10_16,asmeta,10,16,160,23,41.0
12417,test_20_8,asmeta,20,8,160,23,49.0
12418,test_40_4,asmeta,40,4,160,23,48.0
12419,test_10_16,asmeta,10,16,160,24,44.0
12420,test_20_8,asmeta,20,8,160,24,44.0
12421,test_40_4,asmeta,40,4,160,24,41.0
12422,test_10_16,asmeta,10,16,160,25,41.0
12423,test_20_8,asmeta,20,8,160,25,42.0
12424,test_40_4,asmeta,40,4,160,25,42.0
12425,test_10_16,asmeta,10,16,160,26,41.0
12426,test_20_8,asmeta,20,8,160,26,50.0
12427,test_40_4,asmeta,40,4,160,26,46.0
12428,test_10_16,asmeta,10,16,160,27,44.0
12429,test_20_8,asmeta,20,8,160,27,46.0
12430,test_40_4,asmeta,40,4,160,27,41.0
12431,test_10_16,asmeta,10,16,160,28,41.0
12432,test_20_8,asmeta,20,8,160,28,48.0
12433,test_40_4,asmeta,40,4,160,28,42.0
12434,test_10_16,asmeta,10,16,160,29,41.0
12435,test_20_8,asmeta,20,8,160,29,45.0
12436,test_40_4,asmeta,40,4,160,29,62.0
12437,test_10_16,asmeta,10,16,160,30,44.0
12438,test_20_8,asmeta,20,8,160,30,48.0
12439,test_40_4,asmeta,40,4,160,30,54.0
12440,test_10_16,asmeta,10,16,160,31,41.0
12441,test_20_8,asmeta,20,8,160,31,44.0
12442,test_40_4,asmeta,40,4,160,31,42.0
12443,test_10_16,asmeta,10,16,160,32,40.0
12444,test_20_8,asmeta,20,8,160,32,44.0
12445,test_40_4,asmeta,40,4,160,32,46.0
12446,test_10_16,asmeta,10,16,160,33,41.0
12447,test_20_8,asmeta,20,8,160,33,50.0
12448,test_40_4,asmeta,40,4,160,33,42.0
12449,test_10_16,asmeta,10,16,160,34,42.0
12450,test_20_8,asmeta,20,8,160,34,45.0
12451,test_40_4,asmeta,40,4,160,34,42.0
12452,test_10_16,asmeta,10,16,160,35,43.0
12453,test_20_8,asmeta,20,8,160,35,45.0
12454,test_40_4,asmeta,40,4,160,35,43.0
12455,test_10_16,asmeta,10,16,160,36,41.0
12456,test_20_8,asmeta,20,8,160,36,44.0
12457,test_40_4,asmeta,40,4,160,36,44.0
12458,test_10_16,asmeta,10,16,160,37,41.0
12459,test_20_8,asmeta,20,8,160,37,71.0
12460,test_40_4,asmeta,40,4,160,37,43.0
12461,test_10_16,asmeta,10,16,160,38,43.0
12462,test_20_8,asmeta,20,8,160,38,60.0
12463,test_40_4,asmeta,40,4,160,38,41.0
12464,test_10_16,asmeta,10,16,160,39,41.0
12465,test_20_8,asmeta,20,8,160,39,43.0
12466,test_40_4,asmeta,40,4,160,39,45.0
12467,test_10_16,asmeta,10,16,160,40,40.0
12468,test_20_8,asmeta,20,8,160,40,43.0
12469,test_40_4,asmeta,40,4,160,40,44.0
12470,test_10_16,asmeta,10,16,160,41,40.0
12471,test_20_8,asmeta,20,8,160,41,48.0
12472,test_40_4,asmeta,40,4,160,41,45.0
12473,test_10_16,asmeta,10,16,160,42,41.0
12474,test_20_8,asmeta,20,8,160,42,43.0
12475,test_40_4,asmeta,40,4,160,42,41.0
12476,test_10_16,asmeta,10,16,160,43,44.0
12477,test_20_8,asmeta,20,8,160,43,43.0
12478,test_40_4,asmeta,40,4,160,43,45.0
12479,test_10_16,asmeta,10,16,160,44,41.0
12480,test_20_8,asmeta,20,8,160,44,43.0
12481,test_40_4,asmeta,40,4,160,44,41.0
12482,test_10_16,asmeta,10,16,160,45,42.0
12483,test_20_8,asmeta,20,8,160,45,48.0
12484,test_40_4,asmeta,40,4,160,45,43.0
12485,test_10_16,asmeta,10,16,160,46,43.0
12486,test_20_8,asmeta,20,8,160,46,42.0
12487,test_40_4,asmeta,40,4,160,46,45.0
12488,test_10_16,asmeta,10,16,160,47,40.0
12489,test_20_8,asmeta,20,8,160,47,41.0
12490,test_40_4,asmeta,40,4,160,47,42.0
12491,test_10_16,asmeta,10,16,160,48,40.0
12492,test_20_8,asmeta,20,8,160,48,43.0
12493,test_40_4,asmeta,40,4,160,48,42.0
12494,test_10_16,asmeta,10,16,160,49,42.0
12495,test_20_8,asmeta,20,8,160,49,46.0
12496,test_40_4,asmeta,40,4,160,49,41.0
12497,test_10_16,asmeta,10,16,160,50,41.0
12498,test_20_8,asmeta,20,8,160,50,42.0
12499,test_40_4,asmeta,40,4,160,50,43.0
12500,test_10_18,asmeta,10,18,180,1,333.0
12501,test_15_12,asmeta,15,12,180,1,226.0
12502,test_30_6,asmeta,30,6,180,1,193.0
12503,test_45_4,asmeta,45,4,180,1,178.0
12504,test_10_18,asmeta,10,18,180,2,118.0
12505,test_15_12,asmeta,15,12,180,2,124.0
12506,test_30_6,asmeta,30,6,180,2,113.0
12507,test_45_4,asmeta,45,4,180,2,96.0
12508,test_10_18,asmeta,10,18,180,3,81.0
12509,test_15_12,asmeta,15,12,180,3,119.0
12510,test_30_6,asmeta,30,6,180,3,123.0
12511,test_45_4,asmeta,45,4,180,3,119.0
12512,test_10_18,asmeta,10,18,180,4,65.0
12513,test_15_12,asmeta,15,12,180,4,89.0
12514,test_30_6,asmeta,30,6,180,4,103.0
12515,test_45_4,asmeta,45,4,180,4,102.0
12516,test_10_18,asmeta,10,18,180,5,56.0
12517,test_15_12,asmeta,15,12,180,5,64.0
12518,test_30_6,asmeta,30,6,180,5,69.0
12519,test_45_4,asmeta,45,4,180,5,59.0
12520,test_10_18,asmeta,10,18,180,6,64.0
12521,test_15_12,asmeta,15,12,180,6,62.0
12522,test_30_6,asmeta,30,6,180,6,58.0
12523,test_45_4,asmeta,45,4,180,6,63.0
12524,test_10_18,asmeta,10,18,180,7,56.0
12525,test_15_12,asmeta,15,12,180,7,60.0
12526,test_30_6,asmeta,30,6,180,7,60.0
12527,test_45_4,asmeta,45,4,180,7,64.0
12528,test_10_18,asmeta,10,18,180,8,56.0
12529,test_15_12,asmeta,15,12,180,8,63.0
12530,test_30_6,asmeta,30,6,180,8,55.0
12531,test_45_4,asmeta,45,4,180,8,56.0
12532,test_10_18,asmeta,10,18,180,9,54.0
12533,test_15_12,asmeta,15,12,180,9,67.0
12534,test_30_6,asmeta,30,6,180,9,61.0
12535,test_45_4,asmeta,45,4,180,9,58.0
12536,test_10_18,asmeta,10,18,180,10,54.0
12537,test_15_12,asmeta,15,12,180,10,55.0
12538,test_30_6,asmeta,30,6,180,10,57.0
12539,test_45_4,asmeta,45,4,180,10,59.0
12540,test_10_18,asmeta,10,18,180,11,59.0
12541,test_15_12,asmeta,15,12,180,11,61.0
12542,test_30_6,asmeta,30,6,180,11,57.0
12543,test_45_4,asmeta,45,4,180,11,57.0
12544,test_10_18,asmeta,10,18,180,12,52.0
12545,test_15_12,asmeta,15,12,180,12,54.0
12546,test_30_6,asmeta,30,6,180,12,54.0
12547,test_45_4,asmeta,45,4,180,12,57.0
12548,test_10_18,asmeta,10,18,180,13,56.0
12549,test_15_12,asmeta,15,12,180,13,62.0
12550,test_30_6,asmeta,30,6,180,13,54.0
12551,test_45_4,asmeta,45,4,180,13,55.0
12552,test_10_18,asmeta,10,18,180,14,54.0
12553,test_15_12,asmeta,15,12,180,14,56.0
12554,test_30_6,asmeta,30,6,180,14,59.0
12555,test_45_4,asmeta,45,4,180,14,60.0
12556,test_10_18,asmeta,10,18,180,15,74.0
12557,test_15_12,asmeta,15,12,180,15,54.0
12558,test_30_6,asmeta,30,6,180,15,54.0
12559,test_45_4,asmeta,45,4,180,15,55.0
12560,test_10_18,asmeta,10,18,180,16,87.0
12561,test_15_12,asmeta,15,12,180,16,82.0
12562,test_30_6,asmeta,30,6,180,16,65.0
12563,test_45_4,asmeta,45,4,180,16,61.0
12564,test_10_18,asmeta,10,18,180,17,54.0
12565,test_15_12,asmeta,15,12,180,17,55.0
12566,test_30_6,asmeta,30,6,180,17,79.0
12567,test_45_4,asmeta,45,4,180,17,84.0
12568,test_10_18,asmeta,10,18,180,18,59.0
12569,test_15_12,asmeta,15,12,180,18,60.0
12570,test_30_6,asmeta,30,6,180,18,53.0
12571,test_45_4,asmeta,45,4,180,18,60.0
12572,test_10_18,asmeta,10,18,180,19,53.0
12573,test_15_12,asmeta,15,12,180,19,54.0
12574,test_30_6,asmeta,30,6,180,19,58.0
12575,test_45_4,asmeta,45,4,180,19,52.0
12576,test_10_18,asmeta,10,18,180,20,53.0
12577,test_15_12,asmeta,15,12,180,20,52.0
12578,test_30_6,asmeta,30,6,180,20,53.0
12579,test_45_4,asmeta,45,4,180,20,52.0
12580,test_10_18,asmeta,10,18,180,21,57.0
12581,test_15_12,asmeta,15,12,180,21,56.0
12582,test_30_6,asmeta,30,6,180,21,57.0
12583,test_45_4,asmeta,45,4,180,21,54.0
12584,test_10_18,asmeta,10,18,180,22,51.0
12585,test_15_12,asmeta,15,12,180,22,52.0
12586,test_30_6,asmeta,30,6,180,22,58.0
12587,test_45_4,asmeta,45,4,180,22,51.0
12588,test_10_18,asmeta,10,18,180,23,52.0
12589,test_15_12,asmeta,15,12,180,23,54.0
12590,test_30_6,asmeta,30,6,180,23,54.0
12591,test_45_4,asmeta,45,4,180,23,56.0
12592,test_10_18,asmeta,10,18,180,24,55.0
12593,test_15_12,asmeta,15,12,180,24,57.0
12594,test_30_6,asmeta,30,6,180,24,54.0
12595,test_45_4,asmeta,45,4,180,24,53.0
12596,test_10_18,asmeta,10,18,180,25,51.0
12597,test_15_12,asmeta,15,12,180,25,52.0
12598,test_30_6,asmeta,30,6,180,25,57.0
12599,test_45_4,asmeta,45,4,180,25,53.0
12600,test_10_18,asmeta,10,18,180,26,53.0
12601,test_15_12,asmeta,15,12,180,26,53.0
12602,test_30_6,asmeta,30,6,180,26,54.0
12603,test_45_4,asmeta,45,4,180,26,56.0
12604,test_10_18,asmeta,10,18,180,27,55.0
12605,test_15_12,asmeta,15,12,180,27,56.0
12606,test_30_6,asmeta,30,6,180,27,54.0
12607,test_45_4,asmeta,45,4,180,27,53.0
12608,test_10_18,asmeta,10,18,180,28,51.0
12609,test_15_12,asmeta,15,12,180,28,53.0
12610,test_30_6,asmeta,30,6,180,28,57.0
12611,test_45_4,asmeta,45,4,180,28,53.0
12612,test_10_18,asmeta,10,18,180,29,52.0
12613,test_15_12,asmeta,15,12,180,29,53.0
12614,test_30_6,asmeta,30,6,180,29,54.0
12615,test_45_4,asmeta,45,4,180,29,56.0
12616,test_10_18,asmeta,10,18,180,30,54.0
12617,test_15_12,asmeta,15,12,180,30,52.0
12618,test_30_6,asmeta,30,6,180,30,53.0
12619,test_45_4,asmeta,45,4,180,30,54.0
12620,test_10_18,asmeta,10,18,180,31,51.0
12621,test_15_12,asmeta,15,12,180,31,52.0
12622,test_30_6,asmeta,30,6,180,31,56.0
12623,test_45_4,asmeta,45,4,180,31,52.0
12624,test_10_18,asmeta,10,18,180,32,51.0
12625,test_15_12,asmeta,15,12,180,32,54.0
12626,test_30_6,asmeta,30,6,180,32,52.0
12627,test_45_4,asmeta,45,4,180,32,54.0
12628,test_10_18,asmeta,10,18,180,33,54.0
12629,test_15_12,asmeta,15,12,180,33,53.0
12630,test_30_6,asmeta,30,6,180,33,53.0
12631,test_45_4,asmeta,45,4,180,33,51.0
12632,test_10_18,asmeta,10,18,180,34,52.0
12633,test_15_12,asmeta,15,12,180,34,54.0
12634,test_30_6,asmeta,30,6,180,34,52.0
12635,test_45_4,asmeta,45,4,180,34,52.0
12636,test_10_18,asmeta,10,18,180,35,51.0
12637,test_15_12,asmeta,15,12,180,35,54.0
12638,test_30_6,asmeta,30,6,180,35,53.0
12639,test_45_4,asmeta,45,4,180,35,53.0
12640,test_10_18,asmeta,10,18,180,36,55.0
12641,test_15_12,asmeta,15,12,180,36,52.0
12642,test_30_6,asmeta,30,6,180,36,55.0
12643,test_45_4,asmeta,45,4,180,36,52.0
12644,test_10_18,asmeta,10,18,180,37,53.0
12645,test_15_12,asmeta,15,12,180,37,53.0
12646,test_30_6,asmeta,30,6,180,37,53.0
12647,test_45_4,asmeta,45,4,180,37,51.0
12648,test_10_18,asmeta,10,18,180,38,50.0
12649,test_15_12,asmeta,15,12,180,38,54.0
12650,test_30_6,asmeta,30,6,180,38,55.0
12651,test_45_4,asmeta,45,4,180,38,53.0
12652,test_10_18,asmeta,10,18,180,39,53.0
12653,test_15_12,asmeta,15,12,180,39,53.0
12654,test_30_6,asmeta,30,6,180,39,56.0
12655,test_45_4,asmeta,45,4,180,39,51.0
12656,test_10_18,asmeta,10,18,180,40,51.0
12657,test_15_12,asmeta,15,12,180,40,51.0
12658,test_30_6,asmeta,30,6,180,40,51.0
12659,test_45_4,asmeta,45,4,180,40,50.0
12660,test_10_18,asmeta,10,18,180,41,50.0
12661,test_15_12,asmeta,15,12,180,41,54.0
12662,test_30_6,asmeta,30,6,180,41,53.0
12663,test_45_4,asmeta,45,4,180,41,55.0
12664,test_10_18,asmeta,10,18,180,42,55.0
12665,test_15_12,asmeta,15,12,180,42,52.0
12666,test_30_6,asmeta,30,6,180,42,54.0
12667,test_45_4,asmeta,45,4,180,42,50.0
12668,test_10_18,asmeta,10,18,180,43,52.0
12669,test_15_12,asmeta,15,12,180,43,52.0
12670,test_30_6,asmeta,30,6,180,43,53.0
12671,test_45_4,asmeta,45,4,180,43,51.0
12672,test_10_18,asmeta,10,18,180,44,53.0
12673,test_15_12,asmeta,15,12,180,44,54.0
12674,test_30_6,asmeta,30,6,180,44,53.0
12675,test_45_4,asmeta,45,4,180,44,53.0
12676,test_10_18,asmeta,10,18,180,45,55.0
12677,test_15_12,asmeta,15,12,180,45,52.0
12678,test_30_6,asmeta,30,6,180,45,54.0
12679,test_45_4,asmeta,45,4,180,45,50.0
12680,test_10_18,asmeta,10,18,180,46,52.0
12681,test_15_12,asmeta,15,12,180,46,52.0
12682,test_30_6,asmeta,30,6,180,46,52.0
12683,test_45_4,asmeta,45,4,180,46,51.0
12684,test_10_18,asmeta,10,18,180,47,52.0
12685,test_15_12,asmeta,15,12,180,47,53.0
12686,test_30_6,asmeta,30,6,180,47,52.0
12687,test_45_4,asmeta,45,4,180,47,52.0
12688,test_10_18,asmeta,10,18,180,48,56.0
12689,test_15_12,asmeta,15,12,180,48,51.0
12690,test_30_6,asmeta,30,6,180,48,53.0
12691,test_45_4,asmeta,45,4,180,48,53.0
12692,test_10_18,asmeta,10,18,180,49,52.0
12693,test_15_12,asmeta,15,12,180,49,51.0
12694,test_30_6,asmeta,30,6,180,49,51.0
12695,test_45_4,asmeta,45,4,180,49,50.0
12696,test_10_18,asmeta,10,18,180,50,54.0
12697,test_15_12,asmeta,15,12,180,50,51.0
12698,test_30_6,asmeta,30,6,180,50,52.0
12699,test_45_4,asmeta,45,4,180,50,52.0
12700,test_10_20,asmeta,10,20,200,1,416.0
12701,test_20_10,asmeta,20,10,200,1,249.0
12702,test_25_8,asmeta,25,8,200,1,209.0
12703,test_50_4,asmeta,50,4,200,1,207.0
12704,test_10_20,asmeta,10,20,200,2,112.0
12705,test_20_10,asmeta,20,10,200,2,166.0
12706,test_25_8,asmeta,25,8,200,2,147.0
12707,test_50_4,asmeta,50,4,200,2,130.0
12708,test_10_20,asmeta,10,20,200,3,87.0
12709,test_20_10,asmeta,20,10,200,3,96.0
12710,test_25_8,asmeta,25,8,200,3,127.0
12711,test_50_4,asmeta,50,4,200,3,128.0
12712,test_10_20,asmeta,10,20,200,4,70.0
12713,test_20_10,asmeta,20,10,200,4,80.0
12714,test_25_8,asmeta,25,8,200,4,97.0
12715,test_50_4,asmeta,50,4,200,4,105.0
12716,test_10_20,asmeta,10,20,200,5,72.0
12717,test_20_10,asmeta,20,10,200,5,81.0
12718,test_25_8,asmeta,25,8,200,5,74.0
12719,test_50_4,asmeta,50,4,200,5,77.0
12720,test_10_20,asmeta,10,20,200,6,70.0
12721,test_20_10,asmeta,20,10,200,6,74.0
12722,test_25_8,asmeta,25,8,200,6,77.0
12723,test_50_4,asmeta,50,4,200,6,79.0
12724,test_10_20,asmeta,10,20,200,7,69.0
12725,test_20_10,asmeta,20,10,200,7,73.0
12726,test_25_8,asmeta,25,8,200,7,72.0
12727,test_50_4,asmeta,50,4,200,7,71.0
12728,test_10_20,asmeta,10,20,200,8,72.0
12729,test_20_10,asmeta,20,10,200,8,76.0
12730,test_25_8,asmeta,25,8,200,8,72.0
12731,test_50_4,asmeta,50,4,200,8,77.0
12732,test_10_20,asmeta,10,20,200,9,66.0
12733,test_20_10,asmeta,20,10,200,9,69.0
12734,test_25_8,asmeta,25,8,200,9,71.0
12735,test_50_4,asmeta,50,4,200,9,79.0
12736,test_10_20,asmeta,10,20,200,10,73.0
12737,test_20_10,asmeta,20,10,200,10,75.0
12738,test_25_8,asmeta,25,8,200,10,73.0
12739,test_50_4,asmeta,50,4,200,10,74.0
12740,test_10_20,asmeta,10,20,200,11,66.0
12741,test_20_10,asmeta,20,10,200,11,112.0
12742,test_25_8,asmeta,25,8,200,11,69.0
12743,test_50_4,asmeta,50,4,200,11,70.0
12744,test_10_20,asmeta,10,20,200,12,102.0
12745,test_20_10,asmeta,20,10,200,12,67.0
12746,test_25_8,asmeta,25,8,200,12,94.0
12747,test_50_4,asmeta,50,4,200,12,84.0
12748,test_10_20,asmeta,10,20,200,13,94.0
12749,test_20_10,asmeta,20,10,200,13,74.0
12750,test_25_8,asmeta,25,8,200,13,72.0
12751,test_50_4,asmeta,50,4,200,13,103.0
12752,test_10_20,asmeta,10,20,200,14,71.0
12753,test_20_10,asmeta,20,10,200,14,72.0
12754,test_25_8,asmeta,25,8,200,14,70.0
12755,test_50_4,asmeta,50,4,200,14,67.0
12756,test_10_20,asmeta,10,20,200,15,66.0
12757,test_20_10,asmeta,20,10,200,15,73.0
12758,test_25_8,asmeta,25,8,200,15,67.0
12759,test_50_4,asmeta,50,4,200,15,72.0
12760,test_10_20,asmeta,10,20,200,16,69.0
12761,test_20_10,asmeta,20,10,200,16,70.0
12762,test_25_8,asmeta,25,8,200,16,70.0
12763,test_50_4,asmeta,50,4,200,16,68.0
12764,test_10_20,asmeta,10,20,200,17,71.0
12765,test_20_10,asmeta,20,10,200,17,67.0
12766,test_25_8,asmeta,25,8,200,17,71.0
12767,test_50_4,asmeta,50,4,200,17,83.0
12768,test_10_20,asmeta,10,20,200,18,65.0
12769,test_20_10,asmeta,20,10,200,18,74.0
12770,test_25_8,asmeta,25,8,200,18,67.0
12771,test_50_4,asmeta,50,4,200,18,65.0
12772,test_10_20,asmeta,10,20,200,19,68.0
12773,test_20_10,asmeta,20,10,200,19,70.0
12774,test_25_8,asmeta,25,8,200,19,70.0
12775,test_50_4,asmeta,50,4,200,19,67.0
12776,test_10_20,asmeta,10,20,200,20,65.0
12777,test_20_10,asmeta,20,10,200,20,83.0
12778,test_25_8,asmeta,25,8,200,20,68.0
12779,test_50_4,asmeta,50,4,200,20,71.0
12780,test_10_20,asmeta,10,20,200,21,64.0
12781,test_20_10,asmeta,20,10,200,21,94.0
12782,test_25_8,asmeta,25,8,200,21,70.0
12783,test_50_4,asmeta,50,4,200,21,69.0
12784,test_10_20,asmeta,10,20,200,22,67.0
12785,test_20_10,asmeta,20,10,200,22,71.0
12786,test_25_8,asmeta,25,8,200,22,65.0
12787,test_50_4,asmeta,50,4,200,22,66.0
12788,test_10_20,asmeta,10,20,200,23,64.0
12789,test_20_10,asmeta,20,10,200,23,75.0
12790,test_25_8,asmeta,25,8,200,23,68.0
12791,test_50_4,asmeta,50,4,200,23,70.0
12792,test_10_20,asmeta,10,20,200,24,67.0
12793,test_20_10,asmeta,20,10,200,24,69.0
12794,test_25_8,asmeta,25,8,200,24,74.0
12795,test_50_4,asmeta,50,4,200,24,66.0
12796,test_10_20,asmeta,10,20,200,25,64.0
12797,test_20_10,asmeta,20,10,200,25,67.0
12798,test_25_8,asmeta,25,8,200,25,66.0
12799,test_50_4,asmeta,50,4,200,25,69.0
12800,test_10_20,asmeta,10,20,200,26,63.0
12801,test_20_10,asmeta,20,10,200,26,73.0
12802,test_25_8,asmeta,25,8,200,26,69.0
12803,test_50_4,asmeta,50,4,200,26,67.0
12804,test_10_20,asmeta,10,20,200,27,67.0
12805,test_20_10,asmeta,20,10,200,27,67.0
12806,test_25_8,asmeta,25,8,200,27,68.0
12807,test_50_4,asmeta,50,4,200,27,67.0
12808,test_10_20,asmeta,10,20,200,28,64.0
12809,test_20_10,asmeta,20,10,200,28,68.0
12810,test_25_8,asmeta,25,8,200,28,68.0
12811,test_50_4,asmeta,50,4,200,28,69.0
12812,test_10_20,asmeta,10,20,200,29,63.0
12813,test_20_10,asmeta,20,10,200,29,69.0
12814,test_25_8,asmeta,25,8,200,29,68.0
12815,test_50_4,asmeta,50,4,200,29,66.0
12816,test_10_20,asmeta,10,20,200,30,64.0
12817,test_20_10,asmeta,20,10,200,30,65.0
12818,test_25_8,asmeta,25,8,200,30,68.0
12819,test_50_4,asmeta,50,4,200,30,68.0
12820,test_10_20,asmeta,10,20,200,31,64.0
12821,test_20_10,asmeta,20,10,200,31,65.0
12822,test_25_8,asmeta,25,8,200,31,69.0
12823,test_50_4,asmeta,50,4,200,31,66.0
12824,test_10_20,asmeta,10,20,200,32,67.0
12825,test_20_10,asmeta,20,10,200,32,69.0
12826,test_25_8,asmeta,25,8,200,32,66.0
12827,test_50_4,asmeta,50,4,200,32,68.0
12828,test_10_20,asmeta,10,20,200,33,63.0
12829,test_20_10,asmeta,20,10,200,33,64.0
12830,test_25_8,asmeta,25,8,200,33,69.0
12831,test_50_4,asmeta,50,4,200,33,68.0
12832,test_10_20,asmeta,10,20,200,34,64.0
12833,test_20_10,asmeta,20,10,200,34,66.0
12834,test_25_8,asmeta,25,8,200,34,68.0
12835,test_50_4,asmeta,50,4,200,34,65.0
12836,test_10_20,asmeta,10,20,200,35,63.0
12837,test_20_10,asmeta,20,10,200,35,68.0
12838,test_25_8,asmeta,25,8,200,35,68.0
12839,test_50_4,asmeta,50,4,200,35,65.0
12840,test_10_20,asmeta,10,20,200,36,65.0
12841,test_20_10,asmeta,20,10,200,36,63.0
12842,test_25_8,asmeta,25,8,200,36,66.0
12843,test_50_4,asmeta,50,4,200,36,67.0
12844,test_10_20,asmeta,10,20,200,37,68.0
12845,test_20_10,asmeta,20,10,200,37,65.0
12846,test_25_8,asmeta,25,8,200,37,64.0
12847,test_50_4,asmeta,50,4,200,37,66.0
12848,test_10_20,asmeta,10,20,200,38,67.0
12849,test_20_10,asmeta,20,10,200,38,68.0
12850,test_25_8,asmeta,25,8,200,38,68.0
12851,test_50_4,asmeta,50,4,200,38,67.0
12852,test_10_20,asmeta,10,20,200,39,64.0
12853,test_20_10,asmeta,20,10,200,39,66.0
12854,test_25_8,asmeta,25,8,200,39,68.0
12855,test_50_4,asmeta,50,4,200,39,66.0
12856,test_10_20,asmeta,10,20,200,40,69.0
12857,test_20_10,asmeta,20,10,200,40,65.0
12858,test_25_8,asmeta,25,8,200,40,67.0
12859,test_50_4,asmeta,50,4,200,40,66.0
12860,test_10_20,asmeta,10,20,200,41,64.0
12861,test_20_10,asmeta,20,10,200,41,67.0
12862,test_25_8,asmeta,25,8,200,41,66.0
12863,test_50_4,asmeta,50,4,200,41,67.0
12864,test_10_20,asmeta,10,20,200,42,68.0
12865,test_20_10,asmeta,20,10,200,42,64.0
12866,test_25_8,asmeta,25,8,200,42,65.0
12867,test_50_4,asmeta,50,4,200,42,66.0
12868,test_10_20,asmeta,10,20,200,43,66.0
12869,test_20_10,asmeta,20,10,200,43,64.0
12870,test_25_8,asmeta,25,8,200,43,68.0
12871,test_50_4,asmeta,50,4,200,43,66.0
12872,test_10_20,asmeta,10,20,200,44,65.0
12873,test_20_10,asmeta,20,10,200,44,67.0
12874,test_25_8,asmeta,25,8,200,44,65.0
12875,test_50_4,asmeta,50,4,200,44,67.0
12876,test_10_20,asmeta,10,20,200,45,68.0
12877,test_20_10,asmeta,20,10,200,45,64.0
12878,test_25_8,asmeta,25,8,200,45,66.0
12879,test_50_4,asmeta,50,4,200,45,65.0
12880,test_10_20,asmeta,10,20,200,46,64.0
12881,test_20_10,asmeta,20,10,200,46,65.0
12882,test_25_8,asmeta,25,8,200,46,69.0
12883,test_50_4,asmeta,50,4,200,46,68.0
12884,test_10_20,asmeta,10,20,200,47,68.0
12885,test_20_10,asmeta,20,10,200,47,67.0
12886,test_25_8,asmeta,25,8,200,47,64.0
12887,test_50_4,asmeta,50,4,200,47,64.0
12888,test_10_20,asmeta,10,20,200,48,65.0
12889,test_20_10,asmeta,20,10,200,48,64.0
12890,test_25_8,asmeta,25,8,200,48,67.0
12891,test_50_4,asmeta,50,4,200,48,66.0
12892,test_10_20,asmeta,10,20,200,49,65.0
12893,test_20_10,asmeta,20,10,200,49,65.0
12894,test_25_8,asmeta,25,8,200,49,65.0
12895,test_50_4,asmeta,50,4,200,49,67.0
12896,test_10_20,asmeta,10,20,200,50,68.0
12897,test_20_10,asmeta,20,10,200,50,67.0
12898,test_25_8,asmeta,25,8,200,50,68.0
12899,test_50_4,asmeta,50,4,200,50,66.0
12900,test_15_14,asmeta,15,14,210,1,335.0
12901,test_35_6,asmeta,35,6,210,1,221.0
12902,test_15_14,asmeta,15,14,210,2,174.0
12903,test_35_6,asmeta,35,6,210,2,176.0
12904,test_15_14,asmeta,15,14,210,3,92.0
12905,test_35_6,asmeta,35,6,210,3,138.0
12906,test_15_14,asmeta,15,14,210,4,94.0
12907,test_35_6,asmeta,35,6,210,4,84.0
12908,test_15_14,asmeta,15,14,210,5,88.0
12909,test_35_6,asmeta,35,6,210,5,86.0
12910,test_15_14,asmeta,15,14,210,6,88.0
12911,test_35_6,asmeta,35,6,210,6,87.0
12912,test_15_14,asmeta,15,14,210,7,82.0
12913,test_35_6,asmeta,35,6,210,7,97.0
12914,test_15_14,asmeta,15,14,210,8,88.0
12915,test_35_6,asmeta,35,6,210,8,79.0
12916,test_15_14,asmeta,15,14,210,9,86.0
12917,test_35_6,asmeta,35,6,210,9,78.0
12918,test_15_14,asmeta,15,14,210,10,108.0
12919,test_35_6,asmeta,35,6,210,10,78.0
12920,test_15_14,asmeta,15,14,210,11,81.0
12921,test_35_6,asmeta,35,6,210,11,109.0
12922,test_15_14,asmeta,15,14,210,12,76.0
12923,test_35_6,asmeta,35,6,210,12,73.0
12924,test_15_14,asmeta,15,14,210,13,77.0
12925,test_35_6,asmeta,35,6,210,13,80.0
12926,test_15_14,asmeta,15,14,210,14,76.0
12927,test_35_6,asmeta,35,6,210,14,75.0
12928,test_15_14,asmeta,15,14,210,15,78.0
12929,test_35_6,asmeta,35,6,210,15,80.0
12930,test_15_14,asmeta,15,14,210,16,83.0
12931,test_35_6,asmeta,35,6,210,16,75.0
12932,test_15_14,asmeta,15,14,210,17,78.0
12933,test_35_6,asmeta,35,6,210,17,78.0
12934,test_15_14,asmeta,15,14,210,18,81.0
12935,test_35_6,asmeta,35,6,210,18,76.0
12936,test_15_14,asmeta,15,14,210,19,76.0
12937,test_35_6,asmeta,35,6,210,19,78.0
12938,test_15_14,asmeta,15,14,210,20,82.0
12939,test_35_6,asmeta,35,6,210,20,108.0
12940,test_15_14,asmeta,15,14,210,21,75.0
12941,test_35_6,asmeta,35,6,210,21,74.0
12942,test_15_14,asmeta,15,14,210,22,98.0
12943,test_35_6,asmeta,35,6,210,22,79.0
12944,test_15_14,asmeta,15,14,210,23,97.0
12945,test_35_6,asmeta,35,6,210,23,75.0
12946,test_15_14,asmeta,15,14,210,24,75.0
12947,test_35_6,asmeta,35,6,210,24,73.0
12948,test_15_14,asmeta,15,14,210,25,82.0
12949,test_35_6,asmeta,35,6,210,25,78.0
12950,test_15_14,asmeta,15,14,210,26,77.0
12951,test_35_6,asmeta,35,6,210,26,75.0
12952,test_15_14,asmeta,15,14,210,27,78.0
12953,test_35_6,asmeta,35,6,210,27,81.0
12954,test_15_14,asmeta,15,14,210,28,75.0
12955,test_35_6,asmeta,35,6,210,28,75.0
12956,test_15_14,asmeta,15,14,210,29,79.0
12957,test_35_6,asmeta,35,6,210,29,73.0
12958,test_15_14,asmeta,15,14,210,30,78.0
12959,test_35_6,asmeta,35,6,210,30,75.0
12960,test_15_14,asmeta,15,14,210,31,75.0
12961,test_35_6,asmeta,35,6,210,31,74.0
12962,test_15_14,asmeta,15,14,210,32,76.0
12963,test_35_6,asmeta,35,6,210,32,73.0
12964,test_15_14,asmeta,15,14,210,33,81.0
12965,test_35_6,asmeta,35,6,210,33,74.0
12966,test_15_14,asmeta,15,14,210,34,77.0
12967,test_35_6,asmeta,35,6,210,34,73.0
12968,test_15_14,asmeta,15,14,210,35,78.0
12969,test_35_6,asmeta,35,6,210,35,73.0
12970,test_15_14,asmeta,15,14,210,36,74.0
12971,test_35_6,asmeta,35,6,210,36,75.0
12972,test_15_14,asmeta,15,14,210,37,75.0
12973,test_35_6,asmeta,35,6,210,37,74.0
12974,test_15_14,asmeta,15,14,210,38,79.0
12975,test_35_6,asmeta,35,6,210,38,73.0
12976,test_15_14,asmeta,15,14,210,39,74.0
12977,test_35_6,asmeta,35,6,210,39,73.0
12978,test_15_14,asmeta,15,14,210,40,73.0
12979,test_35_6,asmeta,35,6,210,40,72.0
12980,test_15_14,asmeta,15,14,210,41,76.0
12981,test_35_6,asmeta,35,6,210,41,73.0
12982,test_15_14,asmeta,15,14,210,42,76.0
12983,test_35_6,asmeta,35,6,210,42,75.0
12984,test_15_14,asmeta,15,14,210,43,77.0
12985,test_35_6,asmeta,35,6,210,43,73.0
12986,test_15_14,asmeta,15,14,210,44,73.0
12987,test_35_6,asmeta,35,6,210,44,75.0
12988,test_15_14,asmeta,15,14,210,45,74.0
12989,test_35_6,asmeta,35,6,210,45,72.0
12990,test_15_14,asmeta,15,14,210,46,77.0
12991,test_35_6,asmeta,35,6,210,46,71.0
12992,test_15_14,asmeta,15,14,210,47,74.0
12993,test_35_6,asmeta,35,6,210,47,73.0
12994,test_15_14,asmeta,15,14,210,48,76.0
12995,test_35_6,asmeta,35,6,210,48,71.0
12996,test_15_14,asmeta,15,14,210,49,74.0
12997,test_35_6,asmeta,35,6,210,49,74.0
12998,test_15_14,asmeta,15,14,210,50,74.0
12999,test_35_6,asmeta,35,6,210,50,74.0
13000,test_55_4,asmeta,55,4,220,1,225.0
13001,test_55_4,asmeta,55,4,220,2,190.0
13002,test_55_4,asmeta,55,4,220,3,151.0
13003,test_55_4,asmeta,55,4,220,4,99.0
13004,test_55_4,asmeta,55,4,220,5,95.0
13005,test_55_4,asmeta,55,4,220,6,89.0
13006,test_55_4,asmeta,55,4,220,7,86.0
13007,test_55_4,asmeta,55,4,220,8,99.0
13008,test_55_4,asmeta,55,4,220,9,100.0
13009,test_55_4,asmeta,55,4,220,10,87.0
13010,test_55_4,asmeta,55,4,220,11,83.0
13011,test_55_4,asmeta,55,4,220,12,89.0
13012,test_55_4,asmeta,55,4,220,13,84.0
13013,test_55_4,asmeta,55,4,220,14,87.0
13014,test_55_4,asmeta,55,4,220,15,82.0
13015,test_55_4,asmeta,55,4,220,16,90.0
13016,test_55_4,asmeta,55,4,220,17,111.0
13017,test_55_4,asmeta,55,4,220,18,81.0
13018,test_55_4,asmeta,55,4,220,19,89.0
13019,test_55_4,asmeta,55,4,220,20,83.0
13020,test_55_4,asmeta,55,4,220,21,87.0
13021,test_55_4,asmeta,55,4,220,22,83.0
13022,test_55_4,asmeta,55,4,220,23,82.0
13023,test_55_4,asmeta,55,4,220,24,86.0
13024,test_55_4,asmeta,55,4,220,25,81.0
13025,test_55_4,asmeta,55,4,220,26,84.0
13026,test_55_4,asmeta,55,4,220,27,81.0
13027,test_55_4,asmeta,55,4,220,28,82.0
13028,test_55_4,asmeta,55,4,220,29,84.0
13029,test_55_4,asmeta,55,4,220,30,82.0
13030,test_55_4,asmeta,55,4,220,31,83.0
13031,test_55_4,asmeta,55,4,220,32,78.0
13032,test_55_4,asmeta,55,4,220,33,79.0
13033,test_55_4,asmeta,55,4,220,34,82.0
13034,test_55_4,asmeta,55,4,220,35,80.0
13035,test_55_4,asmeta,55,4,220,36,81.0
13036,test_55_4,asmeta,55,4,220,37,83.0
13037,test_55_4,asmeta,55,4,220,38,80.0
13038,test_55_4,asmeta,55,4,220,39,82.0
13039,test_55_4,asmeta,55,4,220,40,80.0
13040,test_55_4,asmeta,55,4,220,41,81.0
13041,test_55_4,asmeta,55,4,220,42,84.0
13042,test_55_4,asmeta,55,4,220,43,80.0
13043,test_55_4,asmeta,55,4,220,44,82.0
13044,test_55_4,asmeta,55,4,220,45,79.0
13045,test_55_4,asmeta,55,4,220,46,80.0
13046,test_55_4,asmeta,55,4,220,47,83.0
13047,test_55_4,asmeta,55,4,220,48,80.0
13048,test_55_4,asmeta,55,4,220,49,84.0
13049,test_55_4,asmeta,55,4,220,50,80.0
13050,test_15_16,asmeta,15,16,240,1,446.0
13051,test_20_12,asmeta,20,12,240,1,366.0
13052,test_30_8,asmeta,30,8,240,1,290.0
13053,test_40_6,asmeta,40,6,240,1,267.0
13054,test_60_4,asmeta,60,4,240,1,243.0
13055,test_15_16,asmeta,15,16,240,2,168.0
13056,test_20_12,asmeta,20,12,240,2,186.0
13057,test_30_8,asmeta,30,8,240,2,215.0
13058,test_40_6,asmeta,40,6,240,2,225.0
13059,test_60_4,asmeta,60,4,240,2,193.0
13060,test_15_16,asmeta,15,16,240,3,130.0
13061,test_20_12,asmeta,20,12,240,3,131.0
13062,test_30_8,asmeta,30,8,240,3,132.0
13063,test_40_6,asmeta,40,6,240,3,161.0
13064,test_60_4,asmeta,60,4,240,3,163.0
13065,test_15_16,asmeta,15,16,240,4,114.0
13066,test_20_12,asmeta,20,12,240,4,107.0
13067,test_30_8,asmeta,30,8,240,4,116.0
13068,test_40_6,asmeta,40,6,240,4,117.0
13069,test_60_4,asmeta,60,4,240,4,121.0
13070,test_15_16,asmeta,15,16,240,5,107.0
13071,test_20_12,asmeta,20,12,240,5,112.0
13072,test_30_8,asmeta,30,8,240,5,110.0
13073,test_40_6,asmeta,40,6,240,5,118.0
13074,test_60_4,asmeta,60,4,240,5,113.0
13075,test_15_16,asmeta,15,16,240,6,111.0
13076,test_20_12,asmeta,20,12,240,6,115.0
13077,test_30_8,asmeta,30,8,240,6,121.0
13078,test_40_6,asmeta,40,6,240,6,121.0
13079,test_60_4,asmeta,60,4,240,6,113.0
13080,test_15_16,asmeta,15,16,240,7,106.0
13081,test_20_12,asmeta,20,12,240,7,109.0
13082,test_30_8,asmeta,30,8,240,7,111.0
13083,test_40_6,asmeta,40,6,240,7,114.0
13084,test_60_4,asmeta,60,4,240,7,111.0
13085,test_15_16,asmeta,15,16,240,8,105.0
13086,test_20_12,asmeta,20,12,240,8,148.0
13087,test_30_8,asmeta,30,8,240,8,108.0
13088,test_40_6,asmeta,40,6,240,8,107.0
13089,test_60_4,asmeta,60,4,240,8,112.0
13090,test_15_16,asmeta,15,16,240,9,104.0
13091,test_20_12,asmeta,20,12,240,9,103.0
13092,test_30_8,asmeta,30,8,240,9,109.0
13093,test_40_6,asmeta,40,6,240,9,140.0
13094,test_60_4,asmeta,60,4,240,9,106.0
13095,test_15_16,asmeta,15,16,240,10,106.0
13096,test_20_12,asmeta,20,12,240,10,100.0
13097,test_30_8,asmeta,30,8,240,10,110.0
13098,test_40_6,asmeta,40,6,240,10,103.0
13099,test_60_4,asmeta,60,4,240,10,101.0
13100,test_15_16,asmeta,15,16,240,11,104.0
13101,test_20_12,asmeta,20,12,240,11,106.0
13102,test_30_8,asmeta,30,8,240,11,108.0
13103,test_40_6,asmeta,40,6,240,11,108.0
13104,test_60_4,asmeta,60,4,240,11,102.0
13105,test_15_16,asmeta,15,16,240,12,101.0
13106,test_20_12,asmeta,20,12,240,12,103.0
13107,test_30_8,asmeta,30,8,240,12,110.0
13108,test_40_6,asmeta,40,6,240,12,109.0
13109,test_60_4,asmeta,60,4,240,12,133.0
13110,test_15_16,asmeta,15,16,240,13,106.0
13111,test_20_12,asmeta,20,12,240,13,105.0
13112,test_30_8,asmeta,30,8,240,13,141.0
13113,test_40_6,asmeta,40,6,240,13,102.0
13114,test_60_4,asmeta,60,4,240,13,102.0
13115,test_15_16,asmeta,15,16,240,14,105.0
13116,test_20_12,asmeta,20,12,240,14,104.0
13117,test_30_8,asmeta,30,8,240,14,106.0
13118,test_40_6,asmeta,40,6,240,14,107.0
13119,test_60_4,asmeta,60,4,240,14,104.0
13120,test_15_16,asmeta,15,16,240,15,100.0
13121,test_20_12,asmeta,20,12,240,15,109.0
13122,test_30_8,asmeta,30,8,240,15,107.0
13123,test_40_6,asmeta,40,6,240,15,103.0
13124,test_60_4,asmeta,60,4,240,15,102.0
13125,test_15_16,asmeta,15,16,240,16,133.0
13126,test_20_12,asmeta,20,12,240,16,103.0
13127,test_30_8,asmeta,30,8,240,16,109.0
13128,test_40_6,asmeta,40,6,240,16,107.0
13129,test_60_4,asmeta,60,4,240,16,101.0
13130,test_15_16,asmeta,15,16,240,17,104.0
13131,test_20_12,asmeta,20,12,240,17,101.0
13132,test_30_8,asmeta,30,8,240,17,103.0
13133,test_40_6,asmeta,40,6,240,17,103.0
13134,test_60_4,asmeta,60,4,240,17,104.0
13135,test_15_16,asmeta,15,16,240,18,99.0
13136,test_20_12,asmeta,20,12,240,18,102.0
13137,test_30_8,asmeta,30,8,240,18,103.0
13138,test_40_6,asmeta,40,6,240,18,105.0
13139,test_60_4,asmeta,60,4,240,18,100.0
13140,test_15_16,asmeta,15,16,240,19,104.0
13141,test_20_12,asmeta,20,12,240,19,103.0
13142,test_30_8,asmeta,30,8,240,19,103.0
13143,test_40_6,asmeta,40,6,240,19,105.0
13144,test_60_4,asmeta,60,4,240,19,104.0
13145,test_15_16,asmeta,15,16,240,20,98.0
13146,test_20_12,asmeta,20,12,240,20,101.0
13147,test_30_8,asmeta,30,8,240,20,107.0
13148,test_40_6,asmeta,40,6,240,20,133.0
13149,test_60_4,asmeta,60,4,240,20,98.0
13150,test_15_16,asmeta,15,16,240,21,100.0
13151,test_20_12,asmeta,20,12,240,21,96.0
13152,test_30_8,asmeta,30,8,240,21,100.0
13153,test_40_6,asmeta,40,6,240,21,100.0
13154,test_60_4,asmeta,60,4,240,21,103.0
13155,test_15_16,asmeta,15,16,240,22,105.0
13156,test_20_12,asmeta,20,12,240,22,107.0
13157,test_30_8,asmeta,30,8,240,22,105.0
13158,test_40_6,asmeta,40,6,240,22,109.0
13159,test_60_4,asmeta,60,4,240,22,100.0
13160,test_15_16,asmeta,15,16,240,23,99.0
13161,test_20_12,asmeta,20,12,240,23,129.0
13162,test_30_8,asmeta,30,8,240,23,104.0
13163,test_40_6,asmeta,40,6,240,23,104.0
13164,test_60_4,asmeta,60,4,240,23,102.0
13165,test_15_16,asmeta,15,16,240,24,102.0
13166,test_20_12,asmeta,20,12,240,24,98.0
13167,test_30_8,asmeta,30,8,240,24,103.0
13168,test_40_6,asmeta,40,6,240,24,103.0
13169,test_60_4,asmeta,60,4,240,24,102.0
13170,test_15_16,asmeta,15,16,240,25,101.0
13171,test_20_12,asmeta,20,12,240,25,101.0
13172,test_30_8,asmeta,30,8,240,25,114.0
13173,test_40_6,asmeta,40,6,240,25,102.0
13174,test_60_4,asmeta,60,4,240,25,100.0
13175,test_15_16,asmeta,15,16,240,26,102.0
13176,test_20_12,asmeta,20,12,240,26,97.0
13177,test_30_8,asmeta,30,8,240,26,102.0
13178,test_40_6,asmeta,40,6,240,26,104.0
13179,test_60_4,asmeta,60,4,240,26,101.0
13180,test_15_16,asmeta,15,16,240,27,99.0
13181,test_20_12,asmeta,20,12,240,27,102.0
13182,test_30_8,asmeta,30,8,240,27,103.0
13183,test_40_6,asmeta,40,6,240,27,101.0
13184,test_60_4,asmeta,60,4,240,27,103.0
13185,test_15_16,asmeta,15,16,240,28,99.0
13186,test_20_12,asmeta,20,12,240,28,98.0
13187,test_30_8,asmeta,30,8,240,28,99.0
13188,test_40_6,asmeta,40,6,240,28,104.0
13189,test_60_4,asmeta,60,4,240,28,103.0
13190,test_15_16,asmeta,15,16,240,29,102.0
13191,test_20_12,asmeta,20,12,240,29,100.0
13192,test_30_8,asmeta,30,8,240,29,100.0
13193,test_40_6,asmeta,40,6,240,29,99.0
13194,test_60_4,asmeta,60,4,240,29,100.0
13195,test_15_16,asmeta,15,16,240,30,102.0
13196,test_20_12,asmeta,20,12,240,30,98.0
13197,test_30_8,asmeta,30,8,240,30,100.0
13198,test_40_6,asmeta,40,6,240,30,104.0
13199,test_60_4,asmeta,60,4,240,30,101.0
13200,test_15_16,asmeta,15,16,240,31,100.0
13201,test_20_12,asmeta,20,12,240,31,100.0
13202,test_30_8,asmeta,30,8,240,31,101.0
13203,test_40_6,asmeta,40,6,240,31,102.0
13204,test_60_4,asmeta,60,4,240,31,100.0
13205,test_15_16,asmeta,15,16,240,32,101.0
13206,test_20_12,asmeta,20,12,240,32,98.0
13207,test_30_8,asmeta,30,8,240,32,102.0
13208,test_40_6,asmeta,40,6,240,32,100.0
13209,test_60_4,asmeta,60,4,240,32,101.0
13210,test_15_16,asmeta,15,16,240,33,102.0
13211,test_20_12,asmeta,20,12,240,33,95.0
13212,test_30_8,asmeta,30,8,240,33,99.0
13213,test_40_6,asmeta,40,6,240,33,99.0
13214,test_60_4,asmeta,60,4,240,33,103.0
13215,test_15_16,asmeta,15,16,240,34,104.0
13216,test_20_12,asmeta,20,12,240,34,96.0
13217,test_30_8,asmeta,30,8,240,34,103.0
13218,test_40_6,asmeta,40,6,240,34,98.0
13219,test_60_4,asmeta,60,4,240,34,99.0
13220,test_15_16,asmeta,15,16,240,35,97.0
13221,test_20_12,asmeta,20,12,240,35,95.0
13222,test_30_8,asmeta,30,8,240,35,99.0
13223,test_40_6,asmeta,40,6,240,35,99.0
13224,test_60_4,asmeta,60,4,240,35,105.0
13225,test_15_16,asmeta,15,16,240,36,101.0
13226,test_20_12,asmeta,20,12,240,36,101.0
13227,test_30_8,asmeta,30,8,240,36,103.0
13228,test_40_6,asmeta,40,6,240,36,99.0
13229,test_60_4,asmeta,60,4,240,36,98.0
13230,test_15_16,asmeta,15,16,240,37,96.0
13231,test_20_12,asmeta,20,12,240,37,96.0
13232,test_30_8,asmeta,30,8,240,37,100.0
13233,test_40_6,asmeta,40,6,240,37,101.0
13234,test_60_4,asmeta,60,4,240,37,101.0
13235,test_15_16,asmeta,15,16,240,38,99.0
13236,test_20_12,asmeta,20,12,240,38,100.0
13237,test_30_8,asmeta,30,8,240,38,100.0
13238,test_40_6,asmeta,40,6,240,38,101.0
13239,test_60_4,asmeta,60,4,240,38,99.0
13240,test_15_16,asmeta,15,16,240,39,97.0
13241,test_20_12,asmeta,20,12,240,39,97.0
13242,test_30_8,asmeta,30,8,240,39,105.0
13243,test_40_6,asmeta,40,6,240,39,106.0
13244,test_60_4,asmeta,60,4,240,39,101.0
13245,test_15_16,asmeta,15,16,240,40,97.0
13246,test_20_12,asmeta,20,12,240,40,97.0
13247,test_30_8,asmeta,30,8,240,40,102.0
13248,test_40_6,asmeta,40,6,240,40,99.0
13249,test_60_4,asmeta,60,4,240,40,100.0
13250,test_15_16,asmeta,15,16,240,41,101.0
13251,test_20_12,asmeta,20,12,240,41,98.0
13252,test_30_8,asmeta,30,8,240,41,104.0
13253,test_40_6,asmeta,40,6,240,41,101.0
13254,test_60_4,asmeta,60,4,240,41,98.0
13255,test_15_16,asmeta,15,16,240,42,101.0
13256,test_20_12,asmeta,20,12,240,42,98.0
13257,test_30_8,asmeta,30,8,240,42,102.0
13258,test_40_6,asmeta,40,6,240,42,101.0
13259,test_60_4,asmeta,60,4,240,42,101.0
13260,test_15_16,asmeta,15,16,240,43,101.0
13261,test_20_12,asmeta,20,12,240,43,99.0
13262,test_30_8,asmeta,30,8,240,43,107.0
13263,test_40_6,asmeta,40,6,240,43,101.0
13264,test_60_4,asmeta,60,4,240,43,98.0
13265,test_15_16,asmeta,15,16,240,44,98.0
13266,test_20_12,asmeta,20,12,240,44,98.0
13267,test_30_8,asmeta,30,8,240,44,103.0
13268,test_40_6,asmeta,40,6,240,44,100.0
13269,test_60_4,asmeta,60,4,240,44,101.0
13270,test_15_16,asmeta,15,16,240,45,99.0
13271,test_20_12,asmeta,20,12,240,45,99.0
13272,test_30_8,asmeta,30,8,240,45,104.0
13273,test_40_6,asmeta,40,6,240,45,101.0
13274,test_60_4,asmeta,60,4,240,45,99.0
13275,test_15_16,asmeta,15,16,240,46,100.0
13276,test_20_12,asmeta,20,12,240,46,96.0
13277,test_30_8,asmeta,30,8,240,46,104.0
13278,test_40_6,asmeta,40,6,240,46,100.0
13279,test_60_4,asmeta,60,4,240,46,101.0
13280,test_15_16,asmeta,15,16,240,47,101.0
13281,test_20_12,asmeta,20,12,240,47,101.0
13282,test_30_8,asmeta,30,8,240,47,102.0
13283,test_40_6,asmeta,40,6,240,47,99.0
13284,test_60_4,asmeta,60,4,240,47,103.0
13285,test_15_16,asmeta,15,16,240,48,100.0
13286,test_20_12,asmeta,20,12,240,48,96.0
13287,test_30_8,asmeta,30,8,240,48,106.0
13288,test_40_6,asmeta,40,6,240,48,103.0
13289,test_60_4,asmeta,60,4,240,48,98.0
13290,test_15_16,asmeta,15,16,240,49,98.0
13291,test_20_12,asmeta,20,12,240,49,97.0
13292,test_30_8,asmeta,30,8,240,49,103.0
13293,test_40_6,asmeta,40,6,240,49,100.0
13294,test_60_4,asmeta,60,4,240,49,101.0
13295,test_15_16,asmeta,15,16,240,50,100.0
13296,test_20_12,asmeta,20,12,240,50,98.0
13297,test_30_8,asmeta,30,8,240,50,105.0
13298,test_40_6,asmeta,40,6,240,50,102.0
13299,test_60_4,asmeta,60,4,240,50,100.0
13300,test_25_10,asmeta,25,10,250,1,373.0
13301,test_25_10,asmeta,25,10,250,2,187.0
13302,test_25_10,asmeta,25,10,250,3,147.0
13303,test_25_10,asmeta,25,10,250,4,138.0
13304,test_25_10,asmeta,25,10,250,5,128.0
13305,test_25_10,asmeta,25,10,250,6,127.0
13306,test_25_10,asmeta,25,10,250,7,121.0
13307,test_25_10,asmeta,25,10,250,8,118.0
13308,test_25_10,asmeta,25,10,250,9,113.0
13309,test_25_10,asmeta,25,10,250,10,153.0
13310,test_25_10,asmeta,25,10,250,11,119.0
13311,test_25_10,asmeta,25,10,250,12,113.0
13312,test_25_10,asmeta,25,10,250,13,116.0
13313,test_25_10,asmeta,25,10,250,14,118.0
13314,test_25_10,asmeta,25,10,250,15,115.0
13315,test_25_10,asmeta,25,10,250,16,115.0
13316,test_25_10,asmeta,25,10,250,17,111.0
13317,test_25_10,asmeta,25,10,250,18,118.0
13318,test_25_10,asmeta,25,10,250,19,112.0
13319,test_25_10,asmeta,25,10,250,20,156.0
13320,test_25_10,asmeta,25,10,250,21,113.0
13321,test_25_10,asmeta,25,10,250,22,113.0
13322,test_25_10,asmeta,25,10,250,23,113.0
13323,test_25_10,asmeta,25,10,250,24,114.0
13324,test_25_10,asmeta,25,10,250,25,110.0
13325,test_25_10,asmeta,25,10,250,26,113.0
13326,test_25_10,asmeta,25,10,250,27,111.0
13327,test_25_10,asmeta,25,10,250,28,117.0
13328,test_25_10,asmeta,25,10,250,29,109.0
13329,test_25_10,asmeta,25,10,250,30,116.0
13330,test_25_10,asmeta,25,10,250,31,107.0
13331,test_25_10,asmeta,25,10,250,32,110.0
13332,test_25_10,asmeta,25,10,250,33,109.0
13333,test_25_10,asmeta,25,10,250,34,111.0
13334,test_25_10,asmeta,25,10,250,35,110.0
13335,test_25_10,asmeta,25,10,250,36,113.0
13336,test_25_10,asmeta,25,10,250,37,108.0
13337,test_25_10,asmeta,25,10,250,38,112.0
13338,test_25_10,asmeta,25,10,250,39,111.0
13339,test_25_10,asmeta,25,10,250,40,112.0
13340,test_25_10,asmeta,25,10,250,41,110.0
13341,test_25_10,asmeta,25,10,250,42,112.0
13342,test_25_10,asmeta,25,10,250,43,111.0
13343,test_25_10,asmeta,25,10,250,44,113.0
13344,test_25_10,asmeta,25,10,250,45,110.0
13345,test_25_10,asmeta,25,10,250,46,114.0
13346,test_25_10,asmeta,25,10,250,47,108.0
13347,test_25_10,asmeta,25,10,250,48,111.0
13348,test_25_10,asmeta,25,10,250,49,109.0
13349,test_25_10,asmeta,25,10,250,50,115.0
13350,test_15_18,asmeta,15,18,270,1,512.0
13351,test_45_6,asmeta,45,6,270,1,337.0
13352,test_15_18,asmeta,15,18,270,2,197.0
13353,test_45_6,asmeta,45,6,270,2,246.0
13354,test_15_18,asmeta,15,18,270,3,153.0
13355,test_45_6,asmeta,45,6,270,3,155.0
13356,test_15_18,asmeta,15,18,270,4,151.0
13357,test_45_6,asmeta,45,6,270,4,147.0
13358,test_15_18,asmeta,15,18,270,5,204.0
13359,test_45_6,asmeta,45,6,270,5,143.0
13360,test_15_18,asmeta,15,18,270,6,152.0
13361,test_45_6,asmeta,45,6,270,6,147.0
13362,test_15_18,asmeta,15,18,270,7,140.0
13363,test_45_6,asmeta,45,6,270,7,200.0
13364,test_15_18,asmeta,15,18,270,8,138.0
13365,test_45_6,asmeta,45,6,270,8,138.0
13366,test_15_18,asmeta,15,18,270,9,142.0
13367,test_45_6,asmeta,45,6,270,9,134.0
13368,test_15_18,asmeta,15,18,270,10,140.0
13369,test_45_6,asmeta,45,6,270,10,136.0
13370,test_15_18,asmeta,15,18,270,11,131.0
13371,test_45_6,asmeta,45,6,270,11,135.0
13372,test_15_18,asmeta,15,18,270,12,138.0
13373,test_45_6,asmeta,45,6,270,12,131.0
13374,test_15_18,asmeta,15,18,270,13,138.0
13375,test_45_6,asmeta,45,6,270,13,136.0
13376,test_15_18,asmeta,15,18,270,14,137.0
13377,test_45_6,asmeta,45,6,270,14,137.0
13378,test_15_18,asmeta,15,18,270,15,177.0
13379,test_45_6,asmeta,45,6,270,15,131.0
13380,test_15_18,asmeta,15,18,270,16,133.0
13381,test_45_6,asmeta,45,6,270,16,138.0
13382,test_15_18,asmeta,15,18,270,17,134.0
13383,test_45_6,asmeta,45,6,270,17,135.0
13384,test_15_18,asmeta,15,18,270,18,134.0
13385,test_45_6,asmeta,45,6,270,18,127.0
13386,test_15_18,asmeta,15,18,270,19,129.0
13387,test_45_6,asmeta,45,6,270,19,130.0
13388,test_15_18,asmeta,15,18,270,20,134.0
13389,test_45_6,asmeta,45,6,270,20,131.0
13390,test_15_18,asmeta,15,18,270,21,129.0
13391,test_45_6,asmeta,45,6,270,21,128.0
13392,test_15_18,asmeta,15,18,270,22,131.0
13393,test_45_6,asmeta,45,6,270,22,131.0
13394,test_15_18,asmeta,15,18,270,23,129.0
13395,test_45_6,asmeta,45,6,270,23,129.0
13396,test_15_18,asmeta,15,18,270,24,130.0
13397,test_45_6,asmeta,45,6,270,24,129.0
13398,test_15_18,asmeta,15,18,270,25,132.0
13399,test_45_6,asmeta,45,6,270,25,130.0
13400,test_15_18,asmeta,15,18,270,26,137.0
13401,test_45_6,asmeta,45,6,270,26,132.0
13402,test_15_18,asmeta,15,18,270,27,131.0
13403,test_45_6,asmeta,45,6,270,27,132.0
13404,test_15_18,asmeta,15,18,270,28,129.0
13405,test_45_6,asmeta,45,6,270,28,128.0
13406,test_15_18,asmeta,15,18,270,29,132.0
13407,test_45_6,asmeta,45,6,270,29,127.0
13408,test_15_18,asmeta,15,18,270,30,128.0
13409,test_45_6,asmeta,45,6,270,30,130.0
13410,test_15_18,asmeta,15,18,270,31,131.0
13411,test_45_6,asmeta,45,6,270,31,129.0
13412,test_15_18,asmeta,15,18,270,32,125.0
13413,test_45_6,asmeta,45,6,270,32,129.0
13414,test_15_18,asmeta,15,18,270,33,127.0
13415,test_45_6,asmeta,45,6,270,33,131.0
13416,test_15_18,asmeta,15,18,270,34,128.0
13417,test_45_6,asmeta,45,6,270,34,130.0
13418,test_15_18,asmeta,15,18,270,35,130.0
13419,test_45_6,asmeta,45,6,270,35,127.0
13420,test_15_18,asmeta,15,18,270,36,131.0
13421,test_45_6,asmeta,45,6,270,36,131.0
13422,test_15_18,asmeta,15,18,270,37,126.0
13423,test_45_6,asmeta,45,6,270,37,131.0
13424,test_15_18,asmeta,15,18,270,38,133.0
13425,test_45_6,asmeta,45,6,270,38,126.0
13426,test_15_18,asmeta,15,18,270,39,124.0
13427,test_45_6,asmeta,45,6,270,39,129.0
13428,test_15_18,asmeta,15,18,270,40,136.0
13429,test_45_6,asmeta,45,6,270,40,131.0
13430,test_15_18,asmeta,15,18,270,41,129.0
13431,test_45_6,asmeta,45,6,270,41,127.0
13432,test_15_18,asmeta,15,18,270,42,127.0
13433,test_45_6,asmeta,45,6,270,42,128.0
13434,test_15_18,asmeta,15,18,270,43,129.0
13435,test_45_6,asmeta,45,6,270,43,132.0
13436,test_15_18,asmeta,15,18,270,44,127.0
13437,test_45_6,asmeta,45,6,270,44,126.0
13438,test_15_18,asmeta,15,18,270,45,129.0
13439,test_45_6,asmeta,45,6,270,45,130.0
13440,test_15_18,asmeta,15,18,270,46,128.0
13441,test_45_6,asmeta,45,6,270,46,127.0
13442,test_15_18,asmeta,15,18,270,47,132.0
13443,test_45_6,asmeta,45,6,270,47,130.0
13444,test_15_18,asmeta,15,18,270,48,129.0
13445,test_45_6,asmeta,45,6,270,48,129.0
13446,test_15_18,asmeta,15,18,270,49,128.0
13447,test_45_6,asmeta,45,6,270,49,128.0
13448,test_15_18,asmeta,15,18,270,50,129.0
13449,test_45_6,asmeta,45,6,270,50,129.0
13450,test_20_14,asmeta,20,14,280,1,510.0
13451,test_35_8,asmeta,35,8,280,1,329.0
13452,test_20_14,asmeta,20,14,280,2,214.0
13453,test_35_8,asmeta,35,8,280,2,263.0
13454,test_20_14,asmeta,20,14,280,3,185.0
13455,test_35_8,asmeta,35,8,280,3,169.0
13456,test_20_14,asmeta,20,14,280,4,176.0
13457,test_35_8,asmeta,35,8,280,4,159.0
13458,test_20_14,asmeta,20,14,280,5,216.0
13459,test_35_8,asmeta,35,8,280,5,177.0
13460,test_20_14,asmeta,20,14,280,6,162.0
13461,test_35_8,asmeta,35,8,280,6,162.0
13462,test_20_14,asmeta,20,14,280,7,166.0
13463,test_35_8,asmeta,35,8,280,7,149.0
13464,test_20_14,asmeta,20,14,280,8,152.0
13465,test_35_8,asmeta,35,8,280,8,154.0
13466,test_20_14,asmeta,20,14,280,9,150.0
13467,test_35_8,asmeta,35,8,280,9,149.0
13468,test_20_14,asmeta,20,14,280,10,159.0
13469,test_35_8,asmeta,35,8,280,10,150.0
13470,test_20_14,asmeta,20,14,280,11,159.0
13471,test_35_8,asmeta,35,8,280,11,149.0
13472,test_20_14,asmeta,20,14,280,12,146.0
13473,test_35_8,asmeta,35,8,280,12,175.0
13474,test_20_14,asmeta,20,14,280,13,199.0
13475,test_35_8,asmeta,35,8,280,13,149.0
13476,test_20_14,asmeta,20,14,280,14,154.0
13477,test_35_8,asmeta,35,8,280,14,144.0
13478,test_20_14,asmeta,20,14,280,15,145.0
13479,test_35_8,asmeta,35,8,280,15,142.0
13480,test_20_14,asmeta,20,14,280,16,157.0
13481,test_35_8,asmeta,35,8,280,16,146.0
13482,test_20_14,asmeta,20,14,280,17,146.0
13483,test_35_8,asmeta,35,8,280,17,143.0
13484,test_20_14,asmeta,20,14,280,18,147.0
13485,test_35_8,asmeta,35,8,280,18,143.0
13486,test_20_14,asmeta,20,14,280,19,147.0
13487,test_35_8,asmeta,35,8,280,19,149.0
13488,test_20_14,asmeta,20,14,280,20,144.0
13489,test_35_8,asmeta,35,8,280,20,143.0
13490,test_20_14,asmeta,20,14,280,21,147.0
13491,test_35_8,asmeta,35,8,280,21,144.0
13492,test_20_14,asmeta,20,14,280,22,147.0
13493,test_35_8,asmeta,35,8,280,22,144.0
13494,test_20_14,asmeta,20,14,280,23,148.0
13495,test_35_8,asmeta,35,8,280,23,143.0
13496,test_20_14,asmeta,20,14,280,24,147.0
13497,test_35_8,asmeta,35,8,280,24,152.0
13498,test_20_14,asmeta,20,14,280,25,141.0
13499,test_35_8,asmeta,35,8,280,25,143.0
13500,test_20_14,asmeta,20,14,280,26,143.0
13501,test_35_8,asmeta,35,8,280,26,141.0
13502,test_20_14,asmeta,20,14,280,27,140.0
13503,test_35_8,asmeta,35,8,280,27,145.0
13504,test_20_14,asmeta,20,14,280,28,143.0
13505,test_35_8,asmeta,35,8,280,28,142.0
13506,test_20_14,asmeta,20,14,280,29,141.0
13507,test_35_8,asmeta,35,8,280,29,143.0
13508,test_20_14,asmeta,20,14,280,30,142.0
13509,test_35_8,asmeta,35,8,280,30,144.0
13510,test_20_14,asmeta,20,14,280,31,142.0
13511,test_35_8,asmeta,35,8,280,31,143.0
13512,test_20_14,asmeta,20,14,280,32,138.0
13513,test_35_8,asmeta,35,8,280,32,140.0
13514,test_20_14,asmeta,20,14,280,33,142.0
13515,test_35_8,asmeta,35,8,280,33,143.0
13516,test_20_14,asmeta,20,14,280,34,141.0
13517,test_35_8,asmeta,35,8,280,34,139.0
13518,test_20_14,asmeta,20,14,280,35,143.0
13519,test_35_8,asmeta,35,8,280,35,140.0
13520,test_20_14,asmeta,20,14,280,36,141.0
13521,test_35_8,asmeta,35,8,280,36,144.0
13522,test_20_14,asmeta,20,14,280,37,143.0
13523,test_35_8,asmeta,35,8,280,37,139.0
13524,test_20_14,asmeta,20,14,280,38,145.0
13525,test_35_8,asmeta,35,8,280,38,146.0
13526,test_20_14,asmeta,20,14,280,39,140.0
13527,test_35_8,asmeta,35,8,280,39,144.0
13528,test_20_14,asmeta,20,14,280,40,143.0
13529,test_35_8,asmeta,35,8,280,40,140.0
13530,test_20_14,asmeta,20,14,280,41,140.0
13531,test_35_8,asmeta,35,8,280,41,141.0
13532,test_20_14,asmeta,20,14,280,42,141.0
13533,test_35_8,asmeta,35,8,280,42,140.0
13534,test_20_14,asmeta,20,14,280,43,143.0
13535,test_35_8,asmeta,35,8,280,43,142.0
13536,test_20_14,asmeta,20,14,280,44,140.0
13537,test_35_8,asmeta,35,8,280,44,142.0
13538,test_20_14,asmeta,20,14,280,45,142.0
13539,test_35_8,asmeta,35,8,280,45,143.0
13540,test_20_14,asmeta,20,14,280,46,141.0
13541,test_35_8,asmeta,35,8,280,46,139.0
13542,test_20_14,asmeta,20,14,280,47,142.0
13543,test_35_8,asmeta,35,8,280,47,143.0
13544,test_20_14,asmeta,20,14,280,48,141.0
13545,test_35_8,asmeta,35,8,280,48,141.0
13546,test_20_14,asmeta,20,14,280,49,139.0
13547,test_35_8,asmeta,35,8,280,49,139.0
13548,test_20_14,asmeta,20,14,280,50,141.0
13549,test_35_8,asmeta,35,8,280,50,140.0
13550,test_15_20,asmeta,15,20,300,1,589.0
13551,test_25_12,asmeta,25,12,300,1,519.0
13552,test_30_10,asmeta,30,10,300,1,443.0
13553,test_50_6,asmeta,50,6,300,1,404.0
13554,test_15_20,asmeta,15,20,300,2,258.0
13555,test_25_12,asmeta,25,12,300,2,251.0
13556,test_30_10,asmeta,30,10,300,2,284.0
13557,test_50_6,asmeta,50,6,300,2,256.0
13558,test_15_20,asmeta,15,20,300,3,274.0
13559,test_25_12,asmeta,25,12,300,3,208.0
13560,test_30_10,asmeta,30,10,300,3,188.0
13561,test_50_6,asmeta,50,6,300,3,196.0
13562,test_15_20,asmeta,15,20,300,4,189.0
13563,test_25_12,asmeta,25,12,300,4,226.0
13564,test_30_10,asmeta,30,10,300,4,183.0
13565,test_50_6,asmeta,50,6,300,4,185.0
13566,test_15_20,asmeta,15,20,300,5,181.0
13567,test_25_12,asmeta,25,12,300,5,185.0
13568,test_30_10,asmeta,30,10,300,5,185.0
13569,test_50_6,asmeta,50,6,300,5,190.0
13570,test_15_20,asmeta,15,20,300,6,182.0
13571,test_25_12,asmeta,25,12,300,6,186.0
13572,test_30_10,asmeta,30,10,300,6,216.0
13573,test_50_6,asmeta,50,6,300,6,227.0
13574,test_15_20,asmeta,15,20,300,7,170.0
13575,test_25_12,asmeta,25,12,300,7,183.0
13576,test_30_10,asmeta,30,10,300,7,179.0
13577,test_50_6,asmeta,50,6,300,7,174.0
13578,test_15_20,asmeta,15,20,300,8,177.0
13579,test_25_12,asmeta,25,12,300,8,166.0
13580,test_30_10,asmeta,30,10,300,8,177.0
13581,test_50_6,asmeta,50,6,300,8,169.0
13582,test_15_20,asmeta,15,20,300,9,177.0
13583,test_25_12,asmeta,25,12,300,9,210.0
13584,test_30_10,asmeta,30,10,300,9,175.0
13585,test_50_6,asmeta,50,6,300,9,174.0
13586,test_15_20,asmeta,15,20,300,10,221.0
13587,test_25_12,asmeta,25,12,300,10,188.0
13588,test_30_10,asmeta,30,10,300,10,172.0
13589,test_50_6,asmeta,50,6,300,10,173.0
13590,test_15_20,asmeta,15,20,300,11,176.0
13591,test_25_12,asmeta,25,12,300,11,175.0
13592,test_30_10,asmeta,30,10,300,11,166.0
13593,test_50_6,asmeta,50,6,300,11,184.0
13594,test_15_20,asmeta,15,20,300,12,164.0
13595,test_25_12,asmeta,25,12,300,12,167.0
13596,test_30_10,asmeta,30,10,300,12,171.0
13597,test_50_6,asmeta,50,6,300,12,192.0
13598,test_15_20,asmeta,15,20,300,13,170.0
13599,test_25_12,asmeta,25,12,300,13,176.0
13600,test_30_10,asmeta,30,10,300,13,167.0
13601,test_50_6,asmeta,50,6,300,13,175.0
13602,test_15_20,asmeta,15,20,300,14,168.0
13603,test_25_12,asmeta,25,12,300,14,208.0
13604,test_30_10,asmeta,30,10,300,14,166.0
13605,test_50_6,asmeta,50,6,300,14,166.0
13606,test_15_20,asmeta,15,20,300,15,164.0
13607,test_25_12,asmeta,25,12,300,15,176.0
13608,test_30_10,asmeta,30,10,300,15,165.0
13609,test_50_6,asmeta,50,6,300,15,164.0
13610,test_15_20,asmeta,15,20,300,16,165.0
13611,test_25_12,asmeta,25,12,300,16,168.0
13612,test_30_10,asmeta,30,10,300,16,164.0
13613,test_50_6,asmeta,50,6,300,16,169.0
13614,test_15_20,asmeta,15,20,300,17,172.0
13615,test_25_12,asmeta,25,12,300,17,166.0
13616,test_30_10,asmeta,30,10,300,17,165.0
13617,test_50_6,asmeta,50,6,300,17,169.0
13618,test_15_20,asmeta,15,20,300,18,164.0
13619,test_25_12,asmeta,25,12,300,18,166.0
13620,test_30_10,asmeta,30,10,300,18,171.0
13621,test_50_6,asmeta,50,6,300,18,167.0
13622,test_15_20,asmeta,15,20,300,19,164.0
13623,test_25_12,asmeta,25,12,300,19,168.0
13624,test_30_10,asmeta,30,10,300,19,164.0
13625,test_50_6,asmeta,50,6,300,19,166.0
13626,test_15_20,asmeta,15,20,300,20,168.0
13627,test_25_12,asmeta,25,12,300,20,165.0
13628,test_30_10,asmeta,30,10,300,20,166.0
13629,test_50_6,asmeta,50,6,300,20,170.0
13630,test_15_20,asmeta,15,20,300,21,161.0
13631,test_25_12,asmeta,25,12,300,21,167.0
13632,test_30_10,asmeta,30,10,300,21,163.0
13633,test_50_6,asmeta,50,6,300,21,169.0
13634,test_15_20,asmeta,15,20,300,22,168.0
13635,test_25_12,asmeta,25,12,300,22,164.0
13636,test_30_10,asmeta,30,10,300,22,165.0
13637,test_50_6,asmeta,50,6,300,22,170.0
13638,test_15_20,asmeta,15,20,300,23,164.0
13639,test_25_12,asmeta,25,12,300,23,169.0
13640,test_30_10,asmeta,30,10,300,23,166.0
13641,test_50_6,asmeta,50,6,300,23,169.0
13642,test_15_20,asmeta,15,20,300,24,164.0
13643,test_25_12,asmeta,25,12,300,24,164.0
13644,test_30_10,asmeta,30,10,300,24,167.0
13645,test_50_6,asmeta,50,6,300,24,164.0
13646,test_15_20,asmeta,15,20,300,25,163.0
13647,test_25_12,asmeta,25,12,300,25,163.0
13648,test_30_10,asmeta,30,10,300,25,163.0
13649,test_50_6,asmeta,50,6,300,25,166.0
13650,test_15_20,asmeta,15,20,300,26,165.0
13651,test_25_12,asmeta,25,12,300,26,165.0
13652,test_30_10,asmeta,30,10,300,26,158.0
13653,test_50_6,asmeta,50,6,300,26,168.0
13654,test_15_20,asmeta,15,20,300,27,162.0
13655,test_25_12,asmeta,25,12,300,27,166.0
13656,test_30_10,asmeta,30,10,300,27,163.0
13657,test_50_6,asmeta,50,6,300,27,166.0
13658,test_15_20,asmeta,15,20,300,28,164.0
13659,test_25_12,asmeta,25,12,300,28,171.0
13660,test_30_10,asmeta,30,10,300,28,166.0
13661,test_50_6,asmeta,50,6,300,28,166.0
13662,test_15_20,asmeta,15,20,300,29,162.0
13663,test_25_12,asmeta,25,12,300,29,172.0
13664,test_30_10,asmeta,30,10,300,29,164.0
13665,test_50_6,asmeta,50,6,300,29,166.0
13666,test_15_20,asmeta,15,20,300,30,158.0
13667,test_25_12,asmeta,25,12,300,30,172.0
13668,test_30_10,asmeta,30,10,300,30,164.0
13669,test_50_6,asmeta,50,6,300,30,163.0
13670,test_15_20,asmeta,15,20,300,31,162.0
13671,test_25_12,asmeta,25,12,300,31,172.0
13672,test_30_10,asmeta,30,10,300,31,161.0
13673,test_50_6,asmeta,50,6,300,31,168.0
13674,test_15_20,asmeta,15,20,300,32,162.0
13675,test_25_12,asmeta,25,12,300,32,163.0
13676,test_30_10,asmeta,30,10,300,32,166.0
13677,test_50_6,asmeta,50,6,300,32,167.0
13678,test_15_20,asmeta,15,20,300,33,158.0
13679,test_25_12,asmeta,25,12,300,33,161.0
13680,test_30_10,asmeta,30,10,300,33,162.0
13681,test_50_6,asmeta,50,6,300,33,162.0
13682,test_15_20,asmeta,15,20,300,34,160.0
13683,test_25_12,asmeta,25,12,300,34,157.0
13684,test_30_10,asmeta,30,10,300,34,165.0
13685,test_50_6,asmeta,50,6,300,34,165.0
13686,test_15_20,asmeta,15,20,300,35,169.0
13687,test_25_12,asmeta,25,12,300,35,162.0
13688,test_30_10,asmeta,30,10,300,35,168.0
13689,test_50_6,asmeta,50,6,300,35,169.0
13690,test_15_20,asmeta,15,20,300,36,160.0
13691,test_25_12,asmeta,25,12,300,36,163.0
13692,test_30_10,asmeta,30,10,300,36,163.0
13693,test_50_6,asmeta,50,6,300,36,164.0
13694,test_15_20,asmeta,15,20,300,37,162.0
13695,test_25_12,asmeta,25,12,300,37,157.0
13696,test_30_10,asmeta,30,10,300,37,164.0
13697,test_50_6,asmeta,50,6,300,37,162.0
13698,test_15_20,asmeta,15,20,300,38,165.0
13699,test_25_12,asmeta,25,12,300,38,162.0
13700,test_30_10,asmeta,30,10,300,38,165.0
13701,test_50_6,asmeta,50,6,300,38,172.0
13702,test_15_20,asmeta,15,20,300,39,160.0
13703,test_25_12,asmeta,25,12,300,39,159.0
13704,test_30_10,asmeta,30,10,300,39,165.0
13705,test_50_6,asmeta,50,6,300,39,164.0
13706,test_15_20,asmeta,15,20,300,40,159.0
13707,test_25_12,asmeta,25,12,300,40,161.0
13708,test_30_10,asmeta,30,10,300,40,165.0
13709,test_50_6,asmeta,50,6,300,40,163.0
13710,test_15_20,asmeta,15,20,300,41,166.0
13711,test_25_12,asmeta,25,12,300,41,160.0
13712,test_30_10,asmeta,30,10,300,41,165.0
13713,test_50_6,asmeta,50,6,300,41,167.0
13714,test_15_20,asmeta,15,20,300,42,160.0
13715,test_25_12,asmeta,25,12,300,42,157.0
13716,test_30_10,asmeta,30,10,300,42,164.0
13717,test_50_6,asmeta,50,6,300,42,166.0
13718,test_15_20,asmeta,15,20,300,43,163.0
13719,test_25_12,asmeta,25,12,300,43,165.0
13720,test_30_10,asmeta,30,10,300,43,164.0
13721,test_50_6,asmeta,50,6,300,43,163.0
13722,test_15_20,asmeta,15,20,300,44,164.0
13723,test_25_12,asmeta,25,12,300,44,160.0
13724,test_30_10,asmeta,30,10,300,44,166.0
13725,test_50_6,asmeta,50,6,300,44,167.0
13726,test_15_20,asmeta,15,20,300,45,160.0
13727,test_25_12,asmeta,25,12,300,45,163.0
13728,test_30_10,asmeta,30,10,300,45,171.0
13729,test_50_6,asmeta,50,6,300,45,165.0
13730,test_15_20,asmeta,15,20,300,46,164.0
13731,test_25_12,asmeta,25,12,300,46,161.0
13732,test_30_10,asmeta,30,10,300,46,163.0
13733,test_50_6,asmeta,50,6,300,46,164.0
13734,test_15_20,asmeta,15,20,300,47,159.0
13735,test_25_12,asmeta,25,12,300,47,164.0
13736,test_30_10,asmeta,30,10,300,47,162.0
13737,test_50_6,asmeta,50,6,300,47,167.0
13738,test_15_20,asmeta,15,20,300,48,158.0
13739,test_25_12,asmeta,25,12,300,48,165.0
13740,test_30_10,asmeta,30,10,300,48,165.0
13741,test_50_6,asmeta,50,6,300,48,167.0
13742,test_15_20,asmeta,15,20,300,49,163.0
13743,test_25_12,asmeta,25,12,300,49,159.0
13744,test_30_10,asmeta,30,10,300,49,169.0
13745,test_50_6,asmeta,50,6,300,49,170.0
13746,test_15_20,asmeta,15,20,300,50,164.0
13747,test_25_12,asmeta,25,12,300,50,160.0
13748,test_30_10,asmeta,30,10,300,50,167.0
13749,test_50_6,asmeta,50,6,300,50,168.0
13750,test_20_16,asmeta,20,16,320,1,578.0
13751,test_40_8,asmeta,40,8,320,1,423.0
13752,test_20_16,asmeta,20,16,320,2,303.0
13753,test_40_8,asmeta,40,8,320,2,309.0
13754,test_20_16,asmeta,20,16,320,3,290.0
13755,test_40_8,asmeta,40,8,320,3,238.0
13756,test_20_16,asmeta,20,16,320,4,260.0
13757,test_40_8,asmeta,40,8,320,4,220.0
13758,test_20_16,asmeta,20,16,320,5,233.0
13759,test_40_8,asmeta,40,8,320,5,254.0
13760,test_20_16,asmeta,20,16,320,6,233.0
13761,test_40_8,asmeta,40,8,320,6,209.0
13762,test_20_16,asmeta,20,16,320,7,231.0
13763,test_40_8,asmeta,40,8,320,7,206.0
13764,test_20_16,asmeta,20,16,320,8,264.0
13765,test_40_8,asmeta,40,8,320,8,205.0
13766,test_20_16,asmeta,20,16,320,9,236.0
13767,test_40_8,asmeta,40,8,320,9,210.0
13768,test_20_16,asmeta,20,16,320,10,237.0
13769,test_40_8,asmeta,40,8,320,10,217.0
13770,test_20_16,asmeta,20,16,320,11,228.0
13771,test_40_8,asmeta,40,8,320,11,224.0
13772,test_20_16,asmeta,20,16,320,12,229.0
13773,test_40_8,asmeta,40,8,320,12,201.0
13774,test_20_16,asmeta,20,16,320,13,223.0
13775,test_40_8,asmeta,40,8,320,13,198.0
13776,test_20_16,asmeta,20,16,320,14,227.0
13777,test_40_8,asmeta,40,8,320,14,202.0
13778,test_20_16,asmeta,20,16,320,15,221.0
13779,test_40_8,asmeta,40,8,320,15,195.0
13780,test_20_16,asmeta,20,16,320,16,221.0
13781,test_40_8,asmeta,40,8,320,16,197.0
13782,test_20_16,asmeta,20,16,320,17,220.0
13783,test_40_8,asmeta,40,8,320,17,199.0
13784,test_20_16,asmeta,20,16,320,18,225.0
13785,test_40_8,asmeta,40,8,320,18,198.0
13786,test_20_16,asmeta,20,16,320,19,219.0
13787,test_40_8,asmeta,40,8,320,19,198.0
13788,test_20_16,asmeta,20,16,320,20,219.0
13789,test_40_8,asmeta,40,8,320,20,198.0
13790,test_20_16,asmeta,20,16,320,21,217.0
13791,test_40_8,asmeta,40,8,320,21,197.0
13792,test_20_16,asmeta,20,16,320,22,223.0
13793,test_40_8,asmeta,40,8,320,22,202.0
13794,test_20_16,asmeta,20,16,320,23,220.0
13795,test_40_8,asmeta,40,8,320,23,203.0
13796,test_20_16,asmeta,20,16,320,24,223.0
13797,test_40_8,asmeta,40,8,320,24,195.0
13798,test_20_16,asmeta,20,16,320,25,223.0
13799,test_40_8,asmeta,40,8,320,25,202.0
13800,test_20_16,asmeta,20,16,320,26,218.0
13801,test_40_8,asmeta,40,8,320,26,198.0
13802,test_20_16,asmeta,20,16,320,27,221.0
13803,test_40_8,asmeta,40,8,320,27,197.0
13804,test_20_16,asmeta,20,16,320,28,220.0
13805,test_40_8,asmeta,40,8,320,28,198.0
13806,test_20_16,asmeta,20,16,320,29,217.0
13807,test_40_8,asmeta,40,8,320,29,198.0
13808,test_20_16,asmeta,20,16,320,30,219.0
13809,test_40_8,asmeta,40,8,320,30,198.0
13810,test_20_16,asmeta,20,16,320,31,217.0
13811,test_40_8,asmeta,40,8,320,31,197.0
13812,test_20_16,asmeta,20,16,320,32,217.0
13813,test_40_8,asmeta,40,8,320,32,196.0
13814,test_20_16,asmeta,20,16,320,33,214.0
13815,test_40_8,asmeta,40,8,320,33,194.0
13816,test_20_16,asmeta,20,16,320,34,217.0
13817,test_40_8,asmeta,40,8,320,34,196.0
13818,test_20_16,asmeta,20,16,320,35,218.0
13819,test_40_8,asmeta,40,8,320,35,193.0
13820,test_20_16,asmeta,20,16,320,36,214.0
13821,test_40_8,asmeta,40,8,320,36,197.0
13822,test_20_16,asmeta,20,16,320,37,218.0
13823,test_40_8,asmeta,40,8,320,37,194.0
13824,test_20_16,asmeta,20,16,320,38,218.0
13825,test_40_8,asmeta,40,8,320,38,196.0
13826,test_20_16,asmeta,20,16,320,39,218.0
13827,test_40_8,asmeta,40,8,320,39,196.0
13828,test_20_16,asmeta,20,16,320,40,217.0
13829,test_40_8,asmeta,40,8,320,40,196.0
13830,test_20_16,asmeta,20,16,320,41,220.0
13831,test_40_8,asmeta,40,8,320,41,195.0
13832,test_20_16,asmeta,20,16,320,42,216.0
13833,test_40_8,asmeta,40,8,320,42,192.0
13834,test_20_16,asmeta,20,16,320,43,219.0
13835,test_40_8,asmeta,40,8,320,43,198.0
13836,test_20_16,asmeta,20,16,320,44,217.0
13837,test_40_8,asmeta,40,8,320,44,200.0
13838,test_20_16,asmeta,20,16,320,45,218.0
13839,test_40_8,asmeta,40,8,320,45,199.0
13840,test_20_16,asmeta,20,16,320,46,218.0
13841,test_40_8,asmeta,40,8,320,46,196.0
13842,test_20_16,asmeta,20,16,320,47,215.0
13843,test_40_8,asmeta,40,8,320,47,198.0
13844,test_20_16,asmeta,20,16,320,48,216.0
13845,test_40_8,asmeta,40,8,320,48,196.0
13846,test_20_16,asmeta,20,16,320,49,214.0
13847,test_40_8,asmeta,40,8,320,49,196.0
13848,test_20_16,asmeta,20,16,320,50,218.0
13849,test_40_8,asmeta,40,8,320,50,193.0
13850,test_55_6,asmeta,55,6,330,1,461.0
13851,test_55_6,asmeta,55,6,330,2,342.0
13852,test_55_6,asmeta,55,6,330,3,268.0
13853,test_55_6,asmeta,55,6,330,4,239.0
13854,test_55_6,asmeta,55,6,330,5,276.0
13855,test_55_6,asmeta,55,6,330,6,229.0
13856,test_55_6,asmeta,55,6,330,7,228.0
13857,test_55_6,asmeta,55,6,330,8,230.0
13858,test_55_6,asmeta,55,6,330,9,229.0
13859,test_55_6,asmeta,55,6,330,10,268.0
13860,test_55_6,asmeta,55,6,330,11,221.0
13861,test_55_6,asmeta,55,6,330,12,220.0
13862,test_55_6,asmeta,55,6,330,13,215.0
13863,test_55_6,asmeta,55,6,330,14,211.0
13864,test_55_6,asmeta,55,6,330,15,216.0
13865,test_55_6,asmeta,55,6,330,16,221.0
13866,test_55_6,asmeta,55,6,330,17,220.0
13867,test_55_6,asmeta,55,6,330,18,216.0
13868,test_55_6,asmeta,55,6,330,19,212.0
13869,test_55_6,asmeta,55,6,330,20,220.0
13870,test_55_6,asmeta,55,6,330,21,218.0
13871,test_55_6,asmeta,55,6,330,22,217.0
13872,test_55_6,asmeta,55,6,330,23,218.0
13873,test_55_6,asmeta,55,6,330,24,214.0
13874,test_55_6,asmeta,55,6,330,25,218.0
13875,test_55_6,asmeta,55,6,330,26,219.0
13876,test_55_6,asmeta,55,6,330,27,218.0
13877,test_55_6,asmeta,55,6,330,28,219.0
13878,test_55_6,asmeta,55,6,330,29,219.0
13879,test_55_6,asmeta,55,6,330,30,212.0
13880,test_55_6,asmeta,55,6,330,31,214.0
13881,test_55_6,asmeta,55,6,330,32,216.0
13882,test_55_6,asmeta,55,6,330,33,221.0
13883,test_55_6,asmeta,55,6,330,34,215.0
13884,test_55_6,asmeta,55,6,330,35,213.0
13885,test_55_6,asmeta,55,6,330,36,215.0
13886,test_55_6,asmeta,55,6,330,37,215.0
13887,test_55_6,asmeta,55,6,330,38,214.0
13888,test_55_6,asmeta,55,6,330,39,218.0
13889,test_55_6,asmeta,55,6,330,40,214.0
13890,test_55_6,asmeta,55,6,330,41,212.0
13891,test_55_6,asmeta,55,6,330,42,216.0
13892,test_55_6,asmeta,55,6,330,43,215.0
13893,test_55_6,asmeta,55,6,330,44,217.0
13894,test_55_6,asmeta,55,6,330,45,215.0
13895,test_55_6,asmeta,55,6,330,46,212.0
13896,test_55_6,asmeta,55,6,330,47,220.0
13897,test_55_6,asmeta,55,6,330,48,225.0
13898,test_55_6,asmeta,55,6,330,49,217.0
13899,test_55_6,asmeta,55,6,330,50,217.0
13900,test_25_14,asmeta,25,14,350,1,618.0
13901,test_35_10,asmeta,35,10,350,1,567.0
13902,test_25_14,asmeta,25,14,350,2,357.0
13903,test_35_10,asmeta,35,10,350,2,329.0
13904,test_25_14,asmeta,25,14,350,3,335.0
13905,test_35_10,asmeta,35,10,350,3,299.0
13906,test_25_14,asmeta,25,14,350,4,274.0
13907,test_35_10,asmeta,35,10,350,4,342.0
13908,test_25_14,asmeta,25,14,350,5,265.0
13909,test_35_10,asmeta,35,10,350,5,274.0
13910,test_25_14,asmeta,25,14,350,6,267.0
13911,test_35_10,asmeta,35,10,350,6,265.0
13912,test_25_14,asmeta,25,14,350,7,262.0
13913,test_35_10,asmeta,35,10,350,7,255.0
13914,test_25_14,asmeta,25,14,350,8,305.0
13915,test_35_10,asmeta,35,10,350,8,263.0
13916,test_25_14,asmeta,25,14,350,9,261.0
13917,test_35_10,asmeta,35,10,350,9,259.0
13918,test_25_14,asmeta,25,14,350,10,254.0
13919,test_35_10,asmeta,35,10,350,10,282.0
13920,test_25_14,asmeta,25,14,350,11,255.0
13921,test_35_10,asmeta,35,10,350,11,260.0
13922,test_25_14,asmeta,25,14,350,12,255.0
13923,test_35_10,asmeta,35,10,350,12,250.0
13924,test_25_14,asmeta,25,14,350,13,254.0
13925,test_35_10,asmeta,35,10,350,13,254.0
13926,test_25_14,asmeta,25,14,350,14,253.0
13927,test_35_10,asmeta,35,10,350,14,244.0
13928,test_25_14,asmeta,25,14,350,15,250.0
13929,test_35_10,asmeta,35,10,350,15,247.0
13930,test_25_14,asmeta,25,14,350,16,259.0
13931,test_35_10,asmeta,35,10,350,16,252.0
13932,test_25_14,asmeta,25,14,350,17,254.0
13933,test_35_10,asmeta,35,10,350,17,247.0
13934,test_25_14,asmeta,25,14,350,18,252.0
13935,test_35_10,asmeta,35,10,350,18,250.0
13936,test_25_14,asmeta,25,14,350,19,255.0
13937,test_35_10,asmeta,35,10,350,19,250.0
13938,test_25_14,asmeta,25,14,350,20,261.0
13939,test_35_10,asmeta,35,10,350,20,247.0
13940,test_25_14,asmeta,25,14,350,21,254.0
13941,test_35_10,asmeta,35,10,350,21,250.0
13942,test_25_14,asmeta,25,14,350,22,251.0
13943,test_35_10,asmeta,35,10,350,22,249.0
13944,test_25_14,asmeta,25,14,350,23,252.0
13945,test_35_10,asmeta,35,10,350,23,248.0
13946,test_25_14,asmeta,25,14,350,24,250.0
13947,test_35_10,asmeta,35,10,350,24,250.0
13948,test_25_14,asmeta,25,14,350,25,253.0
13949,test_35_10,asmeta,35,10,350,25,249.0
13950,test_25_14,asmeta,25,14,350,26,254.0
13951,test_35_10,asmeta,35,10,350,26,246.0
13952,test_25_14,asmeta,25,14,350,27,253.0
13953,test_35_10,asmeta,35,10,350,27,251.0
13954,test_25_14,asmeta,25,14,350,28,248.0
13955,test_35_10,asmeta,35,10,350,28,256.0
13956,test_25_14,asmeta,25,14,350,29,249.0
13957,test_35_10,asmeta,35,10,350,29,252.0
13958,test_25_14,asmeta,25,14,350,30,256.0
13959,test_35_10,asmeta,35,10,350,30,251.0
13960,test_25_14,asmeta,25,14,350,31,251.0
13961,test_35_10,asmeta,35,10,350,31,248.0
13962,test_25_14,asmeta,25,14,350,32,253.0
13963,test_35_10,asmeta,35,10,350,32,249.0
13964,test_25_14,asmeta,25,14,350,33,254.0
13965,test_35_10,asmeta,35,10,350,33,248.0
13966,test_25_14,asmeta,25,14,350,34,254.0
13967,test_35_10,asmeta,35,10,350,34,254.0
13968,test_25_14,asmeta,25,14,350,35,259.0
13969,test_35_10,asmeta,35,10,350,35,251.0
13970,test_25_14,asmeta,25,14,350,36,254.0
13971,test_35_10,asmeta,35,10,350,36,247.0
13972,test_25_14,asmeta,25,14,350,37,253.0
13973,test_35_10,asmeta,35,10,350,37,245.0
13974,test_25_14,asmeta,25,14,350,38,257.0
13975,test_35_10,asmeta,35,10,350,38,250.0
13976,test_25_14,asmeta,25,14,350,39,260.0
13977,test_35_10,asmeta,35,10,350,39,253.0
13978,test_25_14,asmeta,25,14,350,40,253.0
13979,test_35_10,asmeta,35,10,350,40,251.0
13980,test_25_14,asmeta,25,14,350,41,253.0
13981,test_35_10,asmeta,35,10,350,41,251.0
13982,test_25_14,asmeta,25,14,350,42,256.0
13983,test_35_10,asmeta,35,10,350,42,242.0
13984,test_25_14,asmeta,25,14,350,43,252.0
13985,test_35_10,asmeta,35,10,350,43,244.0
13986,test_25_14,asmeta,25,14,350,44,252.0
13987,test_35_10,asmeta,35,10,350,44,242.0
13988,test_25_14,asmeta,25,14,350,45,253.0
13989,test_35_10,asmeta,35,10,350,45,238.0
13990,test_25_14,asmeta,25,14,350,46,254.0
13991,test_35_10,asmeta,35,10,350,46,241.0
13992,test_25_14,asmeta,25,14,350,47,250.0
13993,test_35_10,asmeta,35,10,350,47,254.0
13994,test_25_14,asmeta,25,14,350,48,253.0
13995,test_35_10,asmeta,35,10,350,48,240.0
13996,test_25_14,asmeta,25,14,350,49,252.0
13997,test_35_10,asmeta,35,10,350,49,244.0
13998,test_25_14,asmeta,25,14,350,50,249.0
13999,test_35_10,asmeta,35,10,350,50,241.0
14000,test_20_18,asmeta,20,18,360,1,686.0
14001,test_30_12,asmeta,30,12,360,1,614.0
14002,test_45_8,asmeta,45,8,360,1,540.0
14003,test_60_6,asmeta,60,6,360,1,549.0
14004,test_20_18,asmeta,20,18,360,2,365.0
14005,test_30_12,asmeta,30,12,360,2,388.0
14006,test_45_8,asmeta,45,8,360,2,359.0
14007,test_60_6,asmeta,60,6,360,2,373.0
14008,test_20_18,asmeta,20,18,360,3,340.0
14009,test_30_12,asmeta,30,12,360,3,370.0
14010,test_45_8,asmeta,45,8,360,3,329.0
14011,test_60_6,asmeta,60,6,360,3,301.0
14012,test_20_18,asmeta,20,18,360,4,280.0
14013,test_30_12,asmeta,30,12,360,4,298.0
14014,test_45_8,asmeta,45,8,360,4,309.0
14015,test_60_6,asmeta,60,6,360,4,329.0
14016,test_20_18,asmeta,20,18,360,5,277.0
14017,test_30_12,asmeta,30,12,360,5,286.0
14018,test_45_8,asmeta,45,8,360,5,279.0
14019,test_60_6,asmeta,60,6,360,5,278.0
14020,test_20_18,asmeta,20,18,360,6,273.0
14021,test_30_12,asmeta,30,12,360,6,281.0
14022,test_45_8,asmeta,45,8,360,6,282.0
14023,test_60_6,asmeta,60,6,360,6,278.0
14024,test_20_18,asmeta,20,18,360,7,273.0
14025,test_30_12,asmeta,30,12,360,7,285.0
14026,test_45_8,asmeta,45,8,360,7,279.0
14027,test_60_6,asmeta,60,6,360,7,276.0
14028,test_20_18,asmeta,20,18,360,8,280.0
14029,test_30_12,asmeta,30,12,360,8,312.0
14030,test_45_8,asmeta,45,8,360,8,276.0
14031,test_60_6,asmeta,60,6,360,8,280.0
14032,test_20_18,asmeta,20,18,360,9,276.0
14033,test_30_12,asmeta,30,12,360,9,274.0
14034,test_45_8,asmeta,45,8,360,9,300.0
14035,test_60_6,asmeta,60,6,360,9,297.0
14036,test_20_18,asmeta,20,18,360,10,281.0
14037,test_30_12,asmeta,30,12,360,10,277.0
14038,test_45_8,asmeta,45,8,360,10,278.0
14039,test_60_6,asmeta,60,6,360,10,287.0
14040,test_20_18,asmeta,20,18,360,11,263.0
14041,test_30_12,asmeta,30,12,360,11,281.0
14042,test_45_8,asmeta,45,8,360,11,271.0
14043,test_60_6,asmeta,60,6,360,11,272.0
14044,test_20_18,asmeta,20,18,360,12,265.0
14045,test_30_12,asmeta,30,12,360,12,269.0
14046,test_45_8,asmeta,45,8,360,12,264.0
14047,test_60_6,asmeta,60,6,360,12,271.0
14048,test_20_18,asmeta,20,18,360,13,267.0
14049,test_30_12,asmeta,30,12,360,13,268.0
14050,test_45_8,asmeta,45,8,360,13,267.0
14051,test_60_6,asmeta,60,6,360,13,271.0
14052,test_20_18,asmeta,20,18,360,14,263.0
14053,test_30_12,asmeta,30,12,360,14,266.0
14054,test_45_8,asmeta,45,8,360,14,263.0
14055,test_60_6,asmeta,60,6,360,14,271.0
14056,test_20_18,asmeta,20,18,360,15,270.0
14057,test_30_12,asmeta,30,12,360,15,269.0
14058,test_45_8,asmeta,45,8,360,15,262.0
14059,test_60_6,asmeta,60,6,360,15,278.0
14060,test_20_18,asmeta,20,18,360,16,265.0
14061,test_30_12,asmeta,30,12,360,16,271.0
14062,test_45_8,asmeta,45,8,360,16,264.0
14063,test_60_6,asmeta,60,6,360,16,275.0
14064,test_20_18,asmeta,20,18,360,17,262.0
14065,test_30_12,asmeta,30,12,360,17,270.0
14066,test_45_8,asmeta,45,8,360,17,264.0
14067,test_60_6,asmeta,60,6,360,17,275.0
14068,test_20_18,asmeta,20,18,360,18,265.0
14069,test_30_12,asmeta,30,12,360,18,263.0
14070,test_45_8,asmeta,45,8,360,18,262.0
14071,test_60_6,asmeta,60,6,360,18,271.0
14072,test_20_18,asmeta,20,18,360,19,264.0
14073,test_30_12,asmeta,30,12,360,19,269.0
14074,test_45_8,asmeta,45,8,360,19,266.0
14075,test_60_6,asmeta,60,6,360,19,271.0
14076,test_20_18,asmeta,20,18,360,20,265.0
14077,test_30_12,asmeta,30,12,360,20,266.0
14078,test_45_8,asmeta,45,8,360,20,263.0
14079,test_60_6,asmeta,60,6,360,20,269.0
14080,test_20_18,asmeta,20,18,360,21,265.0
14081,test_30_12,asmeta,30,12,360,21,265.0
14082,test_45_8,asmeta,45,8,360,21,266.0
14083,test_60_6,asmeta,60,6,360,21,273.0
14084,test_20_18,asmeta,20,18,360,22,263.0
14085,test_30_12,asmeta,30,12,360,22,267.0
14086,test_45_8,asmeta,45,8,360,22,269.0
14087,test_60_6,asmeta,60,6,360,22,268.0
14088,test_20_18,asmeta,20,18,360,23,264.0
14089,test_30_12,asmeta,30,12,360,23,270.0
14090,test_45_8,asmeta,45,8,360,23,265.0
14091,test_60_6,asmeta,60,6,360,23,272.0
14092,test_20_18,asmeta,20,18,360,24,266.0
14093,test_30_12,asmeta,30,12,360,24,264.0
14094,test_45_8,asmeta,45,8,360,24,262.0
14095,test_60_6,asmeta,60,6,360,24,270.0
14096,test_20_18,asmeta,20,18,360,25,265.0
14097,test_30_12,asmeta,30,12,360,25,273.0
14098,test_45_8,asmeta,45,8,360,25,268.0
14099,test_60_6,asmeta,60,6,360,25,268.0
14100,test_20_18,asmeta,20,18,360,26,267.0
14101,test_30_12,asmeta,30,12,360,26,265.0
14102,test_45_8,asmeta,45,8,360,26,267.0
14103,test_60_6,asmeta,60,6,360,26,270.0
14104,test_20_18,asmeta,20,18,360,27,266.0
14105,test_30_12,asmeta,30,12,360,27,263.0
14106,test_45_8,asmeta,45,8,360,27,270.0
14107,test_60_6,asmeta,60,6,360,27,265.0
14108,test_20_18,asmeta,20,18,360,28,266.0
14109,test_30_12,asmeta,30,12,360,28,265.0
14110,test_45_8,asmeta,45,8,360,28,266.0
14111,test_60_6,asmeta,60,6,360,28,266.0
14112,test_20_18,asmeta,20,18,360,29,261.0
14113,test_30_12,asmeta,30,12,360,29,267.0
14114,test_45_8,asmeta,45,8,360,29,263.0
14115,test_60_6,asmeta,60,6,360,29,270.0
14116,test_20_18,asmeta,20,18,360,30,263.0
14117,test_30_12,asmeta,30,12,360,30,266.0
14118,test_45_8,asmeta,45,8,360,30,264.0
14119,test_60_6,asmeta,60,6,360,30,269.0
14120,test_20_18,asmeta,20,18,360,31,266.0
14121,test_30_12,asmeta,30,12,360,31,265.0
14122,test_45_8,asmeta,45,8,360,31,262.0
14123,test_60_6,asmeta,60,6,360,31,267.0
14124,test_20_18,asmeta,20,18,360,32,262.0
14125,test_30_12,asmeta,30,12,360,32,267.0
14126,test_45_8,asmeta,45,8,360,32,266.0
14127,test_60_6,asmeta,60,6,360,32,273.0
14128,test_20_18,asmeta,20,18,360,33,266.0
14129,test_30_12,asmeta,30,12,360,33,263.0
14130,test_45_8,asmeta,45,8,360,33,267.0
14131,test_60_6,asmeta,60,6,360,33,273.0
14132,test_20_18,asmeta,20,18,360,34,265.0
14133,test_30_12,asmeta,30,12,360,34,264.0
14134,test_45_8,asmeta,45,8,360,34,260.0
14135,test_60_6,asmeta,60,6,360,34,274.0
14136,test_20_18,asmeta,20,18,360,35,262.0
14137,test_30_12,asmeta,30,12,360,35,264.0
14138,test_45_8,asmeta,45,8,360,35,262.0
14139,test_60_6,asmeta,60,6,360,35,272.0
14140,test_20_18,asmeta,20,18,360,36,263.0
14141,test_30_12,asmeta,30,12,360,36,267.0
14142,test_45_8,asmeta,45,8,360,36,265.0
14143,test_60_6,asmeta,60,6,360,36,271.0
14144,test_20_18,asmeta,20,18,360,37,265.0
14145,test_30_12,asmeta,30,12,360,37,265.0
14146,test_45_8,asmeta,45,8,360,37,264.0
14147,test_60_6,asmeta,60,6,360,37,269.0
14148,test_20_18,asmeta,20,18,360,38,265.0
14149,test_30_12,asmeta,30,12,360,38,265.0
14150,test_45_8,asmeta,45,8,360,38,263.0
14151,test_60_6,asmeta,60,6,360,38,271.0
14152,test_20_18,asmeta,20,18,360,39,264.0
14153,test_30_12,asmeta,30,12,360,39,269.0
14154,test_45_8,asmeta,45,8,360,39,267.0
14155,test_60_6,asmeta,60,6,360,39,270.0
14156,test_20_18,asmeta,20,18,360,40,264.0
14157,test_30_12,asmeta,30,12,360,40,263.0
14158,test_45_8,asmeta,45,8,360,40,262.0
14159,test_60_6,asmeta,60,6,360,40,272.0
14160,test_20_18,asmeta,20,18,360,41,262.0
14161,test_30_12,asmeta,30,12,360,41,264.0
14162,test_45_8,asmeta,45,8,360,41,261.0
14163,test_60_6,asmeta,60,6,360,41,278.0
14164,test_20_18,asmeta,20,18,360,42,266.0
14165,test_30_12,asmeta,30,12,360,42,264.0
14166,test_45_8,asmeta,45,8,360,42,265.0
14167,test_60_6,asmeta,60,6,360,42,266.0
14168,test_20_18,asmeta,20,18,360,43,266.0
14169,test_30_12,asmeta,30,12,360,43,260.0
14170,test_45_8,asmeta,45,8,360,43,265.0
14171,test_60_6,asmeta,60,6,360,43,270.0
14172,test_20_18,asmeta,20,18,360,44,266.0
14173,test_30_12,asmeta,30,12,360,44,259.0
14174,test_45_8,asmeta,45,8,360,44,263.0
14175,test_60_6,asmeta,60,6,360,44,274.0
14176,test_20_18,asmeta,20,18,360,45,268.0
14177,test_30_12,asmeta,30,12,360,45,266.0
14178,test_45_8,asmeta,45,8,360,45,265.0
14179,test_60_6,asmeta,60,6,360,45,269.0
14180,test_20_18,asmeta,20,18,360,46,265.0
14181,test_30_12,asmeta,30,12,360,46,260.0
14182,test_45_8,asmeta,45,8,360,46,262.0
14183,test_60_6,asmeta,60,6,360,46,275.0
14184,test_20_18,asmeta,20,18,360,47,264.0
14185,test_30_12,asmeta,30,12,360,47,263.0
14186,test_45_8,asmeta,45,8,360,47,263.0
14187,test_60_6,asmeta,60,6,360,47,268.0
14188,test_20_18,asmeta,20,18,360,48,263.0
14189,test_30_12,asmeta,30,12,360,48,264.0
14190,test_45_8,asmeta,45,8,360,48,263.0
14191,test_60_6,asmeta,60,6,360,48,272.0
14192,test_20_18,asmeta,20,18,360,49,261.0
14193,test_30_12,asmeta,30,12,360,49,261.0
14194,test_45_8,asmeta,45,8,360,49,264.0
14195,test_60_6,asmeta,60,6,360,49,269.0
14196,test_20_18,asmeta,20,18,360,50,263.0
14197,test_30_12,asmeta,30,12,360,50,265.0
14198,test_45_8,asmeta,45,8,360,50,260.0
14199,test_60_6,asmeta,60,6,360,50,271.0
14200,test_20_20,asmeta,20,20,400,1,934.0
14201,test_25_16,asmeta,25,16,400,1,811.0
14202,test_40_10,asmeta,40,10,400,1,740.0
14203,test_50_8,asmeta,50,8,400,1,735.0
14204,test_20_20,asmeta,20,20,400,2,524.0
14205,test_25_16,asmeta,25,16,400,2,564.0
14206,test_40_10,asmeta,40,10,400,2,510.0
14207,test_50_8,asmeta,50,8,400,2,518.0
14208,test_20_20,asmeta,20,20,400,3,441.0
14209,test_25_16,asmeta,25,16,400,3,493.0
14210,test_40_10,asmeta,40,10,400,3,475.0
14211,test_50_8,asmeta,50,8,400,3,454.0
14212,test_20_20,asmeta,20,20,400,4,439.0
14213,test_25_16,asmeta,25,16,400,4,477.0
14214,test_40_10,asmeta,40,10,400,4,423.0
14215,test_50_8,asmeta,50,8,400,4,455.0
14216,test_20_20,asmeta,20,20,400,5,415.0
14217,test_25_16,asmeta,25,16,400,5,461.0
14218,test_40_10,asmeta,40,10,400,5,428.0
14219,test_50_8,asmeta,50,8,400,5,447.0
14220,test_20_20,asmeta,20,20,400,6,419.0
14221,test_25_16,asmeta,25,16,400,6,465.0
14222,test_40_10,asmeta,40,10,400,6,417.0
14223,test_50_8,asmeta,50,8,400,6,430.0
14224,test_20_20,asmeta,20,20,400,7,417.0
14225,test_25_16,asmeta,25,16,400,7,460.0
14226,test_40_10,asmeta,40,10,400,7,426.0
14227,test_50_8,asmeta,50,8,400,7,423.0
14228,test_20_20,asmeta,20,20,400,8,416.0
14229,test_25_16,asmeta,25,16,400,8,454.0
14230,test_40_10,asmeta,40,10,400,8,416.0
14231,test_50_8,asmeta,50,8,400,8,426.0
14232,test_20_20,asmeta,20,20,400,9,409.0
14233,test_25_16,asmeta,25,16,400,9,447.0
14234,test_40_10,asmeta,40,10,400,9,415.0
14235,test_50_8,asmeta,50,8,400,9,408.0
14236,test_20_20,asmeta,20,20,400,10,405.0
14237,test_25_16,asmeta,25,16,400,10,456.0
14238,test_40_10,asmeta,40,10,400,10,406.0
14239,test_50_8,asmeta,50,8,400,10,411.0
14240,test_20_20,asmeta,20,20,400,11,409.0
14241,test_25_16,asmeta,25,16,400,11,446.0
14242,test_40_10,asmeta,40,10,400,11,412.0
14243,test_50_8,asmeta,50,8,400,11,407.0
14244,test_20_20,asmeta,20,20,400,12,406.0
14245,test_25_16,asmeta,25,16,400,12,446.0
14246,test_40_10,asmeta,40,10,400,12,411.0
14247,test_50_8,asmeta,50,8,400,12,406.0
14248,test_20_20,asmeta,20,20,400,13,410.0
14249,test_25_16,asmeta,25,16,400,13,449.0
14250,test_40_10,asmeta,40,10,400,13,412.0
14251,test_50_8,asmeta,50,8,400,13,412.0
14252,test_20_20,asmeta,20,20,400,14,406.0
14253,test_25_16,asmeta,25,16,400,14,451.0
14254,test_40_10,asmeta,40,10,400,14,412.0
14255,test_50_8,asmeta,50,8,400,14,410.0
14256,test_20_20,asmeta,20,20,400,15,407.0
14257,test_25_16,asmeta,25,16,400,15,444.0
14258,test_40_10,asmeta,40,10,400,15,412.0
14259,test_50_8,asmeta,50,8,400,15,409.0
14260,test_20_20,asmeta,20,20,400,16,401.0
14261,test_25_16,asmeta,25,16,400,16,447.0
14262,test_40_10,asmeta,40,10,400,16,409.0
14263,test_50_8,asmeta,50,8,400,16,407.0
14264,test_20_20,asmeta,20,20,400,17,403.0
14265,test_25_16,asmeta,25,16,400,17,445.0
14266,test_40_10,asmeta,40,10,400,17,413.0
14267,test_50_8,asmeta,50,8,400,17,408.0
14268,test_20_20,asmeta,20,20,400,18,413.0
14269,test_25_16,asmeta,25,16,400,18,448.0
14270,test_40_10,asmeta,40,10,400,18,406.0
14271,test_50_8,asmeta,50,8,400,18,408.0
14272,test_20_20,asmeta,20,20,400,19,402.0
14273,test_25_16,asmeta,25,16,400,19,445.0
14274,test_40_10,asmeta,40,10,400,19,403.0
14275,test_50_8,asmeta,50,8,400,19,406.0
14276,test_20_20,asmeta,20,20,400,20,395.0
14277,test_25_16,asmeta,25,16,400,20,444.0
14278,test_40_10,asmeta,40,10,400,20,408.0
14279,test_50_8,asmeta,50,8,400,20,402.0
14280,test_20_20,asmeta,20,20,400,21,406.0
14281,test_25_16,asmeta,25,16,400,21,448.0
14282,test_40_10,asmeta,40,10,400,21,414.0
14283,test_50_8,asmeta,50,8,400,21,411.0
14284,test_20_20,asmeta,20,20,400,22,404.0
14285,test_25_16,asmeta,25,16,400,22,442.0
14286,test_40_10,asmeta,40,10,400,22,414.0
14287,test_50_8,asmeta,50,8,400,22,407.0
14288,test_20_20,asmeta,20,20,400,23,406.0
14289,test_25_16,asmeta,25,16,400,23,447.0
14290,test_40_10,asmeta,40,10,400,23,406.0
14291,test_50_8,asmeta,50,8,400,23,406.0
14292,test_20_20,asmeta,20,20,400,24,405.0
14293,test_25_16,asmeta,25,16,400,24,442.0
14294,test_40_10,asmeta,40,10,400,24,413.0
14295,test_50_8,asmeta,50,8,400,24,409.0
14296,test_20_20,asmeta,20,20,400,25,403.0
14297,test_25_16,asmeta,25,16,400,25,449.0
14298,test_40_10,asmeta,40,10,400,25,406.0
14299,test_50_8,asmeta,50,8,400,25,408.0
14300,test_20_20,asmeta,20,20,400,26,400.0
14301,test_25_16,asmeta,25,16,400,26,437.0
14302,test_40_10,asmeta,40,10,400,26,406.0
14303,test_50_8,asmeta,50,8,400,26,410.0
14304,test_20_20,asmeta,20,20,400,27,404.0
14305,test_25_16,asmeta,25,16,400,27,445.0
14306,test_40_10,asmeta,40,10,400,27,407.0
14307,test_50_8,asmeta,50,8,400,27,410.0
14308,test_20_20,asmeta,20,20,400,28,402.0
14309,test_25_16,asmeta,25,16,400,28,444.0
14310,test_40_10,asmeta,40,10,400,28,403.0
14311,test_50_8,asmeta,50,8,400,28,409.0
14312,test_20_20,asmeta,20,20,400,29,400.0
14313,test_25_16,asmeta,25,16,400,29,448.0
14314,test_40_10,asmeta,40,10,400,29,407.0
14315,test_50_8,asmeta,50,8,400,29,409.0
14316,test_20_20,asmeta,20,20,400,30,401.0
14317,test_25_16,asmeta,25,16,400,30,444.0
14318,test_40_10,asmeta,40,10,400,30,407.0
14319,test_50_8,asmeta,50,8,400,30,402.0
14320,test_20_20,asmeta,20,20,400,31,402.0
14321,test_25_16,asmeta,25,16,400,31,444.0
14322,test_40_10,asmeta,40,10,400,31,409.0
14323,test_50_8,asmeta,50,8,400,31,400.0
14324,test_20_20,asmeta,20,20,400,32,403.0
14325,test_25_16,asmeta,25,16,400,32,447.0
14326,test_40_10,asmeta,40,10,400,32,410.0
14327,test_50_8,asmeta,50,8,400,32,407.0
14328,test_20_20,asmeta,20,20,400,33,406.0
14329,test_25_16,asmeta,25,16,400,33,445.0
14330,test_40_10,asmeta,40,10,400,33,410.0
14331,test_50_8,asmeta,50,8,400,33,407.0
14332,test_20_20,asmeta,20,20,400,34,400.0
14333,test_25_16,asmeta,25,16,400,34,449.0
14334,test_40_10,asmeta,40,10,400,34,411.0
14335,test_50_8,asmeta,50,8,400,34,406.0
14336,test_20_20,asmeta,20,20,400,35,399.0
14337,test_25_16,asmeta,25,16,400,35,445.0
14338,test_40_10,asmeta,40,10,400,35,404.0
14339,test_50_8,asmeta,50,8,400,35,406.0
14340,test_20_20,asmeta,20,20,400,36,407.0
14341,test_25_16,asmeta,25,16,400,36,443.0
14342,test_40_10,asmeta,40,10,400,36,400.0
14343,test_50_8,asmeta,50,8,400,36,402.0
14344,test_20_20,asmeta,20,20,400,37,407.0
14345,test_25_16,asmeta,25,16,400,37,442.0
14346,test_40_10,asmeta,40,10,400,37,411.0
14347,test_50_8,asmeta,50,8,400,37,406.0
14348,test_20_20,asmeta,20,20,400,38,401.0
14349,test_25_16,asmeta,25,16,400,38,455.0
14350,test_40_10,asmeta,40,10,400,38,408.0
14351,test_50_8,asmeta,50,8,400,38,411.0
14352,test_20_20,asmeta,20,20,400,39,399.0
14353,test_25_16,asmeta,25,16,400,39,440.0
14354,test_40_10,asmeta,40,10,400,39,409.0
14355,test_50_8,asmeta,50,8,400,39,418.0
14356,test_20_20,asmeta,20,20,400,40,399.0
14357,test_25_16,asmeta,25,16,400,40,446.0
14358,test_40_10,asmeta,40,10,400,40,410.0
14359,test_50_8,asmeta,50,8,400,40,407.0
14360,test_20_20,asmeta,20,20,400,41,402.0
14361,test_25_16,asmeta,25,16,400,41,447.0
14362,test_40_10,asmeta,40,10,400,41,412.0
14363,test_50_8,asmeta,50,8,400,41,405.0
14364,test_20_20,asmeta,20,20,400,42,403.0
14365,test_25_16,asmeta,25,16,400,42,445.0
14366,test_40_10,asmeta,40,10,400,42,413.0
14367,test_50_8,asmeta,50,8,400,42,409.0
14368,test_20_20,asmeta,20,20,400,43,398.0
14369,test_25_16,asmeta,25,16,400,43,442.0
14370,test_40_10,asmeta,40,10,400,43,409.0
14371,test_50_8,asmeta,50,8,400,43,410.0
14372,test_20_20,asmeta,20,20,400,44,395.0
14373,test_25_16,asmeta,25,16,400,44,440.0
14374,test_40_10,asmeta,40,10,400,44,405.0
14375,test_50_8,asmeta,50,8,400,44,403.0
14376,test_20_20,asmeta,20,20,400,45,402.0
14377,test_25_16,asmeta,25,16,400,45,442.0
14378,test_40_10,asmeta,40,10,400,45,408.0
14379,test_50_8,asmeta,50,8,400,45,405.0
14380,test_20_20,asmeta,20,20,400,46,395.0
14381,test_25_16,asmeta,25,16,400,46,438.0
14382,test_40_10,asmeta,40,10,400,46,411.0
14383,test_50_8,asmeta,50,8,400,46,409.0
14384,test_20_20,asmeta,20,20,400,47,392.0
14385,test_25_16,asmeta,25,16,400,47,452.0
14386,test_40_10,asmeta,40,10,400,47,413.0
14387,test_50_8,asmeta,50,8,400,47,416.0
14388,test_20_20,asmeta,20,20,400,48,400.0
14389,test_25_16,asmeta,25,16,400,48,437.0
14390,test_40_10,asmeta,40,10,400,48,421.0
14391,test_50_8,asmeta,50,8,400,48,414.0
14392,test_20_20,asmeta,20,20,400,49,404.0
14393,test_25_16,asmeta,25,16,400,49,443.0
14394,test_40_10,asmeta,40,10,400,49,408.0
14395,test_50_8,asmeta,50,8,400,49,408.0
14396,test_20_20,asmeta,20,20,400,50,400.0
14397,test_25_16,asmeta,25,16,400,50,435.0
14398,test_40_10,asmeta,40,10,400,50,411.0
14399,test_50_8,asmeta,50,8,400,50,409.0
14400,test_30_14,asmeta,30,14,420,1,831.0
14401,test_35_12,asmeta,35,12,420,1,828.0
14402,test_30_14,asmeta,30,14,420,2,606.0
14403,test_35_12,asmeta,35,12,420,2,542.0
14404,test_30_14,asmeta,30,14,420,3,494.0
14405,test_35_12,asmeta,35,12,420,3,489.0
14406,test_30_14,asmeta,30,14,420,4,475.0
14407,test_35_12,asmeta,35,12,420,4,503.0
14408,test_30_14,asmeta,30,14,420,5,471.0
14409,test_35_12,asmeta,35,12,420,5,460.0
14410,test_30_14,asmeta,30,14,420,6,464.0
14411,test_35_12,asmeta,35,12,420,6,476.0
14412,test_30_14,asmeta,30,14,420,7,468.0
14413,test_35_12,asmeta,35,12,420,7,466.0
14414,test_30_14,asmeta,30,14,420,8,470.0
14415,test_35_12,asmeta,35,12,420,8,462.0
14416,test_30_14,asmeta,30,14,420,9,463.0
14417,test_35_12,asmeta,35,12,420,9,460.0
14418,test_30_14,asmeta,30,14,420,10,454.0
14419,test_35_12,asmeta,35,12,420,10,456.0
14420,test_30_14,asmeta,30,14,420,11,465.0
14421,test_35_12,asmeta,35,12,420,11,464.0
14422,test_30_14,asmeta,30,14,420,12,462.0
14423,test_35_12,asmeta,35,12,420,12,461.0
14424,test_30_14,asmeta,30,14,420,13,468.0
14425,test_35_12,asmeta,35,12,420,13,463.0
14426,test_30_14,asmeta,30,14,420,14,461.0
14427,test_35_12,asmeta,35,12,420,14,459.0
14428,test_30_14,asmeta,30,14,420,15,460.0
14429,test_35_12,asmeta,35,12,420,15,456.0
14430,test_30_14,asmeta,30,14,420,16,457.0
14431,test_35_12,asmeta,35,12,420,16,461.0
14432,test_30_14,asmeta,30,14,420,17,458.0
14433,test_35_12,asmeta,35,12,420,17,455.0
14434,test_30_14,asmeta,30,14,420,18,456.0
14435,test_35_12,asmeta,35,12,420,18,457.0
14436,test_30_14,asmeta,30,14,420,19,462.0
14437,test_35_12,asmeta,35,12,420,19,451.0
14438,test_30_14,asmeta,30,14,420,20,461.0
14439,test_35_12,asmeta,35,12,420,20,458.0
14440,test_30_14,asmeta,30,14,420,21,459.0
14441,test_35_12,asmeta,35,12,420,21,456.0
14442,test_30_14,asmeta,30,14,420,22,469.0
14443,test_35_12,asmeta,35,12,420,22,459.0
14444,test_30_14,asmeta,30,14,420,23,465.0
14445,test_35_12,asmeta,35,12,420,23,455.0
14446,test_30_14,asmeta,30,14,420,24,461.0
14447,test_35_12,asmeta,35,12,420,24,453.0
14448,test_30_14,asmeta,30,14,420,25,459.0
14449,test_35_12,asmeta,35,12,420,25,458.0
14450,test_30_14,asmeta,30,14,420,26,464.0
14451,test_35_12,asmeta,35,12,420,26,460.0
14452,test_30_14,asmeta,30,14,420,27,456.0
14453,test_35_12,asmeta,35,12,420,27,456.0
14454,test_30_14,asmeta,30,14,420,28,454.0
14455,test_35_12,asmeta,35,12,420,28,453.0
14456,test_30_14,asmeta,30,14,420,29,461.0
14457,test_35_12,asmeta,35,12,420,29,456.0
14458,test_30_14,asmeta,30,14,420,30,466.0
14459,test_35_12,asmeta,35,12,420,30,466.0
14460,test_30_14,asmeta,30,14,420,31,466.0
14461,test_35_12,asmeta,35,12,420,31,456.0
14462,test_30_14,asmeta,30,14,420,32,460.0
14463,test_35_12,asmeta,35,12,420,32,451.0
14464,test_30_14,asmeta,30,14,420,33,456.0
14465,test_35_12,asmeta,35,12,420,33,457.0
14466,test_30_14,asmeta,30,14,420,34,458.0
14467,test_35_12,asmeta,35,12,420,34,458.0
14468,test_30_14,asmeta,30,14,420,35,455.0
14469,test_35_12,asmeta,35,12,420,35,453.0
14470,test_30_14,asmeta,30,14,420,36,452.0
14471,test_35_12,asmeta,35,12,420,36,459.0
14472,test_30_14,asmeta,30,14,420,37,461.0
14473,test_35_12,asmeta,35,12,420,37,456.0
14474,test_30_14,asmeta,30,14,420,38,457.0
14475,test_35_12,asmeta,35,12,420,38,458.0
14476,test_30_14,asmeta,30,14,420,39,462.0
14477,test_35_12,asmeta,35,12,420,39,456.0
14478,test_30_14,asmeta,30,14,420,40,452.0
14479,test_35_12,asmeta,35,12,420,40,455.0
14480,test_30_14,asmeta,30,14,420,41,458.0
14481,test_35_12,asmeta,35,12,420,41,456.0
14482,test_30_14,asmeta,30,14,420,42,454.0
14483,test_35_12,asmeta,35,12,420,42,454.0
14484,test_30_14,asmeta,30,14,420,43,454.0
14485,test_35_12,asmeta,35,12,420,43,456.0
14486,test_30_14,asmeta,30,14,420,44,457.0
14487,test_35_12,asmeta,35,12,420,44,462.0
14488,test_30_14,asmeta,30,14,420,45,457.0
14489,test_35_12,asmeta,35,12,420,45,463.0
14490,test_30_14,asmeta,30,14,420,46,454.0
14491,test_35_12,asmeta,35,12,420,46,455.0
14492,test_30_14,asmeta,30,14,420,47,456.0
14493,test_35_12,asmeta,35,12,420,47,454.0
14494,test_30_14,asmeta,30,14,420,48,458.0
14495,test_35_12,asmeta,35,12,420,48,454.0
14496,test_30_14,asmeta,30,14,420,49,458.0
14497,test_35_12,asmeta,35,12,420,49,456.0
14498,test_30_14,asmeta,30,14,420,50,455.0
14499,test_35_12,asmeta,35,12,420,50,456.0
14500,test_55_8,asmeta,55,8,440,1,842.0
14501,test_55_8,asmeta,55,8,440,2,609.0
14502,test_55_8,asmeta,55,8,440,3,603.0
14503,test_55_8,asmeta,55,8,440,4,527.0
14504,test_55_8,asmeta,55,8,440,5,516.0
14505,test_55_8,asmeta,55,8,440,6,517.0
14506,test_55_8,asmeta,55,8,440,7,506.0
14507,test_55_8,asmeta,55,8,440,8,508.0
14508,test_55_8,asmeta,55,8,440,9,499.0
14509,test_55_8,asmeta,55,8,440,10,501.0
14510,test_55_8,asmeta,55,8,440,11,502.0
14511,test_55_8,asmeta,55,8,440,12,494.0
14512,test_55_8,asmeta,55,8,440,13,499.0
14513,test_55_8,asmeta,55,8,440,14,501.0
14514,test_55_8,asmeta,55,8,440,15,500.0
14515,test_55_8,asmeta,55,8,440,16,497.0
14516,test_55_8,asmeta,55,8,440,17,494.0
14517,test_55_8,asmeta,55,8,440,18,501.0
14518,test_55_8,asmeta,55,8,440,19,499.0
14519,test_55_8,asmeta,55,8,440,20,494.0
14520,test_55_8,asmeta,55,8,440,21,501.0
14521,test_55_8,asmeta,55,8,440,22,497.0
14522,test_55_8,asmeta,55,8,440,23,497.0
14523,test_55_8,asmeta,55,8,440,24,507.0
14524,test_55_8,asmeta,55,8,440,25,495.0
14525,test_55_8,asmeta,55,8,440,26,495.0
14526,test_55_8,asmeta,55,8,440,27,496.0
14527,test_55_8,asmeta,55,8,440,28,503.0
14528,test_55_8,asmeta,55,8,440,29,494.0
14529,test_55_8,asmeta,55,8,440,30,500.0
14530,test_55_8,asmeta,55,8,440,31,502.0
14531,test_55_8,asmeta,55,8,440,32,497.0
14532,test_55_8,asmeta,55,8,440,33,501.0
14533,test_55_8,asmeta,55,8,440,34,499.0
14534,test_55_8,asmeta,55,8,440,35,503.0
14535,test_55_8,asmeta,55,8,440,36,499.0
14536,test_55_8,asmeta,55,8,440,37,497.0
14537,test_55_8,asmeta,55,8,440,38,506.0
14538,test_55_8,asmeta,55,8,440,39,503.0
14539,test_55_8,asmeta,55,8,440,40,497.0
14540,test_55_8,asmeta,55,8,440,41,501.0
14541,test_55_8,asmeta,55,8,440,42,500.0
14542,test_55_8,asmeta,55,8,440,43,505.0
14543,test_55_8,asmeta,55,8,440,44,514.0
14544,test_55_8,asmeta,55,8,440,45,509.0
14545,test_55_8,asmeta,55,8,440,46,512.0
14546,test_55_8,asmeta,55,8,440,47,501.0
14547,test_55_8,asmeta,55,8,440,48,496.0
14548,test_55_8,asmeta,55,8,440,49,518.0
14549,test_55_8,asmeta,55,8,440,50,489.0
14550,test_25_18,asmeta,25,18,450,1,1011.0
14551,test_45_10,asmeta,45,10,450,1,871.0
14552,test_25_18,asmeta,25,18,450,2,694.0
14553,test_45_10,asmeta,45,10,450,2,634.0
14554,test_25_18,asmeta,25,18,450,3,577.0
14555,test_45_10,asmeta,45,10,450,3,557.0
14556,test_25_18,asmeta,25,18,450,4,543.0
14557,test_45_10,asmeta,45,10,450,4,561.0
14558,test_25_18,asmeta,25,18,450,5,544.0
14559,test_45_10,asmeta,45,10,450,5,557.0
14560,test_25_18,asmeta,25,18,450,6,557.0
14561,test_45_10,asmeta,45,10,450,6,530.0
14562,test_25_18,asmeta,25,18,450,7,525.0
14563,test_45_10,asmeta,45,10,450,7,526.0
14564,test_25_18,asmeta,25,18,450,8,528.0
14565,test_45_10,asmeta,45,10,450,8,528.0
14566,test_25_18,asmeta,25,18,450,9,531.0
14567,test_45_10,asmeta,45,10,450,9,524.0
14568,test_25_18,asmeta,25,18,450,10,529.0
14569,test_45_10,asmeta,45,10,450,10,522.0
14570,test_25_18,asmeta,25,18,450,11,520.0
14571,test_45_10,asmeta,45,10,450,11,528.0
14572,test_25_18,asmeta,25,18,450,12,536.0
14573,test_45_10,asmeta,45,10,450,12,525.0
14574,test_25_18,asmeta,25,18,450,13,529.0
14575,test_45_10,asmeta,45,10,450,13,521.0
14576,test_25_18,asmeta,25,18,450,14,525.0
14577,test_45_10,asmeta,45,10,450,14,532.0
14578,test_25_18,asmeta,25,18,450,15,522.0
14579,test_45_10,asmeta,45,10,450,15,530.0
14580,test_25_18,asmeta,25,18,450,16,517.0
14581,test_45_10,asmeta,45,10,450,16,528.0
14582,test_25_18,asmeta,25,18,450,17,520.0
14583,test_45_10,asmeta,45,10,450,17,523.0
14584,test_25_18,asmeta,25,18,450,18,527.0
14585,test_45_10,asmeta,45,10,450,18,528.0
14586,test_25_18,asmeta,25,18,450,19,524.0
14587,test_45_10,asmeta,45,10,450,19,520.0
14588,test_25_18,asmeta,25,18,450,20,529.0
14589,test_45_10,asmeta,45,10,450,20,521.0
14590,test_25_18,asmeta,25,18,450,21,528.0
14591,test_45_10,asmeta,45,10,450,21,525.0
14592,test_25_18,asmeta,25,18,450,22,530.0
14593,test_45_10,asmeta,45,10,450,22,521.0
14594,test_25_18,asmeta,25,18,450,23,522.0
14595,test_45_10,asmeta,45,10,450,23,523.0
14596,test_25_18,asmeta,25,18,450,24,521.0
14597,test_45_10,asmeta,45,10,450,24,527.0
14598,test_25_18,asmeta,25,18,450,25,525.0
14599,test_45_10,asmeta,45,10,450,25,521.0
14600,test_25_18,asmeta,25,18,450,26,521.0
14601,test_45_10,asmeta,45,10,450,26,514.0
14602,test_25_18,asmeta,25,18,450,27,520.0
14603,test_45_10,asmeta,45,10,450,27,520.0
14604,test_25_18,asmeta,25,18,450,28,523.0
14605,test_45_10,asmeta,45,10,450,28,522.0
14606,test_25_18,asmeta,25,18,450,29,525.0
14607,test_45_10,asmeta,45,10,450,29,525.0
14608,test_25_18,asmeta,25,18,450,30,523.0
14609,test_45_10,asmeta,45,10,450,30,525.0
14610,test_25_18,asmeta,25,18,450,31,530.0
14611,test_45_10,asmeta,45,10,450,31,525.0
14612,test_25_18,asmeta,25,18,450,32,523.0
14613,test_45_10,asmeta,45,10,450,32,524.0
14614,test_25_18,asmeta,25,18,450,33,514.0
14615,test_45_10,asmeta,45,10,450,33,515.0
14616,test_25_18,asmeta,25,18,450,34,523.0
14617,test_45_10,asmeta,45,10,450,34,520.0
14618,test_25_18,asmeta,25,18,450,35,516.0
14619,test_45_10,asmeta,45,10,450,35,527.0
14620,test_25_18,asmeta,25,18,450,36,510.0
14621,test_45_10,asmeta,45,10,450,36,518.0
14622,test_25_18,asmeta,25,18,450,37,521.0
14623,test_45_10,asmeta,45,10,450,37,520.0
14624,test_25_18,asmeta,25,18,450,38,517.0
14625,test_45_10,asmeta,45,10,450,38,519.0
14626,test_25_18,asmeta,25,18,450,39,518.0
14627,test_45_10,asmeta,45,10,450,39,521.0
14628,test_25_18,asmeta,25,18,450,40,522.0
14629,test_45_10,asmeta,45,10,450,40,519.0
14630,test_25_18,asmeta,25,18,450,41,519.0
14631,test_45_10,asmeta,45,10,450,41,522.0
14632,test_25_18,asmeta,25,18,450,42,522.0
14633,test_45_10,asmeta,45,10,450,42,527.0
14634,test_25_18,asmeta,25,18,450,43,523.0
14635,test_45_10,asmeta,45,10,450,43,534.0
14636,test_25_18,asmeta,25,18,450,44,518.0
14637,test_45_10,asmeta,45,10,450,44,518.0
14638,test_25_18,asmeta,25,18,450,45,523.0
14639,test_45_10,asmeta,45,10,450,45,522.0
14640,test_25_18,asmeta,25,18,450,46,511.0
14641,test_45_10,asmeta,45,10,450,46,520.0
14642,test_25_18,asmeta,25,18,450,47,534.0
14643,test_45_10,asmeta,45,10,450,47,519.0
14644,test_25_18,asmeta,25,18,450,48,536.0
14645,test_45_10,asmeta,45,10,450,48,520.0
14646,test_25_18,asmeta,25,18,450,49,516.0
14647,test_45_10,asmeta,45,10,450,49,518.0
14648,test_25_18,asmeta,25,18,450,50,525.0
14649,test_45_10,asmeta,45,10,450,50,518.0
14650,test_30_16,asmeta,30,16,480,1,1047.0
14651,test_40_12,asmeta,40,12,480,1,1003.0
14652,test_60_8,asmeta,60,8,480,1,939.0
14653,test_30_16,asmeta,30,16,480,2,687.0
14654,test_40_12,asmeta,40,12,480,2,776.0
14655,test_60_8,asmeta,60,8,480,2,736.0
14656,test_30_16,asmeta,30,16,480,3,666.0
14657,test_40_12,asmeta,40,12,480,3,648.0
14658,test_60_8,asmeta,60,8,480,3,634.0
14659,test_30_16,asmeta,30,16,480,4,633.0
14660,test_40_12,asmeta,40,12,480,4,634.0
14661,test_60_8,asmeta,60,8,480,4,630.0
14662,test_30_16,asmeta,30,16,480,5,635.0
14663,test_40_12,asmeta,40,12,480,5,619.0
14664,test_60_8,asmeta,60,8,480,5,648.0
14665,test_30_16,asmeta,30,16,480,6,609.0
14666,test_40_12,asmeta,40,12,480,6,615.0
14667,test_60_8,asmeta,60,8,480,6,608.0
14668,test_30_16,asmeta,30,16,480,7,615.0
14669,test_40_12,asmeta,40,12,480,7,610.0
14670,test_60_8,asmeta,60,8,480,7,618.0
14671,test_30_16,asmeta,30,16,480,8,616.0
14672,test_40_12,asmeta,40,12,480,8,612.0
14673,test_60_8,asmeta,60,8,480,8,608.0
14674,test_30_16,asmeta,30,16,480,9,613.0
14675,test_40_12,asmeta,40,12,480,9,609.0
14676,test_60_8,asmeta,60,8,480,9,607.0
14677,test_30_16,asmeta,30,16,480,10,611.0
14678,test_40_12,asmeta,40,12,480,10,606.0
14679,test_60_8,asmeta,60,8,480,10,614.0
14680,test_30_16,asmeta,30,16,480,11,606.0
14681,test_40_12,asmeta,40,12,480,11,607.0
14682,test_60_8,asmeta,60,8,480,11,609.0
14683,test_30_16,asmeta,30,16,480,12,619.0
14684,test_40_12,asmeta,40,12,480,12,606.0
14685,test_60_8,asmeta,60,8,480,12,603.0
14686,test_30_16,asmeta,30,16,480,13,616.0
14687,test_40_12,asmeta,40,12,480,13,608.0
14688,test_60_8,asmeta,60,8,480,13,610.0
14689,test_30_16,asmeta,30,16,480,14,605.0
14690,test_40_12,asmeta,40,12,480,14,608.0
14691,test_60_8,asmeta,60,8,480,14,609.0
14692,test_30_16,asmeta,30,16,480,15,612.0
14693,test_40_12,asmeta,40,12,480,15,605.0
14694,test_60_8,asmeta,60,8,480,15,611.0
14695,test_30_16,asmeta,30,16,480,16,615.0
14696,test_40_12,asmeta,40,12,480,16,609.0
14697,test_60_8,asmeta,60,8,480,16,606.0
14698,test_30_16,asmeta,30,16,480,17,603.0
14699,test_40_12,asmeta,40,12,480,17,605.0
14700,test_60_8,asmeta,60,8,480,17,602.0
14701,test_30_16,asmeta,30,16,480,18,607.0
14702,test_40_12,asmeta,40,12,480,18,606.0
14703,test_60_8,asmeta,60,8,480,18,597.0
14704,test_30_16,asmeta,30,16,480,19,605.0
14705,test_40_12,asmeta,40,12,480,19,607.0
14706,test_60_8,asmeta,60,8,480,19,606.0
14707,test_30_16,asmeta,30,16,480,20,606.0
14708,test_40_12,asmeta,40,12,480,20,603.0
14709,test_60_8,asmeta,60,8,480,20,610.0
14710,test_30_16,asmeta,30,16,480,21,603.0
14711,test_40_12,asmeta,40,12,480,21,606.0
14712,test_60_8,asmeta,60,8,480,21,598.0
14713,test_30_16,asmeta,30,16,480,22,603.0
14714,test_40_12,asmeta,40,12,480,22,609.0
14715,test_60_8,asmeta,60,8,480,22,601.0
14716,test_30_16,asmeta,30,16,480,23,605.0
14717,test_40_12,asmeta,40,12,480,23,600.0
14718,test_60_8,asmeta,60,8,480,23,606.0
14719,test_30_16,asmeta,30,16,480,24,630.0
14720,test_40_12,asmeta,40,12,480,24,601.0
14721,test_60_8,asmeta,60,8,480,24,605.0
14722,test_30_16,asmeta,30,16,480,25,611.0
14723,test_40_12,asmeta,40,12,480,25,599.0
14724,test_60_8,asmeta,60,8,480,25,605.0
14725,test_30_16,asmeta,30,16,480,26,603.0
14726,test_40_12,asmeta,40,12,480,26,602.0
14727,test_60_8,asmeta,60,8,480,26,605.0
14728,test_30_16,asmeta,30,16,480,27,615.0
14729,test_40_12,asmeta,40,12,480,27,603.0
14730,test_60_8,asmeta,60,8,480,27,606.0
14731,test_30_16,asmeta,30,16,480,28,609.0
14732,test_40_12,asmeta,40,12,480,28,596.0
14733,test_60_8,asmeta,60,8,480,28,607.0
14734,test_30_16,asmeta,30,16,480,29,612.0
14735,test_40_12,asmeta,40,12,480,29,610.0
14736,test_60_8,asmeta,60,8,480,29,612.0
14737,test_30_16,asmeta,30,16,480,30,608.0
14738,test_40_12,asmeta,40,12,480,30,605.0
14739,test_60_8,asmeta,60,8,480,30,605.0
14740,test_30_16,asmeta,30,16,480,31,606.0
14741,test_40_12,asmeta,40,12,480,31,606.0
14742,test_60_8,asmeta,60,8,480,31,598.0
14743,test_30_16,asmeta,30,16,480,32,610.0
14744,test_40_12,asmeta,40,12,480,32,603.0
14745,test_60_8,asmeta,60,8,480,32,605.0
14746,test_30_16,asmeta,30,16,480,33,609.0
14747,test_40_12,asmeta,40,12,480,33,603.0
14748,test_60_8,asmeta,60,8,480,33,606.0
14749,test_30_16,asmeta,30,16,480,34,617.0
14750,test_40_12,asmeta,40,12,480,34,610.0
14751,test_60_8,asmeta,60,8,480,34,600.0
14752,test_30_16,asmeta,30,16,480,35,612.0
14753,test_40_12,asmeta,40,12,480,35,603.0
14754,test_60_8,asmeta,60,8,480,35,601.0
14755,test_30_16,asmeta,30,16,480,36,602.0
14756,test_40_12,asmeta,40,12,480,36,610.0
14757,test_60_8,asmeta,60,8,480,36,614.0
14758,test_30_16,asmeta,30,16,480,37,608.0
14759,test_40_12,asmeta,40,12,480,37,602.0
14760,test_60_8,asmeta,60,8,480,37,599.0
14761,test_30_16,asmeta,30,16,480,38,621.0
14762,test_40_12,asmeta,40,12,480,38,600.0
14763,test_60_8,asmeta,60,8,480,38,607.0
14764,test_30_16,asmeta,30,16,480,39,607.0
14765,test_40_12,asmeta,40,12,480,39,613.0
14766,test_60_8,asmeta,60,8,480,39,620.0
14767,test_30_16,asmeta,30,16,480,40,609.0
14768,test_40_12,asmeta,40,12,480,40,610.0
14769,test_60_8,asmeta,60,8,480,40,608.0
14770,test_30_16,asmeta,30,16,480,41,609.0
14771,test_40_12,asmeta,40,12,480,41,601.0
14772,test_60_8,asmeta,60,8,480,41,605.0
14773,test_30_16,asmeta,30,16,480,42,595.0
14774,test_40_12,asmeta,40,12,480,42,605.0
14775,test_60_8,asmeta,60,8,480,42,601.0
14776,test_30_16,asmeta,30,16,480,43,598.0
14777,test_40_12,asmeta,40,12,480,43,607.0
14778,test_60_8,asmeta,60,8,480,43,595.0
14779,test_30_16,asmeta,30,16,480,44,618.0
14780,test_40_12,asmeta,40,12,480,44,600.0
14781,test_60_8,asmeta,60,8,480,44,596.0
14782,test_30_16,asmeta,30,16,480,45,604.0
14783,test_40_12,asmeta,40,12,480,45,605.0
14784,test_60_8,asmeta,60,8,480,45,604.0
14785,test_30_16,asmeta,30,16,480,46,610.0
14786,test_40_12,asmeta,40,12,480,46,604.0
14787,test_60_8,asmeta,60,8,480,46,603.0
14788,test_30_16,asmeta,30,16,480,47,598.0
14789,test_40_12,asmeta,40,12,480,47,605.0
14790,test_60_8,asmeta,60,8,480,47,597.0
14791,test_30_16,asmeta,30,16,480,48,600.0
14792,test_40_12,asmeta,40,12,480,48,606.0
14793,test_60_8,asmeta,60,8,480,48,601.0
14794,test_30_16,asmeta,30,16,480,49,634.0
14795,test_40_12,asmeta,40,12,480,49,595.0
14796,test_60_8,asmeta,60,8,480,49,598.0
14797,test_30_16,asmeta,30,16,480,50,608.0
14798,test_40_12,asmeta,40,12,480,50,597.0
14799,test_60_8,asmeta,60,8,480,50,601.0
14800,test_35_14,asmeta,35,14,490,1,1067.0
14801,test_35_14,asmeta,35,14,490,2,780.0
14802,test_35_14,asmeta,35,14,490,3,675.0
14803,test_35_14,asmeta,35,14,490,4,660.0
14804,test_35_14,asmeta,35,14,490,5,655.0
14805,test_35_14,asmeta,35,14,490,6,647.0
14806,test_35_14,asmeta,35,14,490,7,651.0
14807,test_35_14,asmeta,35,14,490,8,649.0
14808,test_35_14,asmeta,35,14,490,9,633.0
14809,test_35_14,asmeta,35,14,490,10,641.0
14810,test_35_14,asmeta,35,14,490,11,645.0
14811,test_35_14,asmeta,35,14,490,12,636.0
14812,test_35_14,asmeta,35,14,490,13,637.0
14813,test_35_14,asmeta,35,14,490,14,641.0
14814,test_35_14,asmeta,35,14,490,15,638.0
14815,test_35_14,asmeta,35,14,490,16,639.0
14816,test_35_14,asmeta,35,14,490,17,645.0
14817,test_35_14,asmeta,35,14,490,18,640.0
14818,test_35_14,asmeta,35,14,490,19,640.0
14819,test_35_14,asmeta,35,14,490,20,640.0
14820,test_35_14,asmeta,35,14,490,21,647.0
14821,test_35_14,asmeta,35,14,490,22,644.0
14822,test_35_14,asmeta,35,14,490,23,643.0
14823,test_35_14,asmeta,35,14,490,24,650.0
14824,test_35_14,asmeta,35,14,490,25,639.0
14825,test_35_14,asmeta,35,14,490,26,645.0
14826,test_35_14,asmeta,35,14,490,27,637.0
14827,test_35_14,asmeta,35,14,490,28,640.0
14828,test_35_14,asmeta,35,14,490,29,643.0
14829,test_35_14,asmeta,35,14,490,30,641.0
14830,test_35_14,asmeta,35,14,490,31,645.0
14831,test_35_14,asmeta,35,14,490,32,639.0
14832,test_35_14,asmeta,35,14,490,33,643.0
14833,test_35_14,asmeta,35,14,490,34,643.0
14834,test_35_14,asmeta,35,14,490,35,645.0
14835,test_35_14,asmeta,35,14,490,36,638.0
14836,test_35_14,asmeta,35,14,490,37,639.0
14837,test_35_14,asmeta,35,14,490,38,651.0
14838,test_35_14,asmeta,35,14,490,39,656.0
14839,test_35_14,asmeta,35,14,490,40,656.0
14840,test_35_14,asmeta,35,14,490,41,636.0
14841,test_35_14,asmeta,35,14,490,42,642.0
14842,test_35_14,asmeta,35,14,490,43,639.0
14843,test_35_14,asmeta,35,14,490,44,639.0
14844,test_35_14,asmeta,35,14,490,45,638.0
14845,test_35_14,asmeta,35,14,490,46,642.0
14846,test_35_14,asmeta,35,14,490,47,638.0
14847,test_35_14,asmeta,35,14,490,48,643.0
14848,test_35_14,asmeta,35,14,490,49,640.0
14849,test_35_14,asmeta,35,14,490,50,643.0
14850,test_25_20,asmeta,25,20,500,1,1346.0
14851,test_50_10,asmeta,50,10,500,1,1038.0
14852,test_25_20,asmeta,25,20,500,2,783.0
14853,test_50_10,asmeta,50,10,500,2,801.0
14854,test_25_20,asmeta,25,20,500,3,717.0
14855,test_50_10,asmeta,50,10,500,3,734.0
14856,test_25_20,asmeta,25,20,500,4,754.0
14857,test_50_10,asmeta,50,10,500,4,700.0
14858,test_25_20,asmeta,25,20,500,5,683.0
14859,test_50_10,asmeta,50,10,500,5,697.0
14860,test_25_20,asmeta,25,20,500,6,696.0
14861,test_50_10,asmeta,50,10,500,6,716.0
14862,test_25_20,asmeta,25,20,500,7,699.0
14863,test_50_10,asmeta,50,10,500,7,669.0
14864,test_25_20,asmeta,25,20,500,8,691.0
14865,test_50_10,asmeta,50,10,500,8,678.0
14866,test_25_20,asmeta,25,20,500,9,693.0
14867,test_50_10,asmeta,50,10,500,9,674.0
14868,test_25_20,asmeta,25,20,500,10,694.0
14869,test_50_10,asmeta,50,10,500,10,676.0
14870,test_25_20,asmeta,25,20,500,11,689.0
14871,test_50_10,asmeta,50,10,500,11,675.0
14872,test_25_20,asmeta,25,20,500,12,693.0
14873,test_50_10,asmeta,50,10,500,12,667.0
14874,test_25_20,asmeta,25,20,500,13,696.0
14875,test_50_10,asmeta,50,10,500,13,668.0
14876,test_25_20,asmeta,25,20,500,14,697.0
14877,test_50_10,asmeta,50,10,500,14,671.0
14878,test_25_20,asmeta,25,20,500,15,698.0
14879,test_50_10,asmeta,50,10,500,15,666.0
14880,test_25_20,asmeta,25,20,500,16,697.0
14881,test_50_10,asmeta,50,10,500,16,669.0
14882,test_25_20,asmeta,25,20,500,17,688.0
14883,test_50_10,asmeta,50,10,500,17,671.0
14884,test_25_20,asmeta,25,20,500,18,691.0
14885,test_50_10,asmeta,50,10,500,18,668.0
14886,test_25_20,asmeta,25,20,500,19,706.0
14887,test_50_10,asmeta,50,10,500,19,671.0
14888,test_25_20,asmeta,25,20,500,20,693.0
14889,test_50_10,asmeta,50,10,500,20,664.0
14890,test_25_20,asmeta,25,20,500,21,696.0
14891,test_50_10,asmeta,50,10,500,21,669.0
14892,test_25_20,asmeta,25,20,500,22,684.0
14893,test_50_10,asmeta,50,10,500,22,669.0
14894,test_25_20,asmeta,25,20,500,23,687.0
14895,test_50_10,asmeta,50,10,500,23,671.0
14896,test_25_20,asmeta,25,20,500,24,688.0
14897,test_50_10,asmeta,50,10,500,24,666.0
14898,test_25_20,asmeta,25,20,500,25,698.0
14899,test_50_10,asmeta,50,10,500,25,668.0
14900,test_25_20,asmeta,25,20,500,26,691.0
14901,test_50_10,asmeta,50,10,500,26,664.0
14902,test_25_20,asmeta,25,20,500,27,686.0
14903,test_50_10,asmeta,50,10,500,27,661.0
14904,test_25_20,asmeta,25,20,500,28,684.0
14905,test_50_10,asmeta,50,10,500,28,661.0
14906,test_25_20,asmeta,25,20,500,29,689.0
14907,test_50_10,asmeta,50,10,500,29,666.0
14908,test_25_20,asmeta,25,20,500,30,691.0
14909,test_50_10,asmeta,50,10,500,30,667.0
14910,test_25_20,asmeta,25,20,500,31,694.0
14911,test_50_10,asmeta,50,10,500,31,663.0
14912,test_25_20,asmeta,25,20,500,32,689.0
14913,test_50_10,asmeta,50,10,500,32,665.0
14914,test_25_20,asmeta,25,20,500,33,679.0
14915,test_50_10,asmeta,50,10,500,33,664.0
14916,test_25_20,asmeta,25,20,500,34,682.0
14917,test_50_10,asmeta,50,10,500,34,666.0
14918,test_25_20,asmeta,25,20,500,35,668.0
14919,test_50_10,asmeta,50,10,500,35,665.0
14920,test_25_20,asmeta,25,20,500,36,684.0
14921,test_50_10,asmeta,50,10,500,36,663.0
14922,test_25_20,asmeta,25,20,500,37,687.0
14923,test_50_10,asmeta,50,10,500,37,661.0
14924,test_25_20,asmeta,25,20,500,38,672.0
14925,test_50_10,asmeta,50,10,500,38,674.0
14926,test_25_20,asmeta,25,20,500,39,667.0
14927,test_50_10,asmeta,50,10,500,39,671.0
14928,test_25_20,asmeta,25,20,500,40,675.0
14929,test_50_10,asmeta,50,10,500,40,667.0
14930,test_25_20,asmeta,25,20,500,41,679.0
14931,test_50_10,asmeta,50,10,500,41,664.0
14932,test_25_20,asmeta,25,20,500,42,679.0
14933,test_50_10,asmeta,50,10,500,42,667.0
14934,test_25_20,asmeta,25,20,500,43,709.0
14935,test_50_10,asmeta,50,10,500,43,679.0
14936,test_25_20,asmeta,25,20,500,44,676.0
14937,test_50_10,asmeta,50,10,500,44,665.0
14938,test_25_20,asmeta,25,20,500,45,677.0
14939,test_50_10,asmeta,50,10,500,45,664.0
14940,test_25_20,asmeta,25,20,500,46,679.0
14941,test_50_10,asmeta,50,10,500,46,669.0
14942,test_25_20,asmeta,25,20,500,47,676.0
14943,test_50_10,asmeta,50,10,500,47,673.0
14944,test_25_20,asmeta,25,20,500,48,669.0
14945,test_50_10,asmeta,50,10,500,48,670.0
14946,test_25_20,asmeta,25,20,500,49,681.0
14947,test_50_10,asmeta,50,10,500,49,671.0
14948,test_25_20,asmeta,25,20,500,50,677.0
14949,test_50_10,asmeta,50,10,500,50,665.0
14950,test_30_18,asmeta,30,18,540,1,1342.0
14951,test_45_12,asmeta,45,12,540,1,1209.0
14952,test_30_18,asmeta,30,18,540,2,879.0
14953,test_45_12,asmeta,45,12,540,2,975.0
14954,test_30_18,asmeta,30,18,540,3,838.0
14955,test_45_12,asmeta,45,12,540,3,867.0
14956,test_30_18,asmeta,30,18,540,4,860.0
14957,test_45_12,asmeta,45,12,540,4,865.0
14958,test_30_18,asmeta,30,18,540,5,815.0
14959,test_45_12,asmeta,45,12,540,5,829.0
14960,test_30_18,asmeta,30,18,540,6,817.0
14961,test_45_12,asmeta,45,12,540,6,826.0
14962,test_30_18,asmeta,30,18,540,7,825.0
14963,test_45_12,asmeta,45,12,540,7,817.0
14964,test_30_18,asmeta,30,18,540,8,816.0
14965,test_45_12,asmeta,45,12,540,8,817.0
14966,test_30_18,asmeta,30,18,540,9,812.0
14967,test_45_12,asmeta,45,12,540,9,823.0
14968,test_30_18,asmeta,30,18,540,10,834.0
14969,test_45_12,asmeta,45,12,540,10,825.0
14970,test_30_18,asmeta,30,18,540,11,813.0
14971,test_45_12,asmeta,45,12,540,11,827.0
14972,test_30_18,asmeta,30,18,540,12,811.0
14973,test_45_12,asmeta,45,12,540,12,822.0
14974,test_30_18,asmeta,30,18,540,13,816.0
14975,test_45_12,asmeta,45,12,540,13,831.0
14976,test_30_18,asmeta,30,18,540,14,806.0
14977,test_45_12,asmeta,45,12,540,14,818.0
14978,test_30_18,asmeta,30,18,540,15,814.0
14979,test_45_12,asmeta,45,12,540,15,816.0
14980,test_30_18,asmeta,30,18,540,16,805.0
14981,test_45_12,asmeta,45,12,540,16,824.0
14982,test_30_18,asmeta,30,18,540,17,813.0
14983,test_45_12,asmeta,45,12,540,17,820.0
14984,test_30_18,asmeta,30,18,540,18,817.0
14985,test_45_12,asmeta,45,12,540,18,819.0
14986,test_30_18,asmeta,30,18,540,19,811.0
14987,test_45_12,asmeta,45,12,540,19,819.0
14988,test_30_18,asmeta,30,18,540,20,811.0
14989,test_45_12,asmeta,45,12,540,20,813.0
14990,test_30_18,asmeta,30,18,540,21,820.0
14991,test_45_12,asmeta,45,12,540,21,815.0
14992,test_30_18,asmeta,30,18,540,22,812.0
14993,test_45_12,asmeta,45,12,540,22,814.0
14994,test_30_18,asmeta,30,18,540,23,808.0
14995,test_45_12,asmeta,45,12,540,23,807.0
14996,test_30_18,asmeta,30,18,540,24,805.0
14997,test_45_12,asmeta,45,12,540,24,817.0
14998,test_30_18,asmeta,30,18,540,25,806.0
14999,test_45_12,asmeta,45,12,540,25,818.0
15000,test_30_18,asmeta,30,18,540,26,808.0
15001,test_45_12,asmeta,45,12,540,26,809.0
15002,test_30_18,asmeta,30,18,540,27,804.0
15003,test_45_12,asmeta,45,12,540,27,812.0
15004,test_30_18,asmeta,30,18,540,28,813.0
15005,test_45_12,asmeta,45,12,540,28,814.0
15006,test_30_18,asmeta,30,18,540,29,814.0
15007,test_45_12,asmeta,45,12,540,29,824.0
15008,test_30_18,asmeta,30,18,540,30,803.0
15009,test_45_12,asmeta,45,12,540,30,825.0
15010,test_30_18,asmeta,30,18,540,31,832.0
15011,test_45_12,asmeta,45,12,540,31,823.0
15012,test_30_18,asmeta,30,18,540,32,805.0
15013,test_45_12,asmeta,45,12,540,32,817.0
15014,test_30_18,asmeta,30,18,540,33,809.0
15015,test_45_12,asmeta,45,12,540,33,828.0
15016,test_30_18,asmeta,30,18,540,34,810.0
15017,test_45_12,asmeta,45,12,540,34,823.0
15018,test_30_18,asmeta,30,18,540,35,802.0
15019,test_45_12,asmeta,45,12,540,35,827.0
15020,test_30_18,asmeta,30,18,540,36,801.0
15021,test_45_12,asmeta,45,12,540,36,835.0
15022,test_30_18,asmeta,30,18,540,37,808.0
15023,test_45_12,asmeta,45,12,540,37,820.0
15024,test_30_18,asmeta,30,18,540,38,802.0
15025,test_45_12,asmeta,45,12,540,38,811.0
15026,test_30_18,asmeta,30,18,540,39,814.0
15027,test_45_12,asmeta,45,12,540,39,813.0
15028,test_30_18,asmeta,30,18,540,40,806.0
15029,test_45_12,asmeta,45,12,540,40,820.0
15030,test_30_18,asmeta,30,18,540,41,807.0
15031,test_45_12,asmeta,45,12,540,41,814.0
15032,test_30_18,asmeta,30,18,540,42,798.0
15033,test_45_12,asmeta,45,12,540,42,817.0
15034,test_30_18,asmeta,30,18,540,43,806.0
15035,test_45_12,asmeta,45,12,540,43,815.0
15036,test_30_18,asmeta,30,18,540,44,808.0
15037,test_45_12,asmeta,45,12,540,44,812.0
15038,test_30_18,asmeta,30,18,540,45,814.0
15039,test_45_12,asmeta,45,12,540,45,798.0
15040,test_30_18,asmeta,30,18,540,46,797.0
15041,test_45_12,asmeta,45,12,540,46,816.0
15042,test_30_18,asmeta,30,18,540,47,808.0
15043,test_45_12,asmeta,45,12,540,47,804.0
15044,test_30_18,asmeta,30,18,540,48,803.0
15045,test_45_12,asmeta,45,12,540,48,806.0
15046,test_30_18,asmeta,30,18,540,49,800.0
15047,test_45_12,asmeta,45,12,540,49,804.0
15048,test_30_18,asmeta,30,18,540,50,810.0
15049,test_45_12,asmeta,45,12,540,50,811.0
15050,test_55_10,asmeta,55,10,550,1,1238.0
15051,test_55_10,asmeta,55,10,550,2,957.0
15052,test_55_10,asmeta,55,10,550,3,910.0
15053,test_55_10,asmeta,55,10,550,4,863.0
15054,test_55_10,asmeta,55,10,550,5,855.0
15055,test_55_10,asmeta,55,10,550,6,857.0
15056,test_55_10,asmeta,55,10,550,7,857.0
15057,test_55_10,asmeta,55,10,550,8,858.0
15058,test_55_10,asmeta,55,10,550,9,855.0
15059,test_55_10,asmeta,55,10,550,10,853.0
15060,test_55_10,asmeta,55,10,550,11,845.0
15061,test_55_10,asmeta,55,10,550,12,855.0
15062,test_55_10,asmeta,55,10,550,13,851.0
15063,test_55_10,asmeta,55,10,550,14,852.0
15064,test_55_10,asmeta,55,10,550,15,846.0
15065,test_55_10,asmeta,55,10,550,16,846.0
15066,test_55_10,asmeta,55,10,550,17,849.0
15067,test_55_10,asmeta,55,10,550,18,847.0
15068,test_55_10,asmeta,55,10,550,19,844.0
15069,test_55_10,asmeta,55,10,550,20,850.0
15070,test_55_10,asmeta,55,10,550,21,849.0
15071,test_55_10,asmeta,55,10,550,22,847.0
15072,test_55_10,asmeta,55,10,550,23,845.0
15073,test_55_10,asmeta,55,10,550,24,839.0
15074,test_55_10,asmeta,55,10,550,25,852.0
15075,test_55_10,asmeta,55,10,550,26,846.0
15076,test_55_10,asmeta,55,10,550,27,846.0
15077,test_55_10,asmeta,55,10,550,28,840.0
15078,test_55_10,asmeta,55,10,550,29,851.0
15079,test_55_10,asmeta,55,10,550,30,843.0
15080,test_55_10,asmeta,55,10,550,31,845.0
15081,test_55_10,asmeta,55,10,550,32,842.0
15082,test_55_10,asmeta,55,10,550,33,837.0
15083,test_55_10,asmeta,55,10,550,34,855.0
15084,test_55_10,asmeta,55,10,550,35,846.0
15085,test_55_10,asmeta,55,10,550,36,839.0
15086,test_55_10,asmeta,55,10,550,37,842.0
15087,test_55_10,asmeta,55,10,550,38,841.0
15088,test_55_10,asmeta,55,10,550,39,845.0
15089,test_55_10,asmeta,55,10,550,40,844.0
15090,test_55_10,asmeta,55,10,550,41,840.0
15091,test_55_10,asmeta,55,10,550,42,843.0
15092,test_55_10,asmeta,55,10,550,43,851.0
15093,test_55_10,asmeta,55,10,550,44,843.0
15094,test_55_10,asmeta,55,10,550,45,840.0
15095,test_55_10,asmeta,55,10,550,46,844.0
15096,test_55_10,asmeta,55,10,550,47,848.0
15097,test_55_10,asmeta,55,10,550,48,844.0
15098,test_55_10,asmeta,55,10,550,49,840.0
15099,test_55_10,asmeta,55,10,550,50,839.0
15100,test_35_16,asmeta,35,16,560,1,1417.0
15101,test_40_14,asmeta,40,14,560,1,1338.0
15102,test_35_16,asmeta,35,16,560,2,964.0
15103,test_40_14,asmeta,40,14,560,2,971.0
15104,test_35_16,asmeta,35,16,560,3,974.0
15105,test_40_14,asmeta,40,14,560,3,942.0
15106,test_35_16,asmeta,35,16,560,4,900.0
15107,test_40_14,asmeta,40,14,560,4,948.0
15108,test_35_16,asmeta,35,16,560,5,874.0
15109,test_40_14,asmeta,40,14,560,5,892.0
15110,test_35_16,asmeta,35,16,560,6,896.0
15111,test_40_14,asmeta,40,14,560,6,875.0
15112,test_35_16,asmeta,35,16,560,7,878.0
15113,test_40_14,asmeta,40,14,560,7,879.0
15114,test_35_16,asmeta,35,16,560,8,877.0
15115,test_40_14,asmeta,40,14,560,8,873.0
15116,test_35_16,asmeta,35,16,560,9,874.0
15117,test_40_14,asmeta,40,14,560,9,872.0
15118,test_35_16,asmeta,35,16,560,10,873.0
15119,test_40_14,asmeta,40,14,560,10,862.0
15120,test_35_16,asmeta,35,16,560,11,873.0
15121,test_40_14,asmeta,40,14,560,11,869.0
15122,test_35_16,asmeta,35,16,560,12,876.0
15123,test_40_14,asmeta,40,14,560,12,872.0
15124,test_35_16,asmeta,35,16,560,13,871.0
15125,test_40_14,asmeta,40,14,560,13,868.0
15126,test_35_16,asmeta,35,16,560,14,872.0
15127,test_40_14,asmeta,40,14,560,14,877.0
15128,test_35_16,asmeta,35,16,560,15,876.0
15129,test_40_14,asmeta,40,14,560,15,872.0
15130,test_35_16,asmeta,35,16,560,16,884.0
15131,test_40_14,asmeta,40,14,560,16,871.0
15132,test_35_16,asmeta,35,16,560,17,862.0
15133,test_40_14,asmeta,40,14,560,17,869.0
15134,test_35_16,asmeta,35,16,560,18,875.0
15135,test_40_14,asmeta,40,14,560,18,870.0
15136,test_35_16,asmeta,35,16,560,19,874.0
15137,test_40_14,asmeta,40,14,560,19,877.0
15138,test_35_16,asmeta,35,16,560,20,872.0
15139,test_40_14,asmeta,40,14,560,20,872.0
15140,test_35_16,asmeta,35,16,560,21,871.0
15141,test_40_14,asmeta,40,14,560,21,870.0
15142,test_35_16,asmeta,35,16,560,22,869.0
15143,test_40_14,asmeta,40,14,560,22,862.0
15144,test_35_16,asmeta,35,16,560,23,873.0
15145,test_40_14,asmeta,40,14,560,23,871.0
15146,test_35_16,asmeta,35,16,560,24,872.0
15147,test_40_14,asmeta,40,14,560,24,869.0
15148,test_35_16,asmeta,35,16,560,25,870.0
15149,test_40_14,asmeta,40,14,560,25,880.0
15150,test_35_16,asmeta,35,16,560,26,855.0
15151,test_40_14,asmeta,40,14,560,26,874.0
15152,test_35_16,asmeta,35,16,560,27,860.0
15153,test_40_14,asmeta,40,14,560,27,865.0
15154,test_35_16,asmeta,35,16,560,28,867.0
15155,test_40_14,asmeta,40,14,560,28,873.0
15156,test_35_16,asmeta,35,16,560,29,863.0
15157,test_40_14,asmeta,40,14,560,29,867.0
15158,test_35_16,asmeta,35,16,560,30,861.0
15159,test_40_14,asmeta,40,14,560,30,877.0
15160,test_35_16,asmeta,35,16,560,31,873.0
15161,test_40_14,asmeta,40,14,560,31,868.0
15162,test_35_16,asmeta,35,16,560,32,860.0
15163,test_40_14,asmeta,40,14,560,32,865.0
15164,test_35_16,asmeta,35,16,560,33,872.0
15165,test_40_14,asmeta,40,14,560,33,885.0
15166,test_35_16,asmeta,35,16,560,34,883.0
15167,test_40_14,asmeta,40,14,560,34,878.0
15168,test_35_16,asmeta,35,16,560,35,863.0
15169,test_40_14,asmeta,40,14,560,35,869.0
15170,test_35_16,asmeta,35,16,560,36,866.0
15171,test_40_14,asmeta,40,14,560,36,877.0
15172,test_35_16,asmeta,35,16,560,37,872.0
15173,test_40_14,asmeta,40,14,560,37,868.0
15174,test_35_16,asmeta,35,16,560,38,863.0
15175,test_40_14,asmeta,40,14,560,38,863.0
15176,test_35_16,asmeta,35,16,560,39,862.0
15177,test_40_14,asmeta,40,14,560,39,865.0
15178,test_35_16,asmeta,35,16,560,40,866.0
15179,test_40_14,asmeta,40,14,560,40,864.0
15180,test_35_16,asmeta,35,16,560,41,871.0
15181,test_40_14,asmeta,40,14,560,41,861.0
15182,test_35_16,asmeta,35,16,560,42,866.0
15183,test_40_14,asmeta,40,14,560,42,873.0
15184,test_35_16,asmeta,35,16,560,43,868.0
15185,test_40_14,asmeta,40,14,560,43,870.0
15186,test_35_16,asmeta,35,16,560,44,856.0
15187,test_40_14,asmeta,40,14,560,44,878.0
15188,test_35_16,asmeta,35,16,560,45,865.0
15189,test_40_14,asmeta,40,14,560,45,870.0
15190,test_35_16,asmeta,35,16,560,46,867.0
15191,test_40_14,asmeta,40,14,560,46,867.0
15192,test_35_16,asmeta,35,16,560,47,866.0
15193,test_40_14,asmeta,40,14,560,47,860.0
15194,test_35_16,asmeta,35,16,560,48,864.0
15195,test_40_14,asmeta,40,14,560,48,867.0
15196,test_35_16,asmeta,35,16,560,49,866.0
15197,test_40_14,asmeta,40,14,560,49,858.0
15198,test_35_16,asmeta,35,16,560,50,863.0
15199,test_40_14,asmeta,40,14,560,50,853.0
15200,test_30_20,asmeta,30,20,600,1,1616.0
15201,test_50_12,asmeta,50,12,600,1,1476.0
15202,test_60_10,asmeta,60,10,600,1,1441.0
15203,test_30_20,asmeta,30,20,600,2,1133.0
15204,test_50_12,asmeta,50,12,600,2,1174.0
15205,test_60_10,asmeta,60,10,600,2,1189.0
15206,test_30_20,asmeta,30,20,600,3,1055.0
15207,test_50_12,asmeta,50,12,600,3,1089.0
15208,test_60_10,asmeta,60,10,600,3,1137.0
15209,test_30_20,asmeta,30,20,600,4,1045.0
15210,test_50_12,asmeta,50,12,600,4,1034.0
15211,test_60_10,asmeta,60,10,600,4,1031.0
15212,test_30_20,asmeta,30,20,600,5,1045.0
15213,test_50_12,asmeta,50,12,600,5,1041.0
15214,test_60_10,asmeta,60,10,600,5,1028.0
15215,test_30_20,asmeta,30,20,600,6,1034.0
15216,test_50_12,asmeta,50,12,600,6,1029.0
15217,test_60_10,asmeta,60,10,600,6,1017.0
15218,test_30_20,asmeta,30,20,600,7,1038.0
15219,test_50_12,asmeta,50,12,600,7,1020.0
15220,test_60_10,asmeta,60,10,600,7,1026.0
15221,test_30_20,asmeta,30,20,600,8,1042.0
15222,test_50_12,asmeta,50,12,600,8,1031.0
15223,test_60_10,asmeta,60,10,600,8,1017.0
15224,test_30_20,asmeta,30,20,600,9,1049.0
15225,test_50_12,asmeta,50,12,600,9,1031.0
15226,test_60_10,asmeta,60,10,600,9,1017.0
15227,test_30_20,asmeta,30,20,600,10,1038.0
15228,test_50_12,asmeta,50,12,600,10,1042.0
15229,test_60_10,asmeta,60,10,600,10,1017.0
15230,test_30_20,asmeta,30,20,600,11,1028.0
15231,test_50_12,asmeta,50,12,600,11,1038.0
15232,test_60_10,asmeta,60,10,600,11,1018.0
15233,test_30_20,asmeta,30,20,600,12,1033.0
15234,test_50_12,asmeta,50,12,600,12,1040.0
15235,test_60_10,asmeta,60,10,600,12,1028.0
15236,test_30_20,asmeta,30,20,600,13,1037.0
15237,test_50_12,asmeta,50,12,600,13,1034.0
15238,test_60_10,asmeta,60,10,600,13,1010.0
15239,test_30_20,asmeta,30,20,600,14,1040.0
15240,test_50_12,asmeta,50,12,600,14,1030.0
15241,test_60_10,asmeta,60,10,600,14,1022.0
15242,test_30_20,asmeta,30,20,600,15,1033.0
15243,test_50_12,asmeta,50,12,600,15,1038.0
15244,test_60_10,asmeta,60,10,600,15,1018.0
15245,test_30_20,asmeta,30,20,600,16,1032.0
15246,test_50_12,asmeta,50,12,600,16,1037.0
15247,test_60_10,asmeta,60,10,600,16,1018.0
15248,test_30_20,asmeta,30,20,600,17,1034.0
15249,test_50_12,asmeta,50,12,600,17,1045.0
15250,test_60_10,asmeta,60,10,600,17,1013.0
15251,test_30_20,asmeta,30,20,600,18,1031.0
15252,test_50_12,asmeta,50,12,600,18,1038.0
15253,test_60_10,asmeta,60,10,600,18,1015.0
15254,test_30_20,asmeta,30,20,600,19,1027.0
15255,test_50_12,asmeta,50,12,600,19,1049.0
15256,test_60_10,asmeta,60,10,600,19,1020.0
15257,test_30_20,asmeta,30,20,600,20,1028.0
15258,test_50_12,asmeta,50,12,600,20,1037.0
15259,test_60_10,asmeta,60,10,600,20,1006.0
15260,test_30_20,asmeta,30,20,600,21,1031.0
15261,test_50_12,asmeta,50,12,600,21,1044.0
15262,test_60_10,asmeta,60,10,600,21,1010.0
15263,test_30_20,asmeta,30,20,600,22,1026.0
15264,test_50_12,asmeta,50,12,600,22,1035.0
15265,test_60_10,asmeta,60,10,600,22,1008.0
15266,test_30_20,asmeta,30,20,600,23,1023.0
15267,test_50_12,asmeta,50,12,600,23,1043.0
15268,test_60_10,asmeta,60,10,600,23,1007.0
15269,test_30_20,asmeta,30,20,600,24,1028.0
15270,test_50_12,asmeta,50,12,600,24,1038.0
15271,test_60_10,asmeta,60,10,600,24,997.0
15272,test_30_20,asmeta,30,20,600,25,1025.0
15273,test_50_12,asmeta,50,12,600,25,1015.0
15274,test_60_10,asmeta,60,10,600,25,1008.0
15275,test_30_20,asmeta,30,20,600,26,1026.0
15276,test_50_12,asmeta,50,12,600,26,1032.0
15277,test_60_10,asmeta,60,10,600,26,1002.0
15278,test_30_20,asmeta,30,20,600,27,1020.0
15279,test_50_12,asmeta,50,12,600,27,1031.0
15280,test_60_10,asmeta,60,10,600,27,1003.0
15281,test_30_20,asmeta,30,20,600,28,1027.0
15282,test_50_12,asmeta,50,12,600,28,1009.0
15283,test_60_10,asmeta,60,10,600,28,1007.0
15284,test_30_20,asmeta,30,20,600,29,1025.0
15285,test_50_12,asmeta,50,12,600,29,1020.0
15286,test_60_10,asmeta,60,10,600,29,1003.0
15287,test_30_20,asmeta,30,20,600,30,1032.0
15288,test_50_12,asmeta,50,12,600,30,1014.0
15289,test_60_10,asmeta,60,10,600,30,1003.0
15290,test_30_20,asmeta,30,20,600,31,1035.0
15291,test_50_12,asmeta,50,12,600,31,1058.0
15292,test_60_10,asmeta,60,10,600,31,1024.0
15293,test_30_20,asmeta,30,20,600,32,1025.0
15294,test_50_12,asmeta,50,12,600,32,1020.0
15295,test_60_10,asmeta,60,10,600,32,1011.0
15296,test_30_20,asmeta,30,20,600,33,1030.0
15297,test_50_12,asmeta,50,12,600,33,1018.0
15298,test_60_10,asmeta,60,10,600,33,1003.0
15299,test_30_20,asmeta,30,20,600,34,1038.0
15300,test_50_12,asmeta,50,12,600,34,1017.0
15301,test_60_10,asmeta,60,10,600,34,1008.0
15302,test_30_20,asmeta,30,20,600,35,1049.0
15303,test_50_12,asmeta,50,12,600,35,1011.0
15304,test_60_10,asmeta,60,10,600,35,1003.0
15305,test_30_20,asmeta,30,20,600,36,1029.0
15306,test_50_12,asmeta,50,12,600,36,1018.0
15307,test_60_10,asmeta,60,10,600,36,1009.0
15308,test_30_20,asmeta,30,20,600,37,1026.0
15309,test_50_12,asmeta,50,12,600,37,1019.0
15310,test_60_10,asmeta,60,10,600,37,998.0
15311,test_30_20,asmeta,30,20,600,38,1028.0
15312,test_50_12,asmeta,50,12,600,38,1019.0
15313,test_60_10,asmeta,60,10,600,38,1010.0
15314,test_30_20,asmeta,30,20,600,39,1026.0
15315,test_50_12,asmeta,50,12,600,39,1023.0
15316,test_60_10,asmeta,60,10,600,39,1003.0
15317,test_30_20,asmeta,30,20,600,40,1025.0
15318,test_50_12,asmeta,50,12,600,40,1025.0
15319,test_60_10,asmeta,60,10,600,40,1005.0
15320,test_30_20,asmeta,30,20,600,41,1035.0
15321,test_50_12,asmeta,50,12,600,41,1003.0
15322,test_60_10,asmeta,60,10,600,41,1007.0
15323,test_30_20,asmeta,30,20,600,42,1034.0
15324,test_50_12,asmeta,50,12,600,42,1018.0
15325,test_60_10,asmeta,60,10,600,42,1002.0
15326,test_30_20,asmeta,30,20,600,43,1036.0
15327,test_50_12,asmeta,50,12,600,43,1022.0
15328,test_60_10,asmeta,60,10,600,43,1006.0
15329,test_30_20,asmeta,30,20,600,44,1038.0
15330,test_50_12,asmeta,50,12,600,44,1029.0
15331,test_60_10,asmeta,60,10,600,44,1008.0
15332,test_30_20,asmeta,30,20,600,45,1032.0
15333,test_50_12,asmeta,50,12,600,45,1017.0
15334,test_60_10,asmeta,60,10,600,45,1010.0
15335,test_30_20,asmeta,30,20,600,46,1028.0
15336,test_50_12,asmeta,50,12,600,46,1013.0
15337,test_60_10,asmeta,60,10,600,46,1005.0
15338,test_30_20,asmeta,30,20,600,47,1035.0
15339,test_50_12,asmeta,50,12,600,47,1015.0
15340,test_60_10,asmeta,60,10,600,47,1004.0
15341,test_30_20,asmeta,30,20,600,48,1044.0
15342,test_50_12,asmeta,50,12,600,48,1025.0
15343,test_60_10,asmeta,60,10,600,48,1002.0
15344,test_30_20,asmeta,30,20,600,49,1027.0
15345,test_50_12,asmeta,50,12,600,49,1014.0
15346,test_60_10,asmeta,60,10,600,49,1002.0
15347,test_30_20,asmeta,30,20,600,50,1043.0
15348,test_50_12,asmeta,50,12,600,50,1012.0
15349,test_60_10,asmeta,60,10,600,50,1005.0
15350,test_35_18,asmeta,35,18,630,1,1793.0
15351,test_45_14,asmeta,45,14,630,1,1607.0
15352,test_35_18,asmeta,35,18,630,2,1285.0
15353,test_45_14,asmeta,45,14,630,2,1261.0
15354,test_35_18,asmeta,35,18,630,3,1201.0
15355,test_45_14,asmeta,45,14,630,3,1285.0
15356,test_35_18,asmeta,35,18,630,4,1179.0
15357,test_45_14,asmeta,45,14,630,4,1168.0
15358,test_35_18,asmeta,35,18,630,5,1167.0
15359,test_45_14,asmeta,45,14,630,5,1161.0
15360,test_35_18,asmeta,35,18,630,6,1173.0
15361,test_45_14,asmeta,45,14,630,6,1157.0
15362,test_35_18,asmeta,35,18,630,7,1160.0
15363,test_45_14,asmeta,45,14,630,7,1153.0
15364,test_35_18,asmeta,35,18,630,8,1157.0
15365,test_45_14,asmeta,45,14,630,8,1142.0
15366,test_35_18,asmeta,35,18,630,9,1174.0
15367,test_45_14,asmeta,45,14,630,9,1150.0
15368,test_35_18,asmeta,35,18,630,10,1170.0
15369,test_45_14,asmeta,45,14,630,10,1154.0
15370,test_35_18,asmeta,35,18,630,11,1166.0
15371,test_45_14,asmeta,45,14,630,11,1154.0
15372,test_35_18,asmeta,35,18,630,12,1164.0
15373,test_45_14,asmeta,45,14,630,12,1134.0
15374,test_35_18,asmeta,35,18,630,13,1151.0
15375,test_45_14,asmeta,45,14,630,13,1131.0
15376,test_35_18,asmeta,35,18,630,14,1163.0
15377,test_45_14,asmeta,45,14,630,14,1144.0
15378,test_35_18,asmeta,35,18,630,15,1157.0
15379,test_45_14,asmeta,45,14,630,15,1134.0
15380,test_35_18,asmeta,35,18,630,16,1175.0
15381,test_45_14,asmeta,45,14,630,16,1127.0
15382,test_35_18,asmeta,35,18,630,17,1156.0
15383,test_45_14,asmeta,45,14,630,17,1129.0
15384,test_35_18,asmeta,35,18,630,18,1164.0
15385,test_45_14,asmeta,45,14,630,18,1128.0
15386,test_35_18,asmeta,35,18,630,19,1158.0
15387,test_45_14,asmeta,45,14,630,19,1127.0
15388,test_35_18,asmeta,35,18,630,20,1169.0
15389,test_45_14,asmeta,45,14,630,20,1129.0
15390,test_35_18,asmeta,35,18,630,21,1159.0
15391,test_45_14,asmeta,45,14,630,21,1128.0
15392,test_35_18,asmeta,35,18,630,22,1164.0
15393,test_45_14,asmeta,45,14,630,22,1132.0
15394,test_35_18,asmeta,35,18,630,23,1161.0
15395,test_45_14,asmeta,45,14,630,23,1144.0
15396,test_35_18,asmeta,35,18,630,24,1154.0
15397,test_45_14,asmeta,45,14,630,24,1123.0
15398,test_35_18,asmeta,35,18,630,25,1158.0
15399,test_45_14,asmeta,45,14,630,25,1131.0
15400,test_35_18,asmeta,35,18,630,26,1153.0
15401,test_45_14,asmeta,45,14,630,26,1131.0
15402,test_35_18,asmeta,35,18,630,27,1162.0
15403,test_45_14,asmeta,45,14,630,27,1131.0
15404,test_35_18,asmeta,35,18,630,28,1162.0
15405,test_45_14,asmeta,45,14,630,28,1132.0
15406,test_35_18,asmeta,35,18,630,29,1176.0
15407,test_45_14,asmeta,45,14,630,29,1136.0
15408,test_35_18,asmeta,35,18,630,30,1176.0
15409,test_45_14,asmeta,45,14,630,30,1167.0
15410,test_35_18,asmeta,35,18,630,31,1172.0
15411,test_45_14,asmeta,45,14,630,31,1143.0
15412,test_35_18,asmeta,35,18,630,32,1161.0
15413,test_45_14,asmeta,45,14,630,32,1147.0
15414,test_35_18,asmeta,35,18,630,33,1163.0
15415,test_45_14,asmeta,45,14,630,33,1138.0
15416,test_35_18,asmeta,35,18,630,34,1157.0
15417,test_45_14,asmeta,45,14,630,34,1141.0
15418,test_35_18,asmeta,35,18,630,35,1169.0
15419,test_45_14,asmeta,45,14,630,35,1146.0
15420,test_35_18,asmeta,35,18,630,36,1151.0
15421,test_45_14,asmeta,45,14,630,36,1135.0
15422,test_35_18,asmeta,35,18,630,37,1164.0
15423,test_45_14,asmeta,45,14,630,37,1143.0
15424,test_35_18,asmeta,35,18,630,38,1163.0
15425,test_45_14,asmeta,45,14,630,38,1132.0
15426,test_35_18,asmeta,35,18,630,39,1160.0
15427,test_45_14,asmeta,45,14,630,39,1133.0
15428,test_35_18,asmeta,35,18,630,40,1161.0
15429,test_45_14,asmeta,45,14,630,40,1128.0
15430,test_35_18,asmeta,35,18,630,41,1164.0
15431,test_45_14,asmeta,45,14,630,41,1129.0
15432,test_35_18,asmeta,35,18,630,42,1149.0
15433,test_45_14,asmeta,45,14,630,42,1129.0
15434,test_35_18,asmeta,35,18,630,43,1163.0
15435,test_45_14,asmeta,45,14,630,43,1126.0
15436,test_35_18,asmeta,35,18,630,44,1160.0
15437,test_45_14,asmeta,45,14,630,44,1139.0
15438,test_35_18,asmeta,35,18,630,45,1167.0
15439,test_45_14,asmeta,45,14,630,45,1124.0
15440,test_35_18,asmeta,35,18,630,46,1166.0
15441,test_45_14,asmeta,45,14,630,46,1130.0
15442,test_35_18,asmeta,35,18,630,47,1154.0
15443,test_45_14,asmeta,45,14,630,47,1128.0
15444,test_35_18,asmeta,35,18,630,48,1164.0
15445,test_45_14,asmeta,45,14,630,48,1129.0
15446,test_35_18,asmeta,35,18,630,49,1169.0
15447,test_45_14,asmeta,45,14,630,49,1127.0
15448,test_35_18,asmeta,35,18,630,50,1169.0
15449,test_45_14,asmeta,45,14,630,50,1131.0
15450,test_40_16,asmeta,40,16,640,1,1799.0
15451,test_40_16,asmeta,40,16,640,2,1361.0
15452,test_40_16,asmeta,40,16,640,3,1276.0
15453,test_40_16,asmeta,40,16,640,4,1242.0
15454,test_40_16,asmeta,40,16,640,5,1224.0
15455,test_40_16,asmeta,40,16,640,6,1232.0
15456,test_40_16,asmeta,40,16,640,7,1225.0
15457,test_40_16,asmeta,40,16,640,8,1226.0
15458,test_40_16,asmeta,40,16,640,9,1230.0
15459,test_40_16,asmeta,40,16,640,10,1237.0
15460,test_40_16,asmeta,40,16,640,11,1236.0
15461,test_40_16,asmeta,40,16,640,12,1219.0
15462,test_40_16,asmeta,40,16,640,13,1215.0
15463,test_40_16,asmeta,40,16,640,14,1217.0
15464,test_40_16,asmeta,40,16,640,15,1223.0
15465,test_40_16,asmeta,40,16,640,16,1210.0
15466,test_40_16,asmeta,40,16,640,17,1229.0
15467,test_40_16,asmeta,40,16,640,18,1220.0
15468,test_40_16,asmeta,40,16,640,19,1220.0
15469,test_40_16,asmeta,40,16,640,20,1208.0
15470,test_40_16,asmeta,40,16,640,21,1204.0
15471,test_40_16,asmeta,40,16,640,22,1205.0
15472,test_40_16,asmeta,40,16,640,23,1192.0
15473,test_40_16,asmeta,40,16,640,24,1200.0
15474,test_40_16,asmeta,40,16,640,25,1197.0
15475,test_40_16,asmeta,40,16,640,26,1204.0
15476,test_40_16,asmeta,40,16,640,27,1199.0
15477,test_40_16,asmeta,40,16,640,28,1199.0
15478,test_40_16,asmeta,40,16,640,29,1216.0
15479,test_40_16,asmeta,40,16,640,30,1229.0
15480,test_40_16,asmeta,40,16,640,31,1200.0
15481,test_40_16,asmeta,40,16,640,32,1202.0
15482,test_40_16,asmeta,40,16,640,33,1212.0
15483,test_40_16,asmeta,40,16,640,34,1201.0
15484,test_40_16,asmeta,40,16,640,35,1201.0
15485,test_40_16,asmeta,40,16,640,36,1195.0
15486,test_40_16,asmeta,40,16,640,37,1206.0
15487,test_40_16,asmeta,40,16,640,38,1200.0
15488,test_40_16,asmeta,40,16,640,39,1195.0
15489,test_40_16,asmeta,40,16,640,40,1207.0
15490,test_40_16,asmeta,40,16,640,41,1191.0
15491,test_40_16,asmeta,40,16,640,42,1207.0
15492,test_40_16,asmeta,40,16,640,43,1204.0
15493,test_40_16,asmeta,40,16,640,44,1205.0
15494,test_40_16,asmeta,40,16,640,45,1204.0
15495,test_40_16,asmeta,40,16,640,46,1201.0
15496,test_40_16,asmeta,40,16,640,47,1205.0
15497,test_40_16,asmeta,40,16,640,48,1202.0
15498,test_40_16,asmeta,40,16,640,49,1199.0
15499,test_40_16,asmeta,40,16,640,50,1193.0
15500,test_55_12,asmeta,55,12,660,1,1797.0
15501,test_55_12,asmeta,55,12,660,2,1377.0
15502,test_55_12,asmeta,55,12,660,3,1335.0
15503,test_55_12,asmeta,55,12,660,4,1291.0
15504,test_55_12,asmeta,55,12,660,5,1293.0
15505,test_55_12,asmeta,55,12,660,6,1279.0
15506,test_55_12,asmeta,55,12,660,7,1278.0
15507,test_55_12,asmeta,55,12,660,8,1283.0
15508,test_55_12,asmeta,55,12,660,9,1280.0
15509,test_55_12,asmeta,55,12,660,10,1279.0
15510,test_55_12,asmeta,55,12,660,11,1281.0
15511,test_55_12,asmeta,55,12,660,12,1286.0
15512,test_55_12,asmeta,55,12,660,13,1277.0
15513,test_55_12,asmeta,55,12,660,14,1274.0
15514,test_55_12,asmeta,55,12,660,15,1283.0
15515,test_55_12,asmeta,55,12,660,16,1268.0
15516,test_55_12,asmeta,55,12,660,17,1263.0
15517,test_55_12,asmeta,55,12,660,18,1277.0
15518,test_55_12,asmeta,55,12,660,19,1267.0
15519,test_55_12,asmeta,55,12,660,20,1263.0
15520,test_55_12,asmeta,55,12,660,21,1275.0
15521,test_55_12,asmeta,55,12,660,22,1267.0
15522,test_55_12,asmeta,55,12,660,23,1274.0
15523,test_55_12,asmeta,55,12,660,24,1274.0
15524,test_55_12,asmeta,55,12,660,25,1273.0
15525,test_55_12,asmeta,55,12,660,26,1265.0
15526,test_55_12,asmeta,55,12,660,27,1270.0
15527,test_55_12,asmeta,55,12,660,28,1288.0
15528,test_55_12,asmeta,55,12,660,29,1282.0
15529,test_55_12,asmeta,55,12,660,30,1265.0
15530,test_55_12,asmeta,55,12,660,31,1271.0
15531,test_55_12,asmeta,55,12,660,32,1275.0
15532,test_55_12,asmeta,55,12,660,33,1266.0
15533,test_55_12,asmeta,55,12,660,34,1273.0
15534,test_55_12,asmeta,55,12,660,35,1269.0
15535,test_55_12,asmeta,55,12,660,36,1274.0
15536,test_55_12,asmeta,55,12,660,37,1275.0
15537,test_55_12,asmeta,55,12,660,38,1268.0
15538,test_55_12,asmeta,55,12,660,39,1260.0
15539,test_55_12,asmeta,55,12,660,40,1262.0
15540,test_55_12,asmeta,55,12,660,41,1264.0
15541,test_55_12,asmeta,55,12,660,42,1264.0
15542,test_55_12,asmeta,55,12,660,43,1268.0
15543,test_55_12,asmeta,55,12,660,44,1266.0
15544,test_55_12,asmeta,55,12,660,45,1263.0
15545,test_55_12,asmeta,55,12,660,46,1266.0
15546,test_55_12,asmeta,55,12,660,47,1268.0
15547,test_55_12,asmeta,55,12,660,48,1276.0
15548,test_55_12,asmeta,55,12,660,49,1270.0
15549,test_55_12,asmeta,55,12,660,50,1271.0
15550,test_35_20,asmeta,35,20,700,1,2242.0
15551,test_50_14,asmeta,50,14,700,1,2018.0
15552,test_35_20,asmeta,35,20,700,2,1598.0
15553,test_50_14,asmeta,50,14,700,2,1615.0
15554,test_35_20,asmeta,35,20,700,3,1490.0
15555,test_50_14,asmeta,50,14,700,3,1580.0
15556,test_35_20,asmeta,35,20,700,4,1483.0
15557,test_50_14,asmeta,50,14,700,4,1504.0
15558,test_35_20,asmeta,35,20,700,5,1478.0
15559,test_50_14,asmeta,50,14,700,5,1494.0
15560,test_35_20,asmeta,35,20,700,6,1472.0
15561,test_50_14,asmeta,50,14,700,6,1505.0
15562,test_35_20,asmeta,35,20,700,7,1477.0
15563,test_50_14,asmeta,50,14,700,7,1504.0
15564,test_35_20,asmeta,35,20,700,8,1478.0
15565,test_50_14,asmeta,50,14,700,8,1508.0
15566,test_35_20,asmeta,35,20,700,9,1472.0
15567,test_50_14,asmeta,50,14,700,9,1503.0
15568,test_35_20,asmeta,35,20,700,10,1468.0
15569,test_50_14,asmeta,50,14,700,10,1503.0
15570,test_35_20,asmeta,35,20,700,11,1490.0
15571,test_50_14,asmeta,50,14,700,11,1481.0
15572,test_35_20,asmeta,35,20,700,12,1480.0
15573,test_50_14,asmeta,50,14,700,12,1506.0
15574,test_35_20,asmeta,35,20,700,13,1474.0
15575,test_50_14,asmeta,50,14,700,13,1487.0
15576,test_35_20,asmeta,35,20,700,14,1470.0
15577,test_50_14,asmeta,50,14,700,14,1511.0
15578,test_35_20,asmeta,35,20,700,15,1471.0
15579,test_50_14,asmeta,50,14,700,15,1490.0
15580,test_35_20,asmeta,35,20,700,16,1478.0
15581,test_50_14,asmeta,50,14,700,16,1478.0
15582,test_35_20,asmeta,35,20,700,17,1479.0
15583,test_50_14,asmeta,50,14,700,17,1471.0
15584,test_35_20,asmeta,35,20,700,18,1470.0
15585,test_50_14,asmeta,50,14,700,18,1478.0
15586,test_35_20,asmeta,35,20,700,19,1467.0
15587,test_50_14,asmeta,50,14,700,19,1485.0
15588,test_35_20,asmeta,35,20,700,20,1479.0
15589,test_50_14,asmeta,50,14,700,20,1492.0
15590,test_35_20,asmeta,35,20,700,21,1468.0
15591,test_50_14,asmeta,50,14,700,21,1487.0
15592,test_35_20,asmeta,35,20,700,22,1474.0
15593,test_50_14,asmeta,50,14,700,22,1471.0
15594,test_35_20,asmeta,35,20,700,23,1476.0
15595,test_50_14,asmeta,50,14,700,23,1469.0
15596,test_35_20,asmeta,35,20,700,24,1469.0
15597,test_50_14,asmeta,50,14,700,24,1475.0
15598,test_35_20,asmeta,35,20,700,25,1469.0
15599,test_50_14,asmeta,50,14,700,25,1501.0
15600,test_35_20,asmeta,35,20,700,26,1483.0
15601,test_50_14,asmeta,50,14,700,26,1516.0
15602,test_35_20,asmeta,35,20,700,27,1471.0
15603,test_50_14,asmeta,50,14,700,27,1489.0
15604,test_35_20,asmeta,35,20,700,28,1469.0
15605,test_50_14,asmeta,50,14,700,28,1486.0
15606,test_35_20,asmeta,35,20,700,29,1464.0
15607,test_50_14,asmeta,50,14,700,29,1484.0
15608,test_35_20,asmeta,35,20,700,30,1466.0
15609,test_50_14,asmeta,50,14,700,30,1478.0
15610,test_35_20,asmeta,35,20,700,31,1479.0
15611,test_50_14,asmeta,50,14,700,31,1481.0
15612,test_35_20,asmeta,35,20,700,32,1474.0
15613,test_50_14,asmeta,50,14,700,32,1497.0
15614,test_35_20,asmeta,35,20,700,33,1483.0
15615,test_50_14,asmeta,50,14,700,33,1480.0
15616,test_35_20,asmeta,35,20,700,34,1476.0
15617,test_50_14,asmeta,50,14,700,34,1480.0
15618,test_35_20,asmeta,35,20,700,35,1476.0
15619,test_50_14,asmeta,50,14,700,35,1483.0
15620,test_35_20,asmeta,35,20,700,36,1489.0
15621,test_50_14,asmeta,50,14,700,36,1509.0
15622,test_35_20,asmeta,35,20,700,37,1479.0
15623,test_50_14,asmeta,50,14,700,37,1492.0
15624,test_35_20,asmeta,35,20,700,38,1479.0
15625,test_50_14,asmeta,50,14,700,38,1482.0
15626,test_35_20,asmeta,35,20,700,39,1478.0
15627,test_50_14,asmeta,50,14,700,39,1473.0
15628,test_35_20,asmeta,35,20,700,40,1479.0
15629,test_50_14,asmeta,50,14,700,40,1469.0
15630,test_35_20,asmeta,35,20,700,41,1486.0
15631,test_50_14,asmeta,50,14,700,41,1486.0
15632,test_35_20,asmeta,35,20,700,42,1474.0
15633,test_50_14,asmeta,50,14,700,42,1486.0
15634,test_35_20,asmeta,35,20,700,43,1470.0
15635,test_50_14,asmeta,50,14,700,43,1489.0
15636,test_35_20,asmeta,35,20,700,44,1469.0
15637,test_50_14,asmeta,50,14,700,44,1477.0
15638,test_35_20,asmeta,35,20,700,45,1466.0
15639,test_50_14,asmeta,50,14,700,45,1484.0
15640,test_35_20,asmeta,35,20,700,46,1472.0
15641,test_50_14,asmeta,50,14,700,46,1476.0
15642,test_35_20,asmeta,35,20,700,47,1472.0
15643,test_50_14,asmeta,50,14,700,47,1490.0
15644,test_35_20,asmeta,35,20,700,48,1471.0
15645,test_50_14,asmeta,50,14,700,48,1461.0
15646,test_35_20,asmeta,35,20,700,49,1469.0
15647,test_50_14,asmeta,50,14,700,49,1483.0
15648,test_35_20,asmeta,35,20,700,50,1476.0
15649,test_50_14,asmeta,50,14,700,50,1479.0
15650,test_40_18,asmeta,40,18,720,1,2215.0
15651,test_45_16,asmeta,45,16,720,1,2085.0
15652,test_60_12,asmeta,60,12,720,1,2050.0
15653,test_40_18,asmeta,40,18,720,2,1673.0
15654,test_45_16,asmeta,45,16,720,2,1736.0
15655,test_60_12,asmeta,60,12,720,2,1703.0
15656,test_40_18,asmeta,40,18,720,3,1613.0
15657,test_45_16,asmeta,45,16,720,3,1625.0
15658,test_60_12,asmeta,60,12,720,3,1640.0
15659,test_40_18,asmeta,40,18,720,4,1600.0
15660,test_45_16,asmeta,45,16,720,4,1637.0
15661,test_60_12,asmeta,60,12,720,4,1600.0
15662,test_40_18,asmeta,40,18,720,5,1596.0
15663,test_45_16,asmeta,45,16,720,5,1623.0
15664,test_60_12,asmeta,60,12,720,5,1604.0
15665,test_40_18,asmeta,40,18,720,6,1588.0
15666,test_45_16,asmeta,45,16,720,6,1589.0
15667,test_60_12,asmeta,60,12,720,6,1602.0
15668,test_40_18,asmeta,40,18,720,7,1589.0
15669,test_45_16,asmeta,45,16,720,7,1604.0
15670,test_60_12,asmeta,60,12,720,7,1606.0
15671,test_40_18,asmeta,40,18,720,8,1598.0
15672,test_45_16,asmeta,45,16,720,8,1622.0
15673,test_60_12,asmeta,60,12,720,8,1589.0
15674,test_40_18,asmeta,40,18,720,9,1594.0
15675,test_45_16,asmeta,45,16,720,9,1606.0
15676,test_60_12,asmeta,60,12,720,9,1592.0
15677,test_40_18,asmeta,40,18,720,10,1604.0
15678,test_45_16,asmeta,45,16,720,10,1599.0
15679,test_60_12,asmeta,60,12,720,10,1588.0
15680,test_40_18,asmeta,40,18,720,11,1600.0
15681,test_45_16,asmeta,45,16,720,11,1607.0
15682,test_60_12,asmeta,60,12,720,11,1577.0
15683,test_40_18,asmeta,40,18,720,12,1600.0
15684,test_45_16,asmeta,45,16,720,12,1596.0
15685,test_60_12,asmeta,60,12,720,12,1582.0
15686,test_40_18,asmeta,40,18,720,13,1582.0
15687,test_45_16,asmeta,45,16,720,13,1612.0
15688,test_60_12,asmeta,60,12,720,13,1585.0
15689,test_40_18,asmeta,40,18,720,14,1579.0
15690,test_45_16,asmeta,45,16,720,14,1629.0
15691,test_60_12,asmeta,60,12,720,14,1587.0
15692,test_40_18,asmeta,40,18,720,15,1581.0
15693,test_45_16,asmeta,45,16,720,15,1614.0
15694,test_60_12,asmeta,60,12,720,15,1585.0
15695,test_40_18,asmeta,40,18,720,16,1579.0
15696,test_45_16,asmeta,45,16,720,16,1612.0
15697,test_60_12,asmeta,60,12,720,16,1585.0
15698,test_40_18,asmeta,40,18,720,17,1573.0
15699,test_45_16,asmeta,45,16,720,17,1619.0
15700,test_60_12,asmeta,60,12,720,17,1595.0
15701,test_40_18,asmeta,40,18,720,18,1575.0
15702,test_45_16,asmeta,45,16,720,18,1607.0
15703,test_60_12,asmeta,60,12,720,18,1582.0
15704,test_40_18,asmeta,40,18,720,19,1583.0
15705,test_45_16,asmeta,45,16,720,19,1595.0
15706,test_60_12,asmeta,60,12,720,19,1581.0
15707,test_40_18,asmeta,40,18,720,20,1592.0
15708,test_45_16,asmeta,45,16,720,20,1603.0
15709,test_60_12,asmeta,60,12,720,20,1575.0
15710,test_40_18,asmeta,40,18,720,21,1584.0
15711,test_45_16,asmeta,45,16,720,21,1593.0
15712,test_60_12,asmeta,60,12,720,21,1570.0
15713,test_40_18,asmeta,40,18,720,22,1608.0
15714,test_45_16,asmeta,45,16,720,22,1597.0
15715,test_60_12,asmeta,60,12,720,22,1568.0
15716,test_40_18,asmeta,40,18,720,23,1580.0
15717,test_45_16,asmeta,45,16,720,23,1608.0
15718,test_60_12,asmeta,60,12,720,23,1575.0
15719,test_40_18,asmeta,40,18,720,24,1585.0
15720,test_45_16,asmeta,45,16,720,24,1602.0
15721,test_60_12,asmeta,60,12,720,24,1565.0
15722,test_40_18,asmeta,40,18,720,25,1571.0
15723,test_45_16,asmeta,45,16,720,25,1590.0
15724,test_60_12,asmeta,60,12,720,25,1573.0
15725,test_40_18,asmeta,40,18,720,26,1615.0
15726,test_45_16,asmeta,45,16,720,26,1641.0
15727,test_60_12,asmeta,60,12,720,26,1601.0
15728,test_40_18,asmeta,40,18,720,27,1578.0
15729,test_45_16,asmeta,45,16,720,27,1596.0
15730,test_60_12,asmeta,60,12,720,27,1572.0
15731,test_40_18,asmeta,40,18,720,28,1562.0
15732,test_45_16,asmeta,45,16,720,28,1598.0
15733,test_60_12,asmeta,60,12,720,28,1560.0
15734,test_40_18,asmeta,40,18,720,29,1563.0
15735,test_45_16,asmeta,45,16,720,29,1595.0
15736,test_60_12,asmeta,60,12,720,29,1571.0
15737,test_40_18,asmeta,40,18,720,30,1575.0
15738,test_45_16,asmeta,45,16,720,30,1602.0
15739,test_60_12,asmeta,60,12,720,30,1572.0
15740,test_40_18,asmeta,40,18,720,31,1581.0
15741,test_45_16,asmeta,45,16,720,31,1608.0
15742,test_60_12,asmeta,60,12,720,31,1569.0
15743,test_40_18,asmeta,40,18,720,32,1577.0
15744,test_45_16,asmeta,45,16,720,32,1594.0
15745,test_60_12,asmeta,60,12,720,32,1586.0
15746,test_40_18,asmeta,40,18,720,33,1583.0
15747,test_45_16,asmeta,45,16,720,33,1591.0
15748,test_60_12,asmeta,60,12,720,33,1563.0
15749,test_40_18,asmeta,40,18,720,34,1575.0
15750,test_45_16,asmeta,45,16,720,34,1603.0
15751,test_60_12,asmeta,60,12,720,34,1566.0
15752,test_40_18,asmeta,40,18,720,35,1556.0
15753,test_45_16,asmeta,45,16,720,35,1598.0
15754,test_60_12,asmeta,60,12,720,35,1580.0
15755,test_40_18,asmeta,40,18,720,36,1561.0
15756,test_45_16,asmeta,45,16,720,36,1589.0
15757,test_60_12,asmeta,60,12,720,36,1575.0
15758,test_40_18,asmeta,40,18,720,37,1571.0
15759,test_45_16,asmeta,45,16,720,37,1602.0
15760,test_60_12,asmeta,60,12,720,37,1575.0
15761,test_40_18,asmeta,40,18,720,38,1577.0
15762,test_45_16,asmeta,45,16,720,38,1594.0
15763,test_60_12,asmeta,60,12,720,38,1568.0
15764,test_40_18,asmeta,40,18,720,39,1568.0
15765,test_45_16,asmeta,45,16,720,39,1601.0
15766,test_60_12,asmeta,60,12,720,39,1566.0
15767,test_40_18,asmeta,40,18,720,40,1578.0
15768,test_45_16,asmeta,45,16,720,40,1611.0
15769,test_60_12,asmeta,60,12,720,40,1566.0
15770,test_40_18,asmeta,40,18,720,41,1574.0
15771,test_45_16,asmeta,45,16,720,41,1595.0
15772,test_60_12,asmeta,60,12,720,41,1574.0
15773,test_40_18,asmeta,40,18,720,42,1573.0
15774,test_45_16,asmeta,45,16,720,42,1596.0
15775,test_60_12,asmeta,60,12,720,42,1570.0
15776,test_40_18,asmeta,40,18,720,43,1589.0
15777,test_45_16,asmeta,45,16,720,43,1598.0
15778,test_60_12,asmeta,60,12,720,43,1565.0
15779,test_40_18,asmeta,40,18,720,44,1578.0
15780,test_45_16,asmeta,45,16,720,44,1598.0
15781,test_60_12,asmeta,60,12,720,44,1571.0
15782,test_40_18,asmeta,40,18,720,45,1591.0
15783,test_45_16,asmeta,45,16,720,45,1589.0
15784,test_60_12,asmeta,60,12,720,45,1558.0
15785,test_40_18,asmeta,40,18,720,46,1593.0
15786,test_45_16,asmeta,45,16,720,46,1602.0
15787,test_60_12,asmeta,60,12,720,46,1561.0
15788,test_40_18,asmeta,40,18,720,47,1578.0
15789,test_45_16,asmeta,45,16,720,47,1598.0
15790,test_60_12,asmeta,60,12,720,47,1562.0
15791,test_40_18,asmeta,40,18,720,48,1567.0
15792,test_45_16,asmeta,45,16,720,48,1601.0
15793,test_60_12,asmeta,60,12,720,48,1561.0
15794,test_40_18,asmeta,40,18,720,49,1579.0
15795,test_45_16,asmeta,45,16,720,49,1604.0
15796,test_60_12,asmeta,60,12,720,49,1565.0
15797,test_40_18,asmeta,40,18,720,50,1576.0
15798,test_45_16,asmeta,45,16,720,50,1601.0
15799,test_60_12,asmeta,60,12,720,50,1573.0
15800,test_55_14,asmeta,55,14,770,1,2617.0
15801,test_55_14,asmeta,55,14,770,2,2232.0
15802,test_55_14,asmeta,55,14,770,3,2114.0
15803,test_55_14,asmeta,55,14,770,4,2106.0
15804,test_55_14,asmeta,55,14,770,5,2122.0
15805,test_55_14,asmeta,55,14,770,6,2076.0
15806,test_55_14,asmeta,55,14,770,7,2106.0
15807,test_55_14,asmeta,55,14,770,8,2103.0
15808,test_55_14,asmeta,55,14,770,9,2104.0
15809,test_55_14,asmeta,55,14,770,10,2106.0
15810,test_55_14,asmeta,55,14,770,11,2104.0
15811,test_55_14,asmeta,55,14,770,12,2128.0
15812,test_55_14,asmeta,55,14,770,13,2099.0
15813,test_55_14,asmeta,55,14,770,14,2107.0
15814,test_55_14,asmeta,55,14,770,15,2085.0
15815,test_55_14,asmeta,55,14,770,16,2103.0
15816,test_55_14,asmeta,55,14,770,17,2050.0
15817,test_55_14,asmeta,55,14,770,18,2078.0
15818,test_55_14,asmeta,55,14,770,19,2072.0
15819,test_55_14,asmeta,55,14,770,20,2037.0
15820,test_55_14,asmeta,55,14,770,21,2093.0
15821,test_55_14,asmeta,55,14,770,22,2089.0
15822,test_55_14,asmeta,55,14,770,23,2035.0
15823,test_55_14,asmeta,55,14,770,24,2093.0
15824,test_55_14,asmeta,55,14,770,25,2041.0
15825,test_55_14,asmeta,55,14,770,26,2031.0
15826,test_55_14,asmeta,55,14,770,27,2078.0
15827,test_55_14,asmeta,55,14,770,28,2042.0
15828,test_55_14,asmeta,55,14,770,29,2025.0
15829,test_55_14,asmeta,55,14,770,30,2073.0
15830,test_55_14,asmeta,55,14,770,31,2038.0
15831,test_55_14,asmeta,55,14,770,32,2036.0
15832,test_55_14,asmeta,55,14,770,33,2067.0
15833,test_55_14,asmeta,55,14,770,34,2035.0
15834,test_55_14,asmeta,55,14,770,35,2029.0
15835,test_55_14,asmeta,55,14,770,36,2041.0
15836,test_55_14,asmeta,55,14,770,37,2029.0
15837,test_55_14,asmeta,55,14,770,38,2043.0
15838,test_55_14,asmeta,55,14,770,39,2016.0
15839,test_55_14,asmeta,55,14,770,40,2072.0
15840,test_55_14,asmeta,55,14,770,41,2016.0
15841,test_55_14,asmeta,55,14,770,42,2042.0
15842,test_55_14,asmeta,55,14,770,43,2058.0
15843,test_55_14,asmeta,55,14,770,44,2050.0
15844,test_55_14,asmeta,55,14,770,45,2040.0
15845,test_55_14,asmeta,55,14,770,46,2078.0
15846,test_55_14,asmeta,55,14,770,47,2023.0
15847,test_55_14,asmeta,55,14,770,48,2032.0
15848,test_55_14,asmeta,55,14,770,49,2102.0
15849,test_55_14,asmeta,55,14,770,50,2044.0
15850,test_40_20,asmeta,40,20,800,1,3041.0
15851,test_50_16,asmeta,50,16,800,1,2863.0
15852,test_40_20,asmeta,40,20,800,2,2376.0
15853,test_50_16,asmeta,50,16,800,2,2420.0
15854,test_40_20,asmeta,40,20,800,3,2336.0
15855,test_50_16,asmeta,50,16,800,3,2326.0
15856,test_40_20,asmeta,40,20,800,4,2308.0
15857,test_50_16,asmeta,50,16,800,4,2327.0
15858,test_40_20,asmeta,40,20,800,5,2283.0
15859,test_50_16,asmeta,50,16,800,5,2321.0
15860,test_40_20,asmeta,40,20,800,6,2267.0
15861,test_50_16,asmeta,50,16,800,6,2303.0
15862,test_40_20,asmeta,40,20,800,7,2288.0
15863,test_50_16,asmeta,50,16,800,7,2326.0
15864,test_40_20,asmeta,40,20,800,8,2322.0
15865,test_50_16,asmeta,50,16,800,8,2336.0
15866,test_40_20,asmeta,40,20,800,9,2331.0
15867,test_50_16,asmeta,50,16,800,9,2329.0
15868,test_40_20,asmeta,40,20,800,10,2320.0
15869,test_50_16,asmeta,50,16,800,10,2320.0
15870,test_40_20,asmeta,40,20,800,11,2337.0
15871,test_50_16,asmeta,50,16,800,11,2303.0
15872,test_40_20,asmeta,40,20,800,12,2338.0
15873,test_50_16,asmeta,50,16,800,12,2294.0
15874,test_40_20,asmeta,40,20,800,13,2344.0
15875,test_50_16,asmeta,50,16,800,13,2288.0
15876,test_40_20,asmeta,40,20,800,14,2346.0
15877,test_50_16,asmeta,50,16,800,14,2275.0
15878,test_40_20,asmeta,40,20,800,15,2333.0
15879,test_50_16,asmeta,50,16,800,15,2266.0
15880,test_40_20,asmeta,40,20,800,16,2307.0
15881,test_50_16,asmeta,50,16,800,16,2319.0
15882,test_40_20,asmeta,40,20,800,17,2309.0
15883,test_50_16,asmeta,50,16,800,17,2287.0
15884,test_40_20,asmeta,40,20,800,18,2320.0
15885,test_50_16,asmeta,50,16,800,18,2278.0
15886,test_40_20,asmeta,40,20,800,19,2310.0
15887,test_50_16,asmeta,50,16,800,19,2276.0
15888,test_40_20,asmeta,40,20,800,20,2318.0
15889,test_50_16,asmeta,50,16,800,20,2286.0
15890,test_40_20,asmeta,40,20,800,21,2302.0
15891,test_50_16,asmeta,50,16,800,21,2257.0
15892,test_40_20,asmeta,40,20,800,22,2317.0
15893,test_50_16,asmeta,50,16,800,22,2308.0
15894,test_40_20,asmeta,40,20,800,23,2320.0
15895,test_50_16,asmeta,50,16,800,23,2304.0
15896,test_40_20,asmeta,40,20,800,24,2299.0
15897,test_50_16,asmeta,50,16,800,24,2308.0
15898,test_40_20,asmeta,40,20,800,25,2305.0
15899,test_50_16,asmeta,50,16,800,25,2298.0
15900,test_40_20,asmeta,40,20,800,26,2261.0
15901,test_50_16,asmeta,50,16,800,26,2313.0
15902,test_40_20,asmeta,40,20,800,27,2282.0
15903,test_50_16,asmeta,50,16,800,27,2300.0
15904,test_40_20,asmeta,40,20,800,28,2326.0
15905,test_50_16,asmeta,50,16,800,28,2263.0
15906,test_40_20,asmeta,40,20,800,29,2320.0
15907,test_50_16,asmeta,50,16,800,29,2297.0
15908,test_40_20,asmeta,40,20,800,30,2317.0
15909,test_50_16,asmeta,50,16,800,30,2296.0
15910,test_40_20,asmeta,40,20,800,31,2332.0
15911,test_50_16,asmeta,50,16,800,31,2291.0
15912,test_40_20,asmeta,40,20,800,32,2330.0
15913,test_50_16,asmeta,50,16,800,32,2288.0
15914,test_40_20,asmeta,40,20,800,33,2324.0
15915,test_50_16,asmeta,50,16,800,33,2287.0
15916,test_40_20,asmeta,40,20,800,34,2312.0
15917,test_50_16,asmeta,50,16,800,34,2270.0
15918,test_40_20,asmeta,40,20,800,35,2306.0
15919,test_50_16,asmeta,50,16,800,35,2311.0
15920,test_40_20,asmeta,40,20,800,36,2311.0
15921,test_50_16,asmeta,50,16,800,36,2304.0
15922,test_40_20,asmeta,40,20,800,37,2306.0
15923,test_50_16,asmeta,50,16,800,37,2303.0
15924,test_40_20,asmeta,40,20,800,38,2303.0
15925,test_50_16,asmeta,50,16,800,38,2299.0
15926,test_40_20,asmeta,40,20,800,39,2308.0
15927,test_50_16,asmeta,50,16,800,39,2286.0
15928,test_40_20,asmeta,40,20,800,40,2345.0
15929,test_50_16,asmeta,50,16,800,40,2294.0
15930,test_40_20,asmeta,40,20,800,41,2304.0
15931,test_50_16,asmeta,50,16,800,41,2256.0
15932,test_40_20,asmeta,40,20,800,42,2321.0
15933,test_50_16,asmeta,50,16,800,42,2298.0
15934,test_40_20,asmeta,40,20,800,43,2328.0
15935,test_50_16,asmeta,50,16,800,43,2292.0
15936,test_40_20,asmeta,40,20,800,44,2312.0
15937,test_50_16,asmeta,50,16,800,44,2303.0
15938,test_40_20,asmeta,40,20,800,45,2301.0
15939,test_50_16,asmeta,50,16,800,45,2274.0
15940,test_40_20,asmeta,40,20,800,46,2291.0
15941,test_50_16,asmeta,50,16,800,46,2250.0
15942,test_40_20,asmeta,40,20,800,47,2294.0
15943,test_50_16,asmeta,50,16,800,47,2240.0
15944,test_40_20,asmeta,40,20,800,48,2314.0
15945,test_50_16,asmeta,50,16,800,48,2302.0
15946,test_40_20,asmeta,40,20,800,49,2306.0
15947,test_50_16,asmeta,50,16,800,49,2279.0
15948,test_40_20,asmeta,40,20,800,50,2303.0
15949,test_50_16,asmeta,50,16,800,50,2289.0
15950,test_45_18,asmeta,45,18,810,1,3130.0
15951,test_45_18,asmeta,45,18,810,2,2590.0
15952,test_45_18,asmeta,45,18,810,3,2436.0
15953,test_45_18,asmeta,45,18,810,4,2451.0
15954,test_45_18,asmeta,45,18,810,5,2414.0
15955,test_45_18,asmeta,45,18,810,6,2429.0
15956,test_45_18,asmeta,45,18,810,7,2427.0
15957,test_45_18,asmeta,45,18,810,8,2425.0
15958,test_45_18,asmeta,45,18,810,9,2392.0
15959,test_45_18,asmeta,45,18,810,10,2396.0
15960,test_45_18,asmeta,45,18,810,11,2406.0
15961,test_45_18,asmeta,45,18,810,12,2418.0
15962,test_45_18,asmeta,45,18,810,13,2407.0
15963,test_45_18,asmeta,45,18,810,14,2418.0
15964,test_45_18,asmeta,45,18,810,15,2433.0
15965,test_45_18,asmeta,45,18,810,16,2416.0
15966,test_45_18,asmeta,45,18,810,17,2411.0
15967,test_45_18,asmeta,45,18,810,18,2416.0
15968,test_45_18,asmeta,45,18,810,19,2407.0
15969,test_45_18,asmeta,45,18,810,20,2408.0
15970,test_45_18,asmeta,45,18,810,21,2406.0
15971,test_45_18,asmeta,45,18,810,22,2406.0
15972,test_45_18,asmeta,45,18,810,23,2399.0
15973,test_45_18,asmeta,45,18,810,24,2391.0
15974,test_45_18,asmeta,45,18,810,25,2400.0
15975,test_45_18,asmeta,45,18,810,26,2396.0
15976,test_45_18,asmeta,45,18,810,27,2393.0
15977,test_45_18,asmeta,45,18,810,28,2398.0
15978,test_45_18,asmeta,45,18,810,29,2394.0
15979,test_45_18,asmeta,45,18,810,30,2389.0
15980,test_45_18,asmeta,45,18,810,31,2376.0
15981,test_45_18,asmeta,45,18,810,32,2378.0
15982,test_45_18,asmeta,45,18,810,33,2387.0
15983,test_45_18,asmeta,45,18,810,34,2390.0
15984,test_45_18,asmeta,45,18,810,35,2377.0
15985,test_45_18,asmeta,45,18,810,36,2380.0
15986,test_45_18,asmeta,45,18,810,37,2380.0
15987,test_45_18,asmeta,45,18,810,38,2398.0
15988,test_45_18,asmeta,45,18,810,39,2397.0
15989,test_45_18,asmeta,45,18,810,40,2393.0
15990,test_45_18,asmeta,45,18,810,41,2405.0
15991,test_45_18,asmeta,45,18,810,42,2408.0
15992,test_45_18,asmeta,45,18,810,43,2406.0
15993,test_45_18,asmeta,45,18,810,44,2407.0
15994,test_45_18,asmeta,45,18,810,45,2400.0
15995,test_45_18,asmeta,45,18,810,46,2370.0
15996,test_45_18,asmeta,45,18,810,47,2364.0
15997,test_45_18,asmeta,45,18,810,48,2367.0
15998,test_45_18,asmeta,45,18,810,49,2381.0
15999,test_45_18,asmeta,45,18,810,50,2393.0
16000,test_60_14,asmeta,60,14,840,1,3152.0
16001,test_60_14,asmeta,60,14,840,2,2737.0
16002,test_60_14,asmeta,60,14,840,3,2704.0
16003,test_60_14,asmeta,60,14,840,4,2707.0
16004,test_60_14,asmeta,60,14,840,5,2686.0
16005,test_60_14,asmeta,60,14,840,6,2695.0
16006,test_60_14,asmeta,60,14,840,7,2689.0
16007,test_60_14,asmeta,60,14,840,8,2692.0
16008,test_60_14,asmeta,60,14,840,9,2716.0
16009,test_60_14,asmeta,60,14,840,10,2710.0
16010,test_60_14,asmeta,60,14,840,11,2679.0
16011,test_60_14,asmeta,60,14,840,12,2693.0
16012,test_60_14,asmeta,60,14,840,13,2719.0
16013,test_60_14,asmeta,60,14,840,14,2697.0
16014,test_60_14,asmeta,60,14,840,15,2691.0
16015,test_60_14,asmeta,60,14,840,16,2700.0
16016,test_60_14,asmeta,60,14,840,17,2706.0
16017,test_60_14,asmeta,60,14,840,18,2709.0
16018,test_60_14,asmeta,60,14,840,19,2700.0
16019,test_60_14,asmeta,60,14,840,20,2696.0
16020,test_60_14,asmeta,60,14,840,21,2709.0
16021,test_60_14,asmeta,60,14,840,22,2688.0
16022,test_60_14,asmeta,60,14,840,23,2676.0
16023,test_60_14,asmeta,60,14,840,24,2698.0
16024,test_60_14,asmeta,60,14,840,25,2686.0
16025,test_60_14,asmeta,60,14,840,26,2667.0
16026,test_60_14,asmeta,60,14,840,27,2670.0
16027,test_60_14,asmeta,60,14,840,28,2682.0
16028,test_60_14,asmeta,60,14,840,29,2680.0
16029,test_60_14,asmeta,60,14,840,30,2702.0
16030,test_60_14,asmeta,60,14,840,31,2682.0
16031,test_60_14,asmeta,60,14,840,32,2704.0
16032,test_60_14,asmeta,60,14,840,33,2690.0
16033,test_60_14,asmeta,60,14,840,34,2661.0
16034,test_60_14,asmeta,60,14,840,35,2677.0
16035,test_60_14,asmeta,60,14,840,36,2679.0
16036,test_60_14,asmeta,60,14,840,37,2673.0
16037,test_60_14,asmeta,60,14,840,38,2650.0
16038,test_60_14,asmeta,60,14,840,39,2666.0
16039,test_60_14,asmeta,60,14,840,40,2677.0
16040,test_60_14,asmeta,60,14,840,41,2686.0
16041,test_60_14,asmeta,60,14,840,42,2685.0
16042,test_60_14,asmeta,60,14,840,43,2689.0
16043,test_60_14,asmeta,60,14,840,44,2671.0
16044,test_60_14,asmeta,60,14,840,45,2686.0
16045,test_60_14,asmeta,60,14,840,46,2670.0
16046,test_60_14,asmeta,60,14,840,47,2679.0
16047,test_60_14,asmeta,60,14,840,48,2693.0
16048,test_60_14,asmeta,60,14,840,49,2667.0
16049,test_60_14,asmeta,60,14,840,50,2680.0
16050,test_55_16,asmeta,55,16,880,1,3522.0
16051,test_55_16,asmeta,55,16,880,2,3085.0
16052,test_55_16,asmeta,55,16,880,3,3009.0
16053,test_55_16,asmeta,55,16,880,4,2996.0
16054,test_55_16,asmeta,55,16,880,5,2973.0
16055,test_55_16,asmeta,55,16,880,6,2986.0
16056,test_55_16,asmeta,55,16,880,7,2978.0
16057,test_55_16,asmeta,55,16,880,8,2960.0
16058,test_55_16,asmeta,55,16,880,9,2965.0
16059,test_55_16,asmeta,55,16,880,10,2934.0
16060,test_55_16,asmeta,55,16,880,11,2953.0
16061,test_55_16,asmeta,55,16,880,12,2947.0
16062,test_55_16,asmeta,55,16,880,13,2941.0
16063,test_55_16,asmeta,55,16,880,14,2950.0
16064,test_55_16,asmeta,55,16,880,15,2943.0
16065,test_55_16,asmeta,55,16,880,16,2957.0
16066,test_55_16,asmeta,55,16,880,17,2942.0
16067,test_55_16,asmeta,55,16,880,18,2940.0
16068,test_55_16,asmeta,55,16,880,19,2952.0
16069,test_55_16,asmeta,55,16,880,20,2973.0
16070,test_55_16,asmeta,55,16,880,21,2962.0
16071,test_55_16,asmeta,55,16,880,22,2950.0
16072,test_55_16,asmeta,55,16,880,23,2925.0
16073,test_55_16,asmeta,55,16,880,24,2931.0
16074,test_55_16,asmeta,55,16,880,25,2935.0
16075,test_55_16,asmeta,55,16,880,26,2937.0
16076,test_55_16,asmeta,55,16,880,27,2950.0
16077,test_55_16,asmeta,55,16,880,28,2950.0
16078,test_55_16,asmeta,55,16,880,29,2959.0
16079,test_55_16,asmeta,55,16,880,30,2953.0
16080,test_55_16,asmeta,55,16,880,31,2921.0
16081,test_55_16,asmeta,55,16,880,32,2920.0
16082,test_55_16,asmeta,55,16,880,33,2936.0
16083,test_55_16,asmeta,55,16,880,34,2936.0
16084,test_55_16,asmeta,55,16,880,35,2941.0
16085,test_55_16,asmeta,55,16,880,36,2936.0
16086,test_55_16,asmeta,55,16,880,37,2940.0
16087,test_55_16,asmeta,55,16,880,38,2953.0
16088,test_55_16,asmeta,55,16,880,39,2930.0
16089,test_55_16,asmeta,55,16,880,40,2941.0
16090,test_55_16,asmeta,55,16,880,41,2943.0
16091,test_55_16,asmeta,55,16,880,42,2954.0
16092,test_55_16,asmeta,55,16,880,43,2960.0
16093,test_55_16,asmeta,55,16,880,44,2937.0
16094,test_55_16,asmeta,55,16,880,45,2924.0
16095,test_55_16,asmeta,55,16,880,46,2918.0
16096,test_55_16,asmeta,55,16,880,47,2923.0
16097,test_55_16,asmeta,55,16,880,48,2955.0
16098,test_55_16,asmeta,55,16,880,49,2941.0
16099,test_55_16,asmeta,55,16,880,50,2943.0
16100,test_45_20,asmeta,45,20,900,1,3827.0
16101,test_50_18,asmeta,50,18,900,1,3797.0
16102,test_45_20,asmeta,45,20,900,2,3188.0
16103,test_50_18,asmeta,50,18,900,2,3080.0
16104,test_45_20,asmeta,45,20,900,3,3148.0
16105,test_50_18,asmeta,50,18,900,3,3075.0
16106,test_45_20,asmeta,45,20,900,4,3135.0
16107,test_50_18,asmeta,50,18,900,4,3051.0
16108,test_45_20,asmeta,45,20,900,5,3150.0
16109,test_50_18,asmeta,50,18,900,5,3059.0
16110,test_45_20,asmeta,45,20,900,6,3115.0
16111,test_50_18,asmeta,50,18,900,6,3049.0
16112,test_45_20,asmeta,45,20,900,7,3136.0
16113,test_50_18,asmeta,50,18,900,7,3074.0
16114,test_45_20,asmeta,45,20,900,8,3122.0
16115,test_50_18,asmeta,50,18,900,8,3041.0
16116,test_45_20,asmeta,45,20,900,9,3127.0
16117,test_50_18,asmeta,50,18,900,9,3074.0
16118,test_45_20,asmeta,45,20,900,10,3131.0
16119,test_50_18,asmeta,50,18,900,10,3026.0
16120,test_45_20,asmeta,45,20,900,11,3124.0
16121,test_50_18,asmeta,50,18,900,11,3020.0
16122,test_45_20,asmeta,45,20,900,12,3094.0
16123,test_50_18,asmeta,50,18,900,12,3035.0
16124,test_45_20,asmeta,45,20,900,13,3124.0
16125,test_50_18,asmeta,50,18,900,13,3045.0
16126,test_45_20,asmeta,45,20,900,14,3122.0
16127,test_50_18,asmeta,50,18,900,14,3063.0
16128,test_45_20,asmeta,45,20,900,15,3134.0
16129,test_50_18,asmeta,50,18,900,15,3072.0
16130,test_45_20,asmeta,45,20,900,16,3139.0
16131,test_50_18,asmeta,50,18,900,16,3045.0
16132,test_45_20,asmeta,45,20,900,17,3150.0
16133,test_50_18,asmeta,50,18,900,17,3029.0
16134,test_45_20,asmeta,45,20,900,18,3115.0
16135,test_50_18,asmeta,50,18,900,18,3046.0
16136,test_45_20,asmeta,45,20,900,19,3096.0
16137,test_50_18,asmeta,50,18,900,19,3029.0
16138,test_45_20,asmeta,45,20,900,20,3118.0
16139,test_50_18,asmeta,50,18,900,20,3045.0
16140,test_45_20,asmeta,45,20,900,21,3110.0
16141,test_50_18,asmeta,50,18,900,21,3039.0
16142,test_45_20,asmeta,45,20,900,22,3122.0
16143,test_50_18,asmeta,50,18,900,22,3049.0
16144,test_45_20,asmeta,45,20,900,23,3073.0
16145,test_50_18,asmeta,50,18,900,23,3042.0
16146,test_45_20,asmeta,45,20,900,24,3065.0
16147,test_50_18,asmeta,50,18,900,24,3047.0
16148,test_45_20,asmeta,45,20,900,25,3068.0
16149,test_50_18,asmeta,50,18,900,25,3025.0
16150,test_45_20,asmeta,45,20,900,26,3051.0
16151,test_50_18,asmeta,50,18,900,26,3009.0
16152,test_45_20,asmeta,45,20,900,27,3079.0
16153,test_50_18,asmeta,50,18,900,27,3030.0
16154,test_45_20,asmeta,45,20,900,28,3099.0
16155,test_50_18,asmeta,50,18,900,28,3052.0
16156,test_45_20,asmeta,45,20,900,29,3102.0
16157,test_50_18,asmeta,50,18,900,29,3009.0
16158,test_45_20,asmeta,45,20,900,30,3070.0
16159,test_50_18,asmeta,50,18,900,30,3029.0
16160,test_45_20,asmeta,45,20,900,31,3126.0
16161,test_50_18,asmeta,50,18,900,31,3045.0
16162,test_45_20,asmeta,45,20,900,32,3080.0
16163,test_50_18,asmeta,50,18,900,32,3038.0
16164,test_45_20,asmeta,45,20,900,33,3047.0
16165,test_50_18,asmeta,50,18,900,33,3020.0
16166,test_45_20,asmeta,45,20,900,34,3071.0
16167,test_50_18,asmeta,50,18,900,34,3065.0
16168,test_45_20,asmeta,45,20,900,35,3086.0
16169,test_50_18,asmeta,50,18,900,35,3040.0
16170,test_45_20,asmeta,45,20,900,36,3065.0
16171,test_50_18,asmeta,50,18,900,36,3041.0
16172,test_45_20,asmeta,45,20,900,37,3092.0
16173,test_50_18,asmeta,50,18,900,37,3049.0
16174,test_45_20,asmeta,45,20,900,38,3067.0
16175,test_50_18,asmeta,50,18,900,38,3018.0
16176,test_45_20,asmeta,45,20,900,39,3073.0
16177,test_50_18,asmeta,50,18,900,39,3027.0
16178,test_45_20,asmeta,45,20,900,40,3069.0
16179,test_50_18,asmeta,50,18,900,40,3046.0
16180,test_45_20,asmeta,45,20,900,41,3066.0
16181,test_50_18,asmeta,50,18,900,41,3032.0
16182,test_45_20,asmeta,45,20,900,42,3080.0
16183,test_50_18,asmeta,50,18,900,42,3043.0
16184,test_45_20,asmeta,45,20,900,43,3078.0
16185,test_50_18,asmeta,50,18,900,43,3022.0
16186,test_45_20,asmeta,45,20,900,44,3063.0
16187,test_50_18,asmeta,50,18,900,44,3021.0
16188,test_45_20,asmeta,45,20,900,45,3050.0
16189,test_50_18,asmeta,50,18,900,45,3017.0
16190,test_45_20,asmeta,45,20,900,46,3050.0
16191,test_50_18,asmeta,50,18,900,46,3012.0
16192,test_45_20,asmeta,45,20,900,47,3071.0
16193,test_50_18,asmeta,50,18,900,47,3006.0
16194,test_45_20,asmeta,45,20,900,48,3079.0
16195,test_50_18,asmeta,50,18,900,48,3034.0
16196,test_45_20,asmeta,45,20,900,49,3064.0
16197,test_50_18,asmeta,50,18,900,49,3030.0
16198,test_45_20,asmeta,45,20,900,50,3087.0
16199,test_50_18,asmeta,50,18,900,50,3046.0
16200,test_60_16,asmeta,60,16,960,1,4180.0
16201,test_60_16,asmeta,60,16,960,2,3703.0
16202,test_60_16,asmeta,60,16,960,3,3688.0
16203,test_60_16,asmeta,60,16,960,4,3675.0
16204,test_60_16,asmeta,60,16,960,5,3673.0
16205,test_60_16,asmeta,60,16,960,6,3682.0
16206,test_60_16,asmeta,60,16,960,7,3690.0
16207,test_60_16,asmeta,60,16,960,8,3686.0
16208,test_60_16,asmeta,60,16,960,9,3677.0
16209,test_60_16,asmeta,60,16,960,10,3690.0
16210,test_60_16,asmeta,60,16,960,11,3635.0
16211,test_60_16,asmeta,60,16,960,12,3623.0
16212,test_60_16,asmeta,60,16,960,13,3648.0
16213,test_60_16,asmeta,60,16,960,14,3606.0
16214,test_60_16,asmeta,60,16,960,15,3608.0
16215,test_60_16,asmeta,60,16,960,16,3644.0
16216,test_60_16,asmeta,60,16,960,17,3608.0
16217,test_60_16,asmeta,60,16,960,18,3624.0
16218,test_60_16,asmeta,60,16,960,19,3643.0
16219,test_60_16,asmeta,60,16,960,20,3631.0
16220,test_60_16,asmeta,60,16,960,21,3638.0
16221,test_60_16,asmeta,60,16,960,22,3623.0
16222,test_60_16,asmeta,60,16,960,23,3629.0
16223,test_60_16,asmeta,60,16,960,24,3635.0
16224,test_60_16,asmeta,60,16,960,25,3627.0
16225,test_60_16,asmeta,60,16,960,26,3633.0
16226,test_60_16,asmeta,60,16,960,27,3609.0
16227,test_60_16,asmeta,60,16,960,28,3595.0
16228,test_60_16,asmeta,60,16,960,29,3608.0
16229,test_60_16,asmeta,60,16,960,30,3611.0
16230,test_60_16,asmeta,60,16,960,31,3638.0
16231,test_60_16,asmeta,60,16,960,32,3625.0
16232,test_60_16,asmeta,60,16,960,33,3617.0
16233,test_60_16,asmeta,60,16,960,34,3652.0
16234,test_60_16,asmeta,60,16,960,35,3626.0
16235,test_60_16,asmeta,60,16,960,36,3618.0
16236,test_60_16,asmeta,60,16,960,37,3612.0
16237,test_60_16,asmeta,60,16,960,38,3642.0
16238,test_60_16,asmeta,60,16,960,39,3635.0
16239,test_60_16,asmeta,60,16,960,40,3615.0
16240,test_60_16,asmeta,60,16,960,41,3607.0
16241,test_60_16,asmeta,60,16,960,42,3618.0
16242,test_60_16,asmeta,60,16,960,43,3607.0
16243,test_60_16,asmeta,60,16,960,44,3614.0
16244,test_60_16,asmeta,60,16,960,45,3621.0
16245,test_60_16,asmeta,60,16,960,46,3626.0
16246,test_60_16,asmeta,60,16,960,47,3602.0
16247,test_60_16,asmeta,60,16,960,48,3636.0
16248,test_60_16,asmeta,60,16,960,49,3624.0
16249,test_60_16,asmeta,60,16,960,50,3614.0
16250,test_55_18,asmeta,55,18,990,1,4628.0
16251,test_55_18,asmeta,55,18,990,2,4070.0
16252,test_55_18,asmeta,55,18,990,3,4019.0
16253,test_55_18,asmeta,55,18,990,4,4020.0
16254,test_55_18,asmeta,55,18,990,5,4010.0
16255,test_55_18,asmeta,55,18,990,6,3984.0
16256,test_55_18,asmeta,55,18,990,7,3982.0
16257,test_55_18,asmeta,55,18,990,8,3988.0
16258,test_55_18,asmeta,55,18,990,9,3958.0
16259,test_55_18,asmeta,55,18,990,10,3952.0
16260,test_55_18,asmeta,55,18,990,11,3974.0
16261,test_55_18,asmeta,55,18,990,12,3963.0
16262,test_55_18,asmeta,55,18,990,13,3997.0
16263,test_55_18,asmeta,55,18,990,14,3948.0
16264,test_55_18,asmeta,55,18,990,15,3956.0
16265,test_55_18,asmeta,55,18,990,16,3966.0
16266,test_55_18,asmeta,55,18,990,17,3967.0
16267,test_55_18,asmeta,55,18,990,18,3970.0
16268,test_55_18,asmeta,55,18,990,19,3969.0
16269,test_55_18,asmeta,55,18,990,20,3972.0
16270,test_55_18,asmeta,55,18,990,21,3957.0
16271,test_55_18,asmeta,55,18,990,22,3963.0
16272,test_55_18,asmeta,55,18,990,23,3960.0
16273,test_55_18,asmeta,55,18,990,24,3976.0
16274,test_55_18,asmeta,55,18,990,25,3972.0
16275,test_55_18,asmeta,55,18,990,26,3971.0
16276,test_55_18,asmeta,55,18,990,27,3972.0
16277,test_55_18,asmeta,55,18,990,28,3965.0
16278,test_55_18,asmeta,55,18,990,29,3970.0
16279,test_55_18,asmeta,55,18,990,30,3949.0
16280,test_55_18,asmeta,55,18,990,31,3954.0
16281,test_55_18,asmeta,55,18,990,32,3982.0
16282,test_55_18,asmeta,55,18,990,33,3997.0
16283,test_55_18,asmeta,55,18,990,34,3988.0
16284,test_55_18,asmeta,55,18,990,35,3959.0
16285,test_55_18,asmeta,55,18,990,36,3967.0
16286,test_55_18,asmeta,55,18,990,37,3955.0
16287,test_55_18,asmeta,55,18,990,38,3948.0
16288,test_55_18,asmeta,55,18,990,39,3994.0
16289,test_55_18,asmeta,55,18,990,40,3967.0
16290,test_55_18,asmeta,55,18,990,41,3973.0
16291,test_55_18,asmeta,55,18,990,42,3939.0
16292,test_55_18,asmeta,55,18,990,43,3977.0
16293,test_55_18,asmeta,55,18,990,44,3959.0
16294,test_55_18,asmeta,55,18,990,45,3979.0
16295,test_55_18,asmeta,55,18,990,46,3960.0
16296,test_55_18,asmeta,55,18,990,47,3957.0
16297,test_55_18,asmeta,55,18,990,48,3965.0
16298,test_55_18,asmeta,55,18,990,49,3967.0
16299,test_55_18,asmeta,55,18,990,50,3968.0
16300,test_50_20,asmeta,50,20,1000,1,4879.0
16301,test_50_20,asmeta,50,20,1000,2,4166.0
16302,test_50_20,asmeta,50,20,1000,3,4144.0
16303,test_50_20,asmeta,50,20,1000,4,4146.0
16304,test_50_20,asmeta,50,20,1000,5,4141.0
16305,test_50_20,asmeta,50,20,1000,6,4132.0
16306,test_50_20,asmeta,50,20,1000,7,4112.0
16307,test_50_20,asmeta,50,20,1000,8,4123.0
16308,test_50_20,asmeta,50,20,1000,9,4114.0
16309,test_50_20,asmeta,50,20,1000,10,4096.0
16310,test_50_20,asmeta,50,20,1000,11,4107.0
16311,test_50_20,asmeta,50,20,1000,12,4081.0
16312,test_50_20,asmeta,50,20,1000,13,4069.0
16313,test_50_20,asmeta,50,20,1000,14,4065.0
16314,test_50_20,asmeta,50,20,1000,15,4057.0
16315,test_50_20,asmeta,50,20,1000,16,4077.0
16316,test_50_20,asmeta,50,20,1000,17,4118.0
16317,test_50_20,asmeta,50,20,1000,18,4103.0
16318,test_50_20,asmeta,50,20,1000,19,4070.0
16319,test_50_20,asmeta,50,20,1000,20,4109.0
16320,test_50_20,asmeta,50,20,1000,21,4088.0
16321,test_50_20,asmeta,50,20,1000,22,4063.0
16322,test_50_20,asmeta,50,20,1000,23,4109.0
16323,test_50_20,asmeta,50,20,1000,24,4078.0
16324,test_50_20,asmeta,50,20,1000,25,4075.0
16325,test_50_20,asmeta,50,20,1000,26,4099.0
16326,test_50_20,asmeta,50,20,1000,27,4080.0
16327,test_50_20,asmeta,50,20,1000,28,4091.0
16328,test_50_20,asmeta,50,20,1000,29,4059.0
16329,test_50_20,asmeta,50,20,1000,30,4084.0
16330,test_50_20,asmeta,50,20,1000,31,4079.0
16331,test_50_20,asmeta,50,20,1000,32,4076.0
16332,test_50_20,asmeta,50,20,1000,33,4081.0
16333,test_50_20,asmeta,50,20,1000,34,4083.0
16334,test_50_20,asmeta,50,20,1000,35,4083.0
16335,test_50_20,asmeta,50,20,1000,36,4084.0
16336,test_50_20,asmeta,50,20,1000,37,4101.0
16337,test_50_20,asmeta,50,20,1000,38,4072.0
16338,test_50_20,asmeta,50,20,1000,39,4102.0
16339,test_50_20,asmeta,50,20,1000,40,4089.0
16340,test_50_20,asmeta,50,20,1000,41,4072.0
16341,test_50_20,asmeta,50,20,1000,42,4078.0
16342,test_50_20,asmeta,50,20,1000,43,4082.0
16343,test_50_20,asmeta,50,20,1000,44,4087.0
16344,test_50_20,asmeta,50,20,1000,45,4095.0
16345,test_50_20,asmeta,50,20,1000,46,4062.0
16346,test_50_20,asmeta,50,20,1000,47,4042.0
16347,test_50_20,asmeta,50,20,1000,48,4093.0
16348,test_50_20,asmeta,50,20,1000,49,4095.0
16349,test_50_20,asmeta,50,20,1000,50,4075.0
16350,test_60_18,asmeta,60,18,1080,1,5609.0
16351,test_60_18,asmeta,60,18,1080,2,4988.0
16352,test_60_18,asmeta,60,18,1080,3,4972.0
16353,test_60_18,asmeta,60,18,1080,4,4975.0
16354,test_60_18,asmeta,60,18,1080,5,4972.0
16355,test_60_18,asmeta,60,18,1080,6,4933.0
16356,test_60_18,asmeta,60,18,1080,7,4930.0
16357,test_60_18,asmeta,60,18,1080,8,4912.0
16358,test_60_18,asmeta,60,18,1080,9,4950.0
16359,test_60_18,asmeta,60,18,1080,10,4902.0
16360,test_60_18,asmeta,60,18,1080,11,4876.0
16361,test_60_18,asmeta,60,18,1080,12,4855.0
16362,test_60_18,asmeta,60,18,1080,13,4932.0
16363,test_60_18,asmeta,60,18,1080,14,4881.0
16364,test_60_18,asmeta,60,18,1080,15,4897.0
16365,test_60_18,asmeta,60,18,1080,16,4907.0
16366,test_60_18,asmeta,60,18,1080,17,4908.0
16367,test_60_18,asmeta,60,18,1080,18,4909.0
16368,test_60_18,asmeta,60,18,1080,19,4879.0
16369,test_60_18,asmeta,60,18,1080,20,4886.0
16370,test_60_18,asmeta,60,18,1080,21,4860.0
16371,test_60_18,asmeta,60,18,1080,22,4997.0
16372,test_60_18,asmeta,60,18,1080,23,5130.0
16373,test_60_18,asmeta,60,18,1080,24,5031.0
16374,test_60_18,asmeta,60,18,1080,25,5068.0
16375,test_60_18,asmeta,60,18,1080,26,5056.0
16376,test_60_18,asmeta,60,18,1080,27,5043.0
16377,test_60_18,asmeta,60,18,1080,28,5056.0
16378,test_60_18,asmeta,60,18,1080,29,4973.0
16379,test_60_18,asmeta,60,18,1080,30,4916.0
16380,test_60_18,asmeta,60,18,1080,31,4908.0
16381,test_60_18,asmeta,60,18,1080,32,4907.0
16382,test_60_18,asmeta,60,18,1080,33,4925.0
16383,test_60_18,asmeta,60,18,1080,34,4906.0
16384,test_60_18,asmeta,60,18,1080,35,4892.0
16385,test_60_18,asmeta,60,18,1080,36,4876.0
16386,test_60_18,asmeta,60,18,1080,37,4881.0
16387,test_60_18,asmeta,60,18,1080,38,4894.0
16388,test_60_18,asmeta,60,18,1080,39,4917.0
16389,test_60_18,asmeta,60,18,1080,40,4899.0
16390,test_60_18,asmeta,60,18,1080,41,4890.0
16391,test_60_18,asmeta,60,18,1080,42,4856.0
16392,test_60_18,asmeta,60,18,1080,43,4889.0
16393,test_60_18,asmeta,60,18,1080,44,4897.0
16394,test_60_18,asmeta,60,18,1080,45,4912.0
16395,test_60_18,asmeta,60,18,1080,46,4875.0
16396,test_60_18,asmeta,60,18,1080,47,4900.0
16397,test_60_18,asmeta,60,18,1080,48,4905.0
16398,test_60_18,asmeta,60,18,1080,49,4875.0
16399,test_60_18,asmeta,60,18,1080,50,4884.0
16400,test_55_20,asmeta,55,20,1100,1,5969.0
16401,test_55_20,asmeta,55,20,1100,2,5218.0
16402,test_55_20,asmeta,55,20,1100,3,5215.0
16403,test_55_20,asmeta,55,20,1100,4,5225.0
16404,test_55_20,asmeta,55,20,1100,5,5225.0
16405,test_55_20,asmeta,55,20,1100,6,5200.0
16406,test_55_20,asmeta,55,20,1100,7,5146.0
16407,test_55_20,asmeta,55,20,1100,8,5108.0
16408,test_55_20,asmeta,55,20,1100,9,5113.0
16409,test_55_20,asmeta,55,20,1100,10,5117.0
16410,test_55_20,asmeta,55,20,1100,11,5142.0
16411,test_55_20,asmeta,55,20,1100,12,5109.0
16412,test_55_20,asmeta,55,20,1100,13,5100.0
16413,test_55_20,asmeta,55,20,1100,14,5114.0
16414,test_55_20,asmeta,55,20,1100,15,5135.0
16415,test_55_20,asmeta,55,20,1100,16,5135.0
16416,test_55_20,asmeta,55,20,1100,17,5125.0
16417,test_55_20,asmeta,55,20,1100,18,5128.0
16418,test_55_20,asmeta,55,20,1100,19,5116.0
16419,test_55_20,asmeta,55,20,1100,20,5144.0
16420,test_55_20,asmeta,55,20,1100,21,5124.0
16421,test_55_20,asmeta,55,20,1100,22,5113.0
16422,test_55_20,asmeta,55,20,1100,23,5113.0
16423,test_55_20,asmeta,55,20,1100,24,5110.0
16424,test_55_20,asmeta,55,20,1100,25,5128.0
16425,test_55_20,asmeta,55,20,1100,26,5102.0
16426,test_55_20,asmeta,55,20,1100,27,5080.0
16427,test_55_20,asmeta,55,20,1100,28,5092.0
16428,test_55_20,asmeta,55,20,1100,29,5094.0
16429,test_55_20,asmeta,55,20,1100,30,5089.0
16430,test_55_20,asmeta,55,20,1100,31,5108.0
16431,test_55_20,asmeta,55,20,1100,32,5078.0
16432,test_55_20,asmeta,55,20,1100,33,5097.0
16433,test_55_20,asmeta,55,20,1100,34,5110.0
16434,test_55_20,asmeta,55,20,1100,35,5115.0
16435,test_55_20,asmeta,55,20,1100,36,5118.0
16436,test_55_20,asmeta,55,20,1100,37,5133.0
16437,test_55_20,asmeta,55,20,1100,38,5113.0
16438,test_55_20,asmeta,55,20,1100,39,5116.0
16439,test_55_20,asmeta,55,20,1100,40,5115.0
16440,test_55_20,asmeta,55,20,1100,41,5109.0
16441,test_55_20,asmeta,55,20,1100,42,5143.0
16442,test_55_20,asmeta,55,20,1100,43,5299.0
16443,test_55_20,asmeta,55,20,1100,44,5265.0
16444,test_55_20,asmeta,55,20,1100,45,5221.0
16445,test_55_20,asmeta,55,20,1100,46,5314.0
16446,test_55_20,asmeta,55,20,1100,47,5178.0
16447,test_55_20,asmeta,55,20,1100,48,5129.0
16448,test_55_20,asmeta,55,20,1100,49,5115.0
16449,test_55_20,asmeta,55,20,1100,50,5117.0
16450,test_60_20,asmeta,60,20,1200,1,7506.0
16451,test_60_20,asmeta,60,20,1200,2,6828.0
16452,test_60_20,asmeta,60,20,1200,3,6750.0
16453,test_60_20,asmeta,60,20,1200,4,6654.0
16454,test_60_20,asmeta,60,20,1200,5,6656.0
16455,test_60_20,asmeta,60,20,1200,6,6619.0
16456,test_60_20,asmeta,60,20,1200,7,6715.0
16457,test_60_20,asmeta,60,20,1200,8,6667.0
16458,test_60_20,asmeta,60,20,1200,9,6700.0
16459,test_60_20,asmeta,60,20,1200,10,6689.0
16460,test_60_20,asmeta,60,20,1200,11,6647.0
16461,test_60_20,asmeta,60,20,1200,12,6672.0
16462,test_60_20,asmeta,60,20,1200,13,6706.0
16463,test_60_20,asmeta,60,20,1200,14,6670.0
16464,test_60_20,asmeta,60,20,1200,15,6682.0
16465,test_60_20,asmeta,60,20,1200,16,6637.0
16466,test_60_20,asmeta,60,20,1200,17,6646.0
16467,test_60_20,asmeta,60,20,1200,18,6710.0
16468,test_60_20,asmeta,60,20,1200,19,6662.0
16469,test_60_20,asmeta,60,20,1200,20,6634.0
16470,test_60_20,asmeta,60,20,1200,21,6661.0
16471,test_60_20,asmeta,60,20,1200,22,6643.0
16472,test_60_20,asmeta,60,20,1200,23,6628.0
16473,test_60_20,asmeta,60,20,1200,24,6661.0
16474,test_60_20,asmeta,60,20,1200,25,6706.0
16475,test_60_20,asmeta,60,20,1200,26,6644.0
16476,test_60_20,asmeta,60,20,1200,27,6651.0
16477,test_60_20,asmeta,60,20,1200,28,6642.0
16478,test_60_20,asmeta,60,20,1200,29,6621.0
16479,test_60_20,asmeta,60,20,1200,30,6663.0
16480,test_60_20,asmeta,60,20,1200,31,6618.0
16481,test_60_20,asmeta,60,20,1200,32,6615.0
16482,test_60_20,asmeta,60,20,1200,33,6666.0
16483,test_60_20,asmeta,60,20,1200,34,6674.0
16484,test_60_20,asmeta,60,20,1200,35,6664.0
16485,test_60_20,asmeta,60,20,1200,36,6673.0
16486,test_60_20,asmeta,60,20,1200,37,6657.0
16487,test_60_20,asmeta,60,20,1200,38,6682.0
16488,test_60_20,asmeta,60,20,1200,39,6670.0
16489,test_60_20,asmeta,60,20,1200,40,6658.0
16490,test_60_20,asmeta,60,20,1200,41,6604.0
16491,test_60_20,asmeta,60,20,1200,42,6682.0
16492,test_60_20,asmeta,60,20,1200,43,6654.0
16493,test_60_20,asmeta,60,20,1200,44,6655.0
16494,test_60_20,asmeta,60,20,1200,45,6661.0
16495,test_60_20,asmeta,60,20,1200,46,6654.0
16496,test_60_20,asmeta,60,20,1200,47,6613.0
16497,test_60_20,asmeta,60,20,1200,48,6643.0
16498,test_60_20,asmeta,60,20,1200,49,6652.0
16499,test_60_20,asmeta,60,20,1200,50,6651.0
